"模块","章序","章节","教材节","知识点","题号","教材页","PDF页"
"基础理论","1","总论","第一节 会计概述","会计的定义","C1-001","1","12"
"基础理论","1","总论","第一节 会计概述","会计的主要信息","C1-002","1","12"
"基础理论","1","总论","第一节 会计概述","会计的信息作用","C1-003","1","12"
"基础理论","1","总论","第一节 会计概述","会计的监督作用","C1-004","2","13"
"基础理论","1","总论","第一节 会计概述","会计与内部管理","C1-005","2","13"
"基础理论","1","总论","第一节 会计概述","会计与责任考核","C1-006","2","13"
"基础理论","1","总论","第一节 会计概述","会计人员职业道德","C1-007","3","14"
"基础理论","1","总论","第一节 会计概述","注册会计师诚信原则","C1-008","3","14"
"基础理论","1","总论","第一节 会计概述","注册会计师客观公正","C1-009","3","14"
"基础理论","1","总论","第一节 会计概述","注册会计师独立性","C1-010","3","14"
"基础理论","1","总论","第一节 会计概述","注册会计师保密","C1-011","3","14"
"基础理论","1","总论","第一节 会计概述","注册会计师专业胜任能力和勤勉尽责","C1-012","3","14"
"基础理论","1","总论","第一节 会计概述","注册会计师良好职业行为","C1-013","3","14"
"基础理论","1","总论","第一节 会计概述","单位会计主体责任","C1-014","4","15"
"基础理论","1","总论","第一节 会计概述","会计工作岗位分离","C1-015","4","15"
"基础理论","1","总论","第一节 会计概述","会计准则制定主体","C1-016","5","16"
"基础理论","1","总论","第一节 会计概述","企业会计准则体系","C1-017","5","16"
"基础理论","1","总论","第一节 会计概述","基本准则与具体准则","C1-018","6","17"
"基础理论","1","总论","第一节 会计概述","会计准则应用指南","C1-019","6","17"
"基础理论","1","总论","第二节 财务报告目标、会计基本假设和会计基础","财务报告目标的决策有用观","C1-020","7","18"
"基础理论","1","总论","第二节 财务报告目标、会计基本假设和会计基础","财务报告目标的受托责任观","C1-021","7","18"
"基础理论","1","总论","第二节 财务报告目标、会计基本假设和会计基础","两种目标的关系","C1-022","9","20"
"基础理论","1","总论","第二节 财务报告目标、会计基本假设和会计基础","我国财务报告目标","C1-023","8","19"
"基础理论","1","总论","第二节 财务报告目标、会计基本假设和会计基础","财务报告主要使用者","C1-024","8","19"
"基础理论","1","总论","第二节 财务报告目标、会计基本假设和会计基础","投资者的信息需求","C1-025","8","19"
"基础理论","1","总论","第二节 财务报告目标、会计基本假设和会计基础","债权人的信息需求","C1-026","8","19"
"基础理论","1","总论","第二节 财务报告目标、会计基本假设和会计基础","会计基本假设的类别","C1-027","9","20"
"基础理论","1","总论","第二节 财务报告目标、会计基本假设和会计基础","会计主体","C1-028","9","20"
"基础理论","1","总论","第二节 财务报告目标、会计基本假设和会计基础","会计主体与所有者","C1-029","10","21"
"基础理论","1","总论","第二节 财务报告目标、会计基本假设和会计基础","会计主体与法律主体","C1-030","10","21"
"基础理论","1","总论","第二节 财务报告目标、会计基本假设和会计基础","持续经营","C1-031","10","21"
"基础理论","1","总论","第二节 财务报告目标、会计基本假设和会计基础","持续经营的影响","C1-032","10","21"
"基础理论","1","总论","第二节 财务报告目标、会计基本假设和会计基础","会计分期","C1-033","11","22"
"基础理论","1","总论","第二节 财务报告目标、会计基本假设和会计基础","中期","C1-034","11","22"
"基础理论","1","总论","第二节 财务报告目标、会计基本假设和会计基础","货币计量","C1-035","11","22"
"基础理论","1","总论","第二节 财务报告目标、会计基本假设和会计基础","货币计量的局限","C1-036","11","22"
"基础理论","1","总论","第二节 财务报告目标、会计基本假设和会计基础","权责发生制","C1-037","11","22"
"基础理论","1","总论","第二节 财务报告目标、会计基本假设和会计基础","权责发生制与收付实现制","C1-038","12","23"
"基础理论","1","总论","第二节 财务报告目标、会计基本假设和会计基础","企业会计基础","C1-039","12","23"
"基础理论","1","总论","第三节 会计信息质量要求","八项信息质量要求","C1-040","12","23"
"基础理论","1","总论","第三节 会计信息质量要求","可靠性","C1-041","12","23"
"基础理论","1","总论","第三节 会计信息质量要求","完整性","C1-042","12","23"
"基础理论","1","总论","第三节 会计信息质量要求","中立性","C1-043","12","23"
"基础理论","1","总论","第三节 会计信息质量要求","相关性","C1-044","12","23"
"基础理论","1","总论","第三节 会计信息质量要求","相关性与可靠性","C1-045","13","24"
"基础理论","1","总论","第三节 会计信息质量要求","可理解性","C1-046","13","24"
"基础理论","1","总论","第三节 会计信息质量要求","可比性","C1-047","13","24"
"基础理论","1","总论","第三节 会计信息质量要求","同一企业不同时期可比","C1-048","13","24"
"基础理论","1","总论","第三节 会计信息质量要求","不同企业相同期间可比","C1-049","13","24"
"基础理论","1","总论","第三节 会计信息质量要求","实质重于形式","C1-050","14","25"
"基础理论","1","总论","第三节 会计信息质量要求","重要性","C1-051","14","25"
"基础理论","1","总论","第三节 会计信息质量要求","重要性判断","C1-052","14","25"
"基础理论","1","总论","第三节 会计信息质量要求","谨慎性","C1-053","14","25"
"基础理论","1","总论","第三节 会计信息质量要求","谨慎性的边界","C1-054","14","25"
"基础理论","1","总论","第三节 会计信息质量要求","及时性","C1-055","14","25"
"基础理论","1","总论","第三节 会计信息质量要求","及时性与可靠性","C1-056","15","26"
"基础理论","1","总论","第四节 会计要素及其确认与计量","六大会计要素","C1-057","15","26"
"基础理论","1","总论","第四节 会计要素及其确认与计量","财务状况与经营成果要素","C1-058","15","26"
"基础理论","1","总论","第四节 会计要素及其确认与计量","资产定义","C1-059","15","26"
"基础理论","1","总论","第四节 会计要素及其确认与计量","资产的未来经济利益","C1-060","15","26"
"基础理论","1","总论","第四节 会计要素及其确认与计量","资产的拥有或控制","C1-061","16","27"
"基础理论","1","总论","第四节 会计要素及其确认与计量","过去事项形成资产","C1-062","16","27"
"基础理论","1","总论","第四节 会计要素及其确认与计量","资产确认条件","C1-063","16","27"
"基础理论","1","总论","第四节 会计要素及其确认与计量","资产经济利益流入判断","C1-064","16","27"
"基础理论","1","总论","第四节 会计要素及其确认与计量","负债定义","C1-065","16","27"
"基础理论","1","总论","第四节 会计要素及其确认与计量","现时义务","C1-066","16","27"
"基础理论","1","总论","第四节 会计要素及其确认与计量","法定义务和推定义务","C1-067","17","28"
"基础理论","1","总论","第四节 会计要素及其确认与计量","负债的偿还方式","C1-068","17","28"
"基础理论","1","总论","第四节 会计要素及其确认与计量","负债确认条件","C1-069","17","28"
"基础理论","1","总论","第四节 会计要素及其确认与计量","所有者权益定义","C1-070","17","28"
"基础理论","1","总论","第四节 会计要素及其确认与计量","所有者权益来源","C1-071","18","29"
"基础理论","1","总论","第四节 会计要素及其确认与计量","所有者权益确认","C1-072","18","29"
"基础理论","1","总论","第四节 会计要素及其确认与计量","收入定义","C1-073","18","29"
"基础理论","1","总论","第四节 会计要素及其确认与计量","收入与日常活动","C1-074","18","29"
"基础理论","1","总论","第四节 会计要素及其确认与计量","收入与所有者投入区分","C1-075","18","29"
"基础理论","1","总论","第四节 会计要素及其确认与计量","收入与借款区分","C1-076","18","29"
"基础理论","1","总论","第四节 会计要素及其确认与计量","收入确认时点","C1-077","18","29"
"基础理论","1","总论","第四节 会计要素及其确认与计量","费用定义","C1-078","19","30"
"基础理论","1","总论","第四节 会计要素及其确认与计量","费用与利润分配区分","C1-079","19","30"
"基础理论","1","总论","第四节 会计要素及其确认与计量","费用确认条件","C1-080","19","30"
"基础理论","1","总论","第四节 会计要素及其确认与计量","利润定义","C1-081","19","30"
"基础理论","1","总论","第四节 会计要素及其确认与计量","利润来源构成","C1-082","19","30"
"基础理论","1","总论","第四节 会计要素及其确认与计量","历史成本","C1-083","20","31"
"基础理论","1","总论","第四节 会计要素及其确认与计量","重置成本","C1-084","20","31"
"基础理论","1","总论","第四节 会计要素及其确认与计量","可变现净值","C1-085","20","31"
"基础理论","1","总论","第四节 会计要素及其确认与计量","现值","C1-086","20","31"
"基础理论","1","总论","第四节 会计要素及其确认与计量","公允价值","C1-087","20","31"
"基础理论","1","总论","第四节 会计要素及其确认与计量","计量属性的一般原则","C1-088","21","32"
"基础理论","1","总论","第四节 会计要素及其确认与计量","公允价值使用边界","C1-089","21","32"
"基础理论","1","总论","第五节 财务报告","财务报告的定义","C1-090","22","33"
"基础理论","1","总论","第五节 财务报告","财务报告的系统性","C1-091","22","33"
"基础理论","1","总论","第五节 财务报告","财务报告的构成","C1-092","22","33"
"基础理论","1","总论","第五节 财务报告","财务报表的组成","C1-093","22","33"
"基础理论","1","总论","第五节 财务报告","财务报表附注","C1-094","22","33"
"基础理论","1","总论","第五节 财务报告","财务报告的非财务信息","C1-095","22","33"
"基础理论","1","总论","第六节 可持续信息披露","ESG含义","C1-096","23","34"
"基础理论","1","总论","第六节 可持续信息披露","可持续议题","C1-097","23","34"
"基础理论","1","总论","第六节 可持续信息披露","可持续信息定义","C1-098","23","34"
"基础理论","1","总论","第六节 可持续信息披露","可持续风险和机遇","C1-099","23","34"
"基础理论","1","总论","第六节 可持续信息披露","可持续机遇","C1-100","23","34"
"基础理论","1","总论","第六节 可持续信息披露","可持续影响","C1-101","23","34"
"基础理论","1","总论","第六节 可持续信息披露","可持续信息使用者","C1-102","24","35"
"基础理论","1","总论","第六节 可持续信息披露","可持续披露的目标","C1-103","24","35"
"基础理论","1","总论","第六节 可持续信息披露","双重重要性","C1-104","24","35"
"基础理论","1","总论","第六节 可持续信息披露","可持续信息的报告边界","C1-105","24","35"
"基础理论","1","总论","第六节 可持续信息披露","价值链信息","C1-106","25","36"
"基础理论","1","总论","第六节 可持续信息披露","可持续信息可靠性","C1-107","25","36"
"基础理论","1","总论","第六节 可持续信息披露","可持续信息相关性","C1-108","25","36"
"基础理论","1","总论","第六节 可持续信息披露","可持续信息可比性","C1-109","25","36"
"基础理论","1","总论","第六节 可持续信息披露","可持续信息可验证性","C1-110","25","36"
"基础理论","1","总论","第六节 可持续信息披露","可持续信息可理解性","C1-111","26","37"
"基础理论","1","总论","第六节 可持续信息披露","可持续信息及时性","C1-112","26","37"
"基础理论","1","总论","第六节 可持续信息披露","可持续披露四核心要素","C1-113","26","37"
"基础理论","1","总论","第六节 可持续信息披露","治理","C1-114","26","37"
"基础理论","1","总论","第六节 可持续信息披露","战略","C1-115","27","38"
"基础理论","1","总论","第六节 可持续信息披露","短中长期时间范围","C1-116","27","38"
"基础理论","1","总论","第六节 可持续信息披露","气候物理风险与转型风险","C1-117","28","39"
"基础理论","1","总论","第六节 可持续信息披露","风险和机遇管理","C1-118","29","40"
"基础理论","1","总论","第六节 可持续信息披露","指标和目标","C1-119","29","40"
"基础理论","1","总论","第六节 可持续信息披露","范围一与范围二排放","C1-120","30","41"
"基础理论","1","总论","第六节 可持续信息披露","绝对值指标","C1-121","30","41"
"基础理论","1","总论","第六节 可持续信息披露","目标进展","C1-122","30","41"
"基础理论","1","总论","第六节 可持续信息披露","可持续与财务信息关联","C1-123","31","42"
"基础理论","1","总论","第六节 可持续信息披露","披露货币一致性","C1-124","31","42"
"基础理论","1","总论","第七节 人工智能在会计审计领域的应用","人工智能概述","C1-125","31","42"
"基础理论","1","总论","第七节 人工智能在会计审计领域的应用","光学字符识别","C1-126","31","42"
"基础理论","1","总论","第七节 人工智能在会计审计领域的应用","会计凭证自动处理","C1-127","31","42"
"基础理论","1","总论","第七节 人工智能在会计审计领域的应用","会计智能分析","C1-128","31","42"
"基础理论","1","总论","第七节 人工智能在会计审计领域的应用","会计风险控制","C1-129","32","43"
"基础理论","1","总论","第七节 人工智能在会计审计领域的应用","审计数据采集与分析","C1-130","32","43"
"基础理论","1","总论","第七节 人工智能在会计审计领域的应用","审计风险评估","C1-131","32","43"
"基础理论","1","总论","第七节 人工智能在会计审计领域的应用","审计程序自动化","C1-132","32","43"
"基础理论","1","总论","第七节 人工智能在会计审计领域的应用","审计质量复核","C1-133","32","43"
"基础理论","1","总论","第七节 人工智能在会计审计领域的应用","数据安全","C1-134","33","44"
"基础理论","1","总论","第七节 人工智能在会计审计领域的应用","会计人员最终责任","C1-135","32","43"
"基础理论","1","总论","第七节 人工智能在会计审计领域的应用","人工智能的职业道德导向","C1-136","32","43"
"基础理论","1","总论","第七节 人工智能在会计审计领域的应用","以人为本使用人工智能","C1-137","32","43"
"基础理论","1","总论","第七节 人工智能在会计审计领域的应用","人工智能可解释性","C1-138","33","44"
"基础理论","2","存货","第一节 存货的确认和初始计量","存货的定义","C2-01","34","45"
"基础理论","2","存货","第一节 存货的确认和初始计量","在产品与产成品","C2-02","34","45"
"基础理论","2","存货","第一节 存货的确认和初始计量","周转材料","C2-03","34","45"
"基础理论","2","存货","第一节 存货的确认和初始计量","存货与固定资产的边界","C2-04","34","45"
"基础理论","2","存货","第一节 存货的确认和初始计量","存货确认条件","C2-05","35","46"
"基础理论","2","存货","第一节 存货的确认和初始计量","存货初始计量","C2-06","35","46"
"基础理论","2","存货","第一节 存货的确认和初始计量","计划成本与实际成本","C2-07","35","46"
"基础理论","2","存货","第一节 存货的确认和初始计量","外购存货采购成本","C2-08","35","46"
"基础理论","2","存货","第一节 存货的确认和初始计量","可抵扣增值税进项税额","C2-09","35","46"
"基础理论","2","存货","第一节 存货的确认和初始计量","采购途中合理损耗","C2-10","35","46"
"基础理论","2","存货","第一节 存货的确认和初始计量","采购短缺的处理","C2-11","36","47"
"基础理论","2","存货","第一节 存货的确认和初始计量","加工成本的构成","C2-12","36","47"
"基础理论","2","存货","第一节 存货的确认和初始计量","制造费用的构成","C2-13","36","47"
"基础理论","2","存货","第一节 存货的确认和初始计量","加工成本分配","C2-14","37","48"
"基础理论","2","存货","第一节 存货的确认和初始计量","投资者投入存货","C2-15","37","48"
"基础理论","2","存货","第一节 存货的确认和初始计量","盘盈存货初始成本","C2-16","37","48"
"基础理论","2","存货","第一节 存货的确认和初始计量","异常消耗不计入存货成本","C2-17","37","48"
"基础理论","2","存货","第二节 发出存货的计量","相似存货使用一致方法","C2-18","38","49"
"基础理论","2","存货","第二节 发出存货的计量","发出存货允许的方法","C2-19","38","49"
"基础理论","2","存货","第二节 发出存货的计量","先进先出法","C2-20","38","49"
"基础理论","2","存货","第二节 发出存货的计量","先进先出法简单计算","C2-21","38","49"
"基础理论","2","存货","第二节 发出存货的计量","移动加权平均法","C2-22","38","49"
"基础理论","2","存货","第二节 发出存货的计量","月末一次加权平均法","C2-23","39","50"
"基础理论","2","存货","第二节 发出存货的计量","个别计价法","C2-24","39","50"
"基础理论","2","存货","第二节 发出存货的计量","已售存货成本结转","C2-25","39","50"
"基础理论","2","存货","第三节 期末存货的计量","成本与可变现净值孰低","C2-26","40","51"
"基础理论","2","存货","第三节 期末存货的计量","存货跌价准备的计提","C2-27","40","51"
"基础理论","2","存货","第三节 期末存货的计量","可变现净值的计算","C2-28","40","51"
"基础理论","2","存货","第三节 期末存货的计量","持有目的影响可变现净值","C2-29","41","52"
"基础理论","2","存货","第三节 期末存货的计量","有销售合同的可变现净值","C2-30","41","52"
"基础理论","2","存货","第三节 期末存货的计量","超出合同数量的存货","C2-31","41","52"
"基础理论","2","存货","第三节 期末存货的计量","无销售合同的商品","C2-32","42","53"
"基础理论","2","存货","第三节 期末存货的计量","生产用材料期末计量","C2-33","42","53"
"基础理论","2","存货","第三节 期末存货的计量","生产用材料减值","C2-34","42","53"
"基础理论","2","存货","第三节 期末存货的计量","确定可变现净值的证据","C2-35","41","52"
"基础理论","2","存货","第三节 期末存货的计量","资产负债表日后事项的影响","C2-36","41","52"
"基础理论","2","存货","第三节 期末存货的计量","按单项计提跌价准备","C2-37","42","53"
"基础理论","2","存货","第三节 期末存货的计量","按类别计提跌价准备","C2-38","42","53"
"基础理论","2","存货","第三节 期末存货的计量","存货减值迹象","C2-39","43","54"
"基础理论","2","存货","第三节 期末存货的计量","可变现净值为零的情况","C2-40","43","54"
"基础理论","2","存货","第三节 期末存货的计量","不同价格部分分别比较","C2-41","43","54"
"基础理论","2","存货","第三节 期末存货的计量","存货跌价准备转回条件","C2-42","43","54"
"基础理论","2","存货","第三节 期末存货的计量","跌价准备转回金额","C2-43","44","55"
"基础理论","2","存货","第三节 期末存货的计量","跌价准备转回上限","C2-44","44","55"
"基础理论","2","存货","第三节 期末存货的计量","已售存货跌价准备结转","C2-45","44","55"
"基础理论","2","存货","第四节 存货的清查盘点","存货盘点的目的","C2-46","44","55"
"基础理论","2","存货","第四节 存货的清查盘点","一般短缺的损益归属","C2-47","45","56"
"基础理论","2","存货","第四节 存货的清查盘点","非常原因造成毁损","C2-48","45","56"
"基础理论","2","存货","第四节 存货的清查盘点","盘盈存货处理","C2-49","45","56"
"基础理论","2","存货","第五节 存货的列示与披露","资产负债表存货列示","C2-50","45","56"
"基础理论","2","存货","第五节 存货的列示与披露","存货附注披露","C2-51","45","56"
"基础理论","2","存货","第五节 存货的列示与披露","确认为存货的数据资源","C2-52","45","56"
"基础理论","2","存货","第五节 存货的列示与披露","数据资源存货附注信息","C2-53","46","57"
"基础理论","2","存货","第一节 存货的确认和初始计量","服务合同履约成本的边界","C2-54","34","45"
"基础理论","2","存货","第一节 存货的确认和初始计量","外购成本简单计算","C2-55","35","46"
"基础理论","2","存货","第一节 存货的确认和初始计量","仓储费用的处理","C2-56","37","48"
"基础理论","2","存货","第一节 存货的确认和初始计量","其他取得方式的存货","C2-57","37","48"
"基础理论","2","存货","第二节 发出存货的计量","材料发出成本结转","C2-58","39","50"
"基础理论","2","存货","第二节 发出存货的计量","周转材料分次计入成本费用","C2-59","39","50"
"基础理论","2","存货","第五节 存货的列示与披露","用于担保的存货披露","C2-60","46","57"
"基础理论","3","固定资产","第一节 固定资产的确认和初始计量","固定资产的有形特征","CH3-001","47","58"
"基础理论","3","固定资产","第一节 固定资产的确认和初始计量","固定资产的持有目的","CH3-002","47","58"
"基础理论","3","固定资产","第一节 固定资产的确认和初始计量","固定资产的使用寿命","CH3-003","47","58"
"基础理论","3","固定资产","第一节 固定资产的确认和初始计量","经营租赁建筑物分类","CH3-004","47","58"
"基础理论","3","固定资产","第一节 固定资产的确认和初始计量","低值周转材料分类","CH3-005","48","59"
"基础理论","3","固定资产","第一节 固定资产的确认和初始计量","高价周转件分类","CH3-006","48","59"
"基础理论","3","固定资产","第一节 固定资产的确认和初始计量","固定资产组成部分单独确认","CH3-007","48","59"
"基础理论","3","固定资产","第一节 固定资产的确认和初始计量","安全环保设备的确认","CH3-008","48","59"
"基础理论","3","固定资产","第一节 固定资产的确认和初始计量","确认条件：经济利益","CH3-009","48","59"
"基础理论","3","固定资产","第一节 固定资产的确认和初始计量","确认条件：成本计量","CH3-010","48","59"
"基础理论","3","固定资产","第一节 固定资产的确认和初始计量","竣工决算前暂估入账","CH3-011","48","59"
"基础理论","3","固定资产","第一节 固定资产的确认和初始计量","初始成本的时间边界","CH3-012","48","59"
"基础理论","3","固定资产","第一节 固定资产的确认和初始计量","外购成本及可抵扣增值税","CH3-013","48","59"
"基础理论","3","固定资产","第一节 固定资产的确认和初始计量","外购相关费用","CH3-014","48","59"
"基础理论","3","固定资产","第一节 固定资产的确认和初始计量","无需安装资产的可使用状态","CH3-015","48","59"
"基础理论","3","固定资产","第一节 固定资产的确认和初始计量","需安装资产的可使用状态","CH3-016","49","60"
"基础理论","3","固定资产","第一节 固定资产的确认和初始计量","一揽子采购的成本分摊","CH3-017","49","60"
"基础理论","3","固定资产","第一节 固定资产的确认和初始计量","延期付款具有融资性质","CH3-018","49","60"
"基础理论","3","固定资产","第一节 固定资产的确认和初始计量","延期付款融资费用的资本化边界","CH3-019","50","61"
"基础理论","3","固定资产","第一节 固定资产的确认和初始计量","可使用后融资费用的处理","CH3-020","51","62"
"基础理论","3","固定资产","第一节 固定资产的确认和初始计量","自建固定资产成本","CH3-021","51","62"
"基础理论","3","固定资产","第一节 固定资产的确认和初始计量","测试费用计入成本","CH3-022","51","62"
"基础理论","3","固定资产","第一节 固定资产的确认和初始计量","试运行销售不得冲减成本","CH3-023","51","62"
"基础理论","3","固定资产","第一节 固定资产的确认和初始计量","自营工程直接成本","CH3-024","52","63"
"基础理论","3","固定资产","第一节 固定资产的确认和初始计量","工程物资毁损净额","CH3-025","52","63"
"基础理论","3","固定资产","第一节 固定资产的确认和初始计量","安全生产费用形成固定资产","CH3-026","52","63"
"基础理论","3","固定资产","第一节 固定资产的确认和初始计量","出包工程单项工程核算","CH3-027","53","64"
"基础理论","3","固定资产","第一节 固定资产的确认和初始计量","出包工程成本构成","CH3-028","53","64"
"基础理论","3","固定资产","第一节 固定资产的确认和初始计量","出包工程待摊支出分配","CH3-029","53","64"
"基础理论","3","固定资产","第一节 固定资产的确认和初始计量","建造取得土地使用权","CH3-030","53","64"
"基础理论","3","固定资产","第一节 固定资产的确认和初始计量","投资者投入成本","CH3-031","54","65"
"基础理论","3","固定资产","第一节 固定资产的确认和初始计量","投入价值不公允","CH3-032","54","65"
"基础理论","3","固定资产","第一节 固定资产的确认和初始计量","其他取得方式的准则衔接","CH3-033","54","65"
"基础理论","3","固定资产","第一节 固定资产的确认和初始计量","弃置义务计入初始成本","CH3-034","54","65"
"基础理论","3","固定资产","第一节 固定资产的确认和初始计量","弃置费用与日常报废清理区别","CH3-035","54","65"
"基础理论","3","固定资产","第一节 固定资产的确认和初始计量","弃置负债利息","CH3-036","55","66"
"基础理论","3","固定资产","第一节 固定资产的确认和初始计量","弃置负债估计增加","CH3-037","54","65"
"基础理论","3","固定资产","第一节 固定资产的确认和初始计量","弃置负债估计减少","CH3-038","54","65"
"基础理论","3","固定资产","第二节 固定资产的后续计量","折旧的含义","CH3-039","56","67"
"基础理论","3","固定资产","第二节 固定资产的后续计量","使用寿命的计量方式","CH3-040","56","67"
"基础理论","3","固定资产","第二节 固定资产的后续计量","使用寿命估计因素","CH3-041","56","67"
"基础理论","3","固定资产","第二节 固定资产的后续计量","预计净残值","CH3-042","56","67"
"基础理论","3","固定资产","第二节 固定资产的后续计量","减值后的折旧基础","CH3-043","56","67"
"基础理论","3","固定资产","第二节 固定资产的后续计量","不计提折旧的例外","CH3-044","56","67"
"基础理论","3","固定资产","第二节 固定资产的后续计量","闲置资产折旧","CH3-045","57","68"
"基础理论","3","固定资产","第二节 固定资产的后续计量","当月增加固定资产折旧时点","CH3-046","57","68"
"基础理论","3","固定资产","第二节 固定资产的后续计量","当月减少固定资产折旧时点","CH3-047","57","68"
"基础理论","3","固定资产","第二节 固定资产的后续计量","提前报废与已提足折旧","CH3-048","57","68"
"基础理论","3","固定资产","第二节 固定资产的后续计量","暂估入账后的决算调整","CH3-049","57","68"
"基础理论","3","固定资产","第二节 固定资产的后续计量","折旧方法选择依据","CH3-050","57","68"
"基础理论","3","固定资产","第二节 固定资产的后续计量","重要组成部分分别折旧","CH3-051","57","68"
"基础理论","3","固定资产","第二节 固定资产的后续计量","收入不能作为折旧基础","CH3-052","57","68"
"基础理论","3","固定资产","第二节 固定资产的后续计量","年限平均法计算","CH3-053","57","68"
"基础理论","3","固定资产","第二节 固定资产的后续计量","工作量法计算","CH3-054","58","69"
"基础理论","3","固定资产","第二节 固定资产的后续计量","双倍余额递减法首年折旧","CH3-055","58","69"
"基础理论","3","固定资产","第二节 固定资产的后续计量","双倍余额递减法末两年","CH3-056","58","69"
"基础理论","3","固定资产","第二节 固定资产的后续计量","年数总和法计算","CH3-057","59","70"
"基础理论","3","固定资产","第二节 固定资产的后续计量","加速折旧的特点","CH3-058","59","70"
"基础理论","3","固定资产","第二节 固定资产的后续计量","制造与管理部门折旧归属","CH3-059","59","70"
"基础理论","3","固定资产","第二节 固定资产的后续计量","销售部门和经营出租折旧归属","CH3-060","59","70"
"基础理论","3","固定资产","第二节 固定资产的后续计量","自建过程使用固定资产折旧归属","CH3-061","59","70"
"基础理论","3","固定资产","第二节 固定资产的后续计量","折旧参数年末复核","CH3-062","59","70"
"基础理论","3","固定资产","第二节 固定资产的后续计量","使用寿命和残值变更","CH3-063","60","71"
"基础理论","3","固定资产","第二节 固定资产的后续计量","折旧方法变更依据","CH3-064","60","71"
"基础理论","3","固定资产","第二节 固定资产的后续计量","后续支出资本化判断","CH3-065","61","72"
"基础理论","3","固定资产","第二节 固定资产的后续计量","改扩建转在建工程","CH3-066","61","72"
"基础理论","3","固定资产","第二节 固定资产的后续计量","改扩建期间折旧","CH3-067","61","72"
"基础理论","3","固定资产","第二节 固定资产的后续计量","改扩建完成后的折旧","CH3-068","61","72"
"基础理论","3","固定资产","第二节 固定资产的后续计量","替换部件的终止确认","CH3-069","62","73"
"基础理论","3","固定资产","第二节 固定资产的后续计量","不符合资本化条件的维修","CH3-070","63","74"
"基础理论","3","固定资产","第二节 固定资产的后续计量","生产设备日常维修归属","CH3-071","64","75"
"基础理论","3","固定资产","第二节 固定资产的后续计量","行政与销售设备维修归属","CH3-072","64","75"
"基础理论","3","固定资产","第三节 固定资产的处置","处置导致终止确认","CH3-073","64","75"
"基础理论","3","固定资产","第三节 固定资产的处置","不再产生经济利益的终止确认","CH3-074","64","75"
"基础理论","3","固定资产","第三节 固定资产的处置","转入固定资产清理","CH3-075","64","75"
"基础理论","3","固定资产","第三节 固定资产的处置","清理费用处理","CH3-076","64","75"
"基础理论","3","固定资产","第三节 固定资产的处置","出售收入和残料收入处理","CH3-077","65","76"
"基础理论","3","固定资产","第三节 固定资产的处置","保险赔偿的清理处理","CH3-078","65","76"
"基础理论","3","固定资产","第三节 固定资产的处置","正常出售净损益归属","CH3-079","65","76"
"基础理论","3","固定资产","第三节 固定资产的处置","报废毁损净损益归属","CH3-080","65","76"
"基础理论","3","固定资产","第三节 固定资产的处置","固定资产盘盈","CH3-081","65","76"
"基础理论","3","固定资产","第三节 固定资产的处置","固定资产盘亏","CH3-082","65","76"
"资产与投资","4","无形资产","第一节 无形资产的确认和初始计量","无形资产定义","CH4-001","66","77"
"资产与投资","4","无形资产","第一节 无形资产的确认和初始计量","控制与所有权","CH4-002","66","77"
"资产与投资","4","无形资产","第一节 无形资产的确认和初始计量","软件与硬件的分类","CH4-003","66","77"
"资产与投资","4","无形资产","第一节 无形资产的确认和初始计量","可辨认性的分离标准","CH4-004","67","78"
"资产与投资","4","无形资产","第一节 无形资产的确认和初始计量","合同或法定权利的可辨认性","CH4-005","67","78"
"资产与投资","4","无形资产","第一节 无形资产的确认和初始计量","商誉与无形资产区别","CH4-006","67","78"
"资产与投资","4","无形资产","第一节 无形资产的确认和初始计量","客户关系和人力资源","CH4-007","67","78"
"资产与投资","4","无形资产","第一节 无形资产的确认和初始计量","内部产生的品牌","CH4-008","67","78"
"资产与投资","4","无形资产","第一节 无形资产的确认和初始计量","非货币性与应收款区分","CH4-009","67","78"
"资产与投资","4","无形资产","第一节 无形资产的确认和初始计量","专利权内容","CH4-010","68","79"
"资产与投资","4","无形资产","第一节 无形资产的确认和初始计量","非专利技术","CH4-011","68","79"
"资产与投资","4","无形资产","第一节 无形资产的确认和初始计量","商标权与著作权","CH4-012","68","79"
"资产与投资","4","无形资产","第一节 无形资产的确认和初始计量","特许权","CH4-013","69","80"
"资产与投资","4","无形资产","第一节 无形资产的确认和初始计量","土地使用权","CH4-014","69","80"
"资产与投资","4","无形资产","第一节 无形资产的确认和初始计量","经济利益确认条件","CH4-015","69","80"
"资产与投资","4","无形资产","第一节 无形资产的确认和初始计量","成本可靠计量条件","CH4-016","69","80"
"资产与投资","4","无形资产","第一节 无形资产的确认和初始计量","外购无形资产成本","CH4-017","70","81"
"资产与投资","4","无形资产","第一节 无形资产的确认和初始计量","达到预定用途后支出","CH4-018","70","81"
"资产与投资","4","无形资产","第一节 无形资产的确认和初始计量","外购数据资源加工成本","CH4-019","70","81"
"资产与投资","4","无形资产","第一节 无形资产的确认和初始计量","延期支付购买价款","CH4-020","70","81"
"资产与投资","4","无形资产","第一节 无形资产的确认和初始计量","投资者投入的无形资产","CH4-021","72","83"
"资产与投资","4","无形资产","第一节 无形资产的确认和初始计量","政府补助取得的无形资产","CH4-022","73","84"
"资产与投资","4","无形资产","第一节 无形资产的确认和初始计量","自建厂房的土地使用权","CH4-023","73","84"
"资产与投资","4","无形资产","第一节 无形资产的确认和初始计量","房地产开发企业待售房屋用地","CH4-024","73","84"
"资产与投资","4","无形资产","第一节 无形资产的确认和初始计量","外购房地无法分配价款","CH4-025","73","84"
"资产与投资","4","无形资产","第一节 无形资产的确认和初始计量","非同一控制下合并取得无形资产","CH4-026","74","85"
"资产与投资","4","无形资产","第二节 内部研究开发支出的确认和计量","研究与开发分阶段","CH4-027","75","86"
"资产与投资","4","无形资产","第二节 内部研究开发支出的确认和计量","研究阶段的特点","CH4-028","75","86"
"资产与投资","4","无形资产","第二节 内部研究开发支出的确认和计量","研究阶段费用化","CH4-029","75","86"
"资产与投资","4","无形资产","第二节 内部研究开发支出的确认和计量","开发阶段的特点","CH4-030","76","87"
"资产与投资","4","无形资产","第二节 内部研究开发支出的确认和计量","开发支出资本化总原则","CH4-031","76","87"
"资产与投资","4","无形资产","第二节 内部研究开发支出的确认和计量","技术可行性","CH4-032","76","87"
"资产与投资","4","无形资产","第二节 内部研究开发支出的确认和计量","完成并使用或出售的意图","CH4-033","77","88"
"资产与投资","4","无形资产","第二节 内部研究开发支出的确认和计量","经济利益的证明","CH4-034","77","88"
"资产与投资","4","无形资产","第二节 内部研究开发支出的确认和计量","资源支持","CH4-035","78","89"
"资产与投资","4","无形资产","第二节 内部研究开发支出的确认和计量","开发支出可靠计量","CH4-036","78","89"
"资产与投资","4","无形资产","第二节 内部研究开发支出的确认和计量","数据资源来源合法合规","CH4-037","78","89"
"资产与投资","4","无形资产","第二节 内部研究开发支出的确认和计量","内部开发成本范围","CH4-038","79","90"
"资产与投资","4","无形资产","第二节 内部研究开发支出的确认和计量","内部开发成本排除项目","CH4-039","79","90"
"资产与投资","4","无形资产","第二节 内部研究开发支出的确认和计量","已费用化支出不得冲回","CH4-040","79","90"
"资产与投资","4","无形资产","第二节 内部研究开发支出的确认和计量","无法区分研发阶段","CH4-041","79","90"
"资产与投资","4","无形资产","第二节 内部研究开发支出的确认和计量","研发项目达到预定用途","CH4-042","80","91"
"资产与投资","4","无形资产","第二节 内部研究开发支出的确认和计量","研发支出金额辨析","CH4-043","80","91"
"资产与投资","4","无形资产","第三节 无形资产的后续计量","无形资产账面价值","CH4-044","80","91"
"资产与投资","4","无形资产","第三节 无形资产的后续计量","有限与不确定使用寿命","CH4-045","81","92"
"资产与投资","4","无形资产","第三节 无形资产的后续计量","法律期限与预期使用期限","CH4-046","81","92"
"资产与投资","4","无形资产","第三节 无形资产的后续计量","续约期纳入使用寿命","CH4-047","82","93"
"资产与投资","4","无形资产","第三节 无形资产的后续计量","不确定使用寿命证据","CH4-048","82","93"
"资产与投资","4","无形资产","第三节 无形资产的后续计量","有限寿命年度复核","CH4-049","82","93"
"资产与投资","4","无形资产","第三节 无形资产的后续计量","不确定寿命复核","CH4-050","82","93"
"资产与投资","4","无形资产","第三节 无形资产的后续计量","摊销开始时点","CH4-051","83","94"
"资产与投资","4","无形资产","第三节 无形资产的后续计量","应摊销金额","CH4-052","83","94"
"资产与投资","4","无形资产","第三节 无形资产的后续计量","摊销方法","CH4-053","83","94"
"资产与投资","4","无形资产","第三节 无形资产的后续计量","摊销计入产品成本","CH4-054","83","94"
"资产与投资","4","无形资产","第三节 无形资产的后续计量","持有待售无形资产摊销","CH4-055","83","94"
"资产与投资","4","无形资产","第三节 无形资产的后续计量","收入法摊销限制","CH4-056","83","94"
"资产与投资","4","无形资产","第三节 无形资产的后续计量","残值通常为零","CH4-057","83","94"
"资产与投资","4","无形资产","第三节 无形资产的后续计量","残值高于账面价值","CH4-058","84","95"
"资产与投资","4","无形资产","第三节 无形资产的后续计量","不确定寿命减值测试","CH4-059","85","96"
"资产与投资","4","无形资产","第三节 无形资产的后续计量","有限寿命减值测试","CH4-060","85","96"
"资产与投资","4","无形资产","第三节 无形资产的后续计量","减值准备转回限制","CH4-061","85","96"
"资产与投资","4","无形资产","第四节 无形资产的处置","处置与终止确认","CH4-062","85","96"
"资产与投资","4","无形资产","第四节 无形资产的处置","出售无形资产损益","CH4-063","86","97"
"资产与投资","4","无形资产","第四节 无形资产的处置","报废无形资产","CH4-064","86","97"
"资产与投资","4","无形资产","第五节 无形资产的列示与披露","资产负债表无形资产净额","CH4-065","86","97"
"资产与投资","4","无形资产","第五节 无形资产的列示与披露","开发支出项目","CH4-066","86","97"
"资产与投资","4","无形资产","第五节 无形资产的列示与披露","利润表研发费用","CH4-067","86","97"
"资产与投资","4","无形资产","第五节 无形资产的列示与披露","无形资产附注披露","CH4-068","86","97"
"资产与投资","4","无形资产","第五节 无形资产的列示与披露","重要单项知识产权披露","CH4-069","87","98"
"资产与投资","4","无形资产","第五节 无形资产的列示与披露","数据资源列示","CH4-070","86","97"
"资产与投资","4","无形资产","第五节 无形资产的列示与披露","数据资源附注披露","CH4-071","87","98"
"资产与投资","4","无形资产","第五节 无形资产的列示与披露","未确认数据资源自愿披露","CH4-072","88","99"
"资产与投资","4","无形资产","第五节 无形资产的列示与披露","数据资源评估重要信息披露","CH4-073","88","99"
"资产与投资","5","投资性房地产","第一节 投资性房地产的特征与范围","投资性房地产定义","CH5-001","89","100"
"资产与投资","5","投资性房地产","第一节 投资性房地产的特征与范围","投资性房地产与自用房地产","CH5-002","89","100"
"资产与投资","5","投资性房地产","第一节 投资性房地产的特征与范围","投资性房地产与存货","CH5-003","89","100"
"资产与投资","5","投资性房地产","第一节 投资性房地产的特征与范围","单独计量和出售","CH5-004","92","103"
"资产与投资","5","投资性房地产","第一节 投资性房地产的特征与范围","已出租土地使用权","CH5-005","90","101"
"资产与投资","5","投资性房地产","第一节 投资性房地产的特征与范围","持有增值土地使用权","CH5-006","90","101"
"资产与投资","5","投资性房地产","第一节 投资性房地产的特征与范围","闲置土地排除","CH5-007","90","101"
"资产与投资","5","投资性房地产","第一节 投资性房地产的特征与范围","转租土地不属投资性房地产","CH5-008","90","101"
"资产与投资","5","投资性房地产","第一节 投资性房地产的特征与范围","已出租建筑物产权","CH5-009","90","101"
"资产与投资","5","投资性房地产","第一节 投资性房地产的特征与范围","转租建筑物不属投资性房地产","CH5-010","91","102"
"资产与投资","5","投资性房地产","第一节 投资性房地产的特征与范围","经营出租起始时点","CH5-011","91","102"
"资产与投资","5","投资性房地产","第一节 投资性房地产的特征与范围","空置建筑物的书面决议","CH5-012","91","102"
"资产与投资","5","投资性房地产","第一节 投资性房地产的特征与范围","附带服务不重大","CH5-013","91","102"
"资产与投资","5","投资性房地产","第一节 投资性房地产的特征与范围","职工宿舍","CH5-014","91","102"
"资产与投资","5","投资性房地产","第一节 投资性房地产的特征与范围","自营旅馆","CH5-015","91","102"
"资产与投资","5","投资性房地产","第一节 投资性房地产的特征与范围","开发企业待售土地","CH5-016","91","102"
"资产与投资","5","投资性房地产","第一节 投资性房地产的特征与范围","混合用途可分割","CH5-017","92","103"
"资产与投资","5","投资性房地产","第二节 投资性房地产的确认和初始计量","投资性房地产确认条件","CH5-018","92","103"
"资产与投资","5","投资性房地产","第二节 投资性房地产的确认和初始计量","已出租房地产确认时点","CH5-019","92","103"
"资产与投资","5","投资性房地产","第二节 投资性房地产的确认和初始计量","初始计量基础","CH5-020","92","103"
"资产与投资","5","投资性房地产","第二节 投资性房地产的确认和初始计量","外购成本组成","CH5-021","92","103"
"资产与投资","5","投资性房地产","第二节 投资性房地产的确认和初始计量","混合用途成本分配","CH5-022","92","103"
"资产与投资","5","投资性房地产","第二节 投资性房地产的确认和初始计量","自行建造的必要支出","CH5-023","93","104"
"资产与投资","5","投资性房地产","第二节 投资性房地产的确认和初始计量","建造非正常损失","CH5-024","93","104"
"资产与投资","5","投资性房地产","第二节 投资性房地产的确认和初始计量","转换初始入账基础","CH5-025","93","104"
"资产与投资","5","投资性房地产","第二节 投资性房地产的确认和初始计量","改扩建资本化","CH5-026","93","104"
"资产与投资","5","投资性房地产","第二节 投资性房地产的确认和初始计量","再开发期间分类","CH5-027","93","104"
"资产与投资","5","投资性房地产","第二节 投资性房地产的确认和初始计量","再开发期间折旧","CH5-028","93","104"
"资产与投资","5","投资性房地产","第二节 投资性房地产的确认和初始计量","日常维护费用化","CH5-029","94","105"
"资产与投资","5","投资性房地产","第三节 投资性房地产的后续计量","同一企业统一计量模式","CH5-030","94","105"
"资产与投资","5","投资性房地产","第三节 投资性房地产的后续计量","成本模式折旧","CH5-031","94","105"
"资产与投资","5","投资性房地产","第三节 投资性房地产的后续计量","成本模式租金","CH5-032","94","105"
"资产与投资","5","投资性房地产","第三节 投资性房地产的后续计量","成本模式减值","CH5-033","94","105"
"资产与投资","5","投资性房地产","第三节 投资性房地产的后续计量","公允价值模式前提","CH5-034","94","105"
"资产与投资","5","投资性房地产","第三节 投资性房地产的后续计量","活跃市场证据","CH5-035","94","105"
"资产与投资","5","投资性房地产","第三节 投资性房地产的后续计量","公允价值模式不折旧","CH5-036","95","106"
"资产与投资","5","投资性房地产","第三节 投资性房地产的后续计量","公允价值上升","CH5-037","95","106"
"资产与投资","5","投资性房地产","第三节 投资性房地产的后续计量","公允价值下降","CH5-038","95","106"
"资产与投资","5","投资性房地产","第三节 投资性房地产的后续计量","在建投资性房地产暂用成本","CH5-039","95","106"
"资产与投资","5","投资性房地产","第三节 投资性房地产的后续计量","非在建投资性房地产公允价值无法可靠取得","CH5-040","95","106"
"资产与投资","5","投资性房地产","第三节 投资性房地产的后续计量","公允价值估值参照","CH5-041","95","106"
"资产与投资","5","投资性房地产","第三节 投资性房地产的后续计量","公允价值计量市场视角","CH5-042","95","106"
"资产与投资","5","投资性房地产","第三节 投资性房地产的后续计量","成本改公允价值模式","CH5-043","96","107"
"资产与投资","5","投资性房地产","第三节 投资性房地产的后续计量","计量模式改变的差额","CH5-044","96","107"
"资产与投资","5","投资性房地产","第三节 投资性房地产的后续计量","公允价值改成本模式","CH5-045","96","107"
"资产与投资","5","投资性房地产","第四节 投资性房地产的转换和处置","房地产转换与模式变更区别","CH5-046","96","107"
"资产与投资","5","投资性房地产","第四节 投资性房地产的转换和处置","转换的确凿证据","CH5-047","96","107"
"资产与投资","5","投资性房地产","第四节 投资性房地产的转换和处置","投资性房地产转自用","CH5-048","96","107"
"资产与投资","5","投资性房地产","第四节 投资性房地产的转换和处置","出租转自用转换日","CH5-049","96","107"
"资产与投资","5","投资性房地产","第四节 投资性房地产的转换和处置","投资性房地产转存货前提","CH5-050","96","107"
"资产与投资","5","投资性房地产","第四节 投资性房地产的转换和处置","开发产品出租转换日","CH5-051","96","107"
"资产与投资","5","投资性房地产","第四节 投资性房地产的转换和处置","成本模式出租转自用","CH5-052","97","108"
"资产与投资","5","投资性房地产","第四节 投资性房地产的转换和处置","公允价值模式出租转自用","CH5-053","97","108"
"资产与投资","5","投资性房地产","第四节 投资性房地产的转换和处置","公允价值模式出租转存货","CH5-054","98","109"
"资产与投资","5","投资性房地产","第四节 投资性房地产的转换和处置","成本模式存货转出租","CH5-055","98","109"
"资产与投资","5","投资性房地产","第四节 投资性房地产的转换和处置","存货转公允价值模式上涨差额","CH5-056","99","110"
"资产与投资","5","投资性房地产","第四节 投资性房地产的转换和处置","存货转公允价值模式下降差额","CH5-057","99","110"
"资产与投资","5","投资性房地产","第四节 投资性房地产的转换和处置","自用转公允价值模式上涨差额","CH5-058","99","110"
"资产与投资","5","投资性房地产","第四节 投资性房地产的转换和处置","自用转公允价值模式下降差额","CH5-059","99","110"
"资产与投资","5","投资性房地产","第四节 投资性房地产的转换和处置","投资性房地产终止确认","CH5-060","100","111"
"资产与投资","5","投资性房地产","第四节 投资性房地产的转换和处置","处置损益计算","CH5-061","100","111"
"资产与投资","5","投资性房地产","第四节 投资性房地产的转换和处置","成本模式处置成本","CH5-062","100","111"
"资产与投资","5","投资性房地产","第四节 投资性房地产的转换和处置","公允价值模式处置原转换收益","CH5-063","100","111"
"资产与投资","6","长期股权投资与合营安排","第一节 基本概念","股权投资的含义","CH6-001","102","113"
"资产与投资","6","长期股权投资与合营安排","第一节 基本概念","长期股权投资适用范围","CH6-002","102","113"
"资产与投资","6","长期股权投资与合营安排","第一节 基本概念","分类依据","CH6-003","102","113"
"资产与投资","6","长期股权投资与合营安排","第一节 基本概念","重大影响定义","CH6-004","102","113"
"资产与投资","6","长期股权投资与合营安排","第一节 基本概念","联营企业","CH6-005","102","113"
"资产与投资","6","长期股权投资与合营安排","第一节 基本概念","表决权比例与重大影响","CH6-006","103","114"
"资产与投资","6","长期股权投资与合营安排","第一节 基本概念","少于20%仍可有重大影响","CH6-007","103","114"
"资产与投资","6","长期股权投资与合营安排","第一节 基本概念","董事会代表","CH6-008","103","114"
"资产与投资","6","长期股权投资与合营安排","第一节 基本概念","潜在表决权","CH6-009","103","114"
"资产与投资","6","长期股权投资与合营安排","第一节 基本概念","合营企业","CH6-010","104","115"
"资产与投资","6","长期股权投资与合营安排","第一节 基本概念","子公司投资","CH6-011","104","115"
"资产与投资","6","长期股权投资与合营安排","第一节 基本概念","共同经营与合营企业","CH6-012","104","115"
"资产与投资","6","长期股权投资与合营安排","第二节 长期股权投资的初始计量","对子公司投资确认日","CH6-013","105","116"
"资产与投资","6","长期股权投资与合营安排","第二节 长期股权投资的初始计量","购买日判断","CH6-014","105","116"
"资产与投资","6","长期股权投资与合营安排","第二节 长期股权投资的初始计量","现金取得联营投资成本","CH6-015","107","118"
"资产与投资","6","长期股权投资与合营安排","第二节 长期股权投资的初始计量","已宣告未发放股利","CH6-016","107","118"
"资产与投资","6","长期股权投资与合营安排","第二节 长期股权投资的初始计量","发行权益工具取得投资","CH6-017","107","118"
"资产与投资","6","长期股权投资与合营安排","第二节 长期股权投资的初始计量","权益证券发行费","CH6-018","107","118"
"资产与投资","6","长期股权投资与合营安排","第二节 长期股权投资的初始计量","同一控制下合并的基础","CH6-019","108","119"
"资产与投资","6","长期股权投资与合营安排","第二节 长期股权投资的初始计量","同控合并差额","CH6-020","109","120"
"资产与投资","6","长期股权投资与合营安排","第二节 长期股权投资的初始计量","同控合并不足冲减","CH6-021","109","120"
"资产与投资","6","长期股权投资与合营安排","第二节 长期股权投资的初始计量","同控合并不确认处置损益","CH6-022","110","121"
"资产与投资","6","长期股权投资与合营安排","第二节 长期股权投资的初始计量","非同一控制下合并成本","CH6-023","111","122"
"资产与投资","6","长期股权投资与合营安排","第二节 长期股权投资的初始计量","非同控合并直接费用","CH6-024","111","122"
"资产与投资","6","长期股权投资与合营安排","第二节 长期股权投资的初始计量","分步取得控制","CH6-025","113","124"
"资产与投资","6","长期股权投资与合营安排","第三节 长期股权投资的后续计量","子公司个别报表核算","CH6-026","114","125"
"资产与投资","6","长期股权投资与合营安排","第三节 长期股权投资的后续计量","联营和合营企业核算","CH6-027","114","125"
"资产与投资","6","长期股权投资与合营安排","第三节 长期股权投资的后续计量","成本法核心","CH6-028","114","125"
"资产与投资","6","长期股权投资与合营安排","第三节 长期股权投资的后续计量","成本法现金股利","CH6-029","115","126"
"资产与投资","6","长期股权投资与合营安排","第三节 长期股权投资的后续计量","股票股利","CH6-030","115","126"
"资产与投资","6","长期股权投资与合营安排","第三节 长期股权投资的后续计量","成本法减值迹象","CH6-031","115","126"
"资产与投资","6","长期股权投资与合营安排","第三节 长期股权投资的后续计量","权益法含义","CH6-032","116","127"
"资产与投资","6","长期股权投资与合营安排","第三节 长期股权投资的后续计量","权益法初始成本高于份额","CH6-033","117","128"
"资产与投资","6","长期股权投资与合营安排","第三节 长期股权投资的后续计量","权益法初始成本低于份额","CH6-034","117","128"
"资产与投资","6","长期股权投资与合营安排","第三节 长期股权投资的后续计量","初始成本简单计算","CH6-035","117","128"
"资产与投资","6","长期股权投资与合营安排","第三节 长期股权投资的后续计量","净利润公允价值调整","CH6-036","118","129"
"资产与投资","6","长期股权投资与合营安排","第三节 长期股权投资的后续计量","权益法净利润份额","CH6-037","118","129"
"资产与投资","6","长期股权投资与合营安排","第三节 长期股权投资的后续计量","会计政策和期间统一","CH6-038","117","128"
"资产与投资","6","长期股权投资与合营安排","第三节 长期股权投资的后续计量","权益法现金股利","CH6-039","123","134"
"资产与投资","6","长期股权投资与合营安排","第三节 长期股权投资的后续计量","未实现内部交易损益","CH6-040","120","131"
"资产与投资","6","长期股权投资与合营安排","第三节 长期股权投资的后续计量","投出业务与普通资产","CH6-041","121","132"
"资产与投资","6","长期股权投资与合营安排","第三节 长期股权投资的后续计量","权益法亏损顺序","CH6-042","125","136"
"资产与投资","6","长期股权投资与合营安排","第三节 长期股权投资的后续计量","超额亏损","CH6-043","125","136"
"资产与投资","6","长期股权投资与合营安排","第三节 长期股权投资的后续计量","亏损后恢复盈利","CH6-044","125","136"
"资产与投资","6","长期股权投资与合营安排","第三节 长期股权投资的后续计量","其他综合收益份额","CH6-045","123","134"
"资产与投资","6","长期股权投资与合营安排","第三节 长期股权投资的后续计量","其他权益变动","CH6-046","124","135"
"资产与投资","6","长期股权投资与合营安排","第三节 长期股权投资的后续计量","权益法股票股利","CH6-047","126","137"
"资产与投资","6","长期股权投资与合营安排","第三节 长期股权投资的后续计量","风险投资机构的计量选择","CH6-048","127","138"
"资产与投资","6","长期股权投资与合营安排","第三节 长期股权投资的后续计量","被动稀释内含商誉结转","CH6-049","127","138"
"资产与投资","6","长期股权投资与合营安排","第三节 长期股权投资的后续计量","被动稀释损失与减值测试","CH6-050","127","138"
"资产与投资","6","长期股权投资与合营安排","第三节 长期股权投资的后续计量","长期股权投资减值","CH6-051","127","138"
"资产与投资","6","长期股权投资与合营安排","第四节 长期股权投资核算方法的转换及处置","控制转重大影响","CH6-052","128","139"
"资产与投资","6","长期股权投资与合营安排","第四节 长期股权投资核算方法的转换及处置","成本法转权益法处置部分","CH6-053","128","139"
"资产与投资","6","长期股权投资与合营安排","第四节 长期股权投资核算方法的转换及处置","成本法转权益法剩余部分","CH6-054","129","140"
"资产与投资","6","长期股权投资与合营安排","第四节 长期股权投资核算方法的转换及处置","公允价值计量或权益法转成本法","CH6-055","131","142"
"资产与投资","6","长期股权投资与合营安排","第四节 长期股权投资核算方法的转换及处置","金融资产转权益法","CH6-056","131","142"
"资产与投资","6","长期股权投资与合营安排","第四节 长期股权投资核算方法的转换及处置","原其他权益工具投资累计变动","CH6-057","131","142"
"资产与投资","6","长期股权投资与合营安排","第四节 长期股权投资核算方法的转换及处置","权益法转金融资产","CH6-058","132","143"
"资产与投资","6","长期股权投资与合营安排","第四节 长期股权投资核算方法的转换及处置","剩余股权重新计量","CH6-059","132","143"
"资产与投资","6","长期股权投资与合营安排","第四节 长期股权投资核算方法的转换及处置","成本法转金融资产","CH6-060","133","144"
"资产与投资","6","长期股权投资与合营安排","第四节 长期股权投资核算方法的转换及处置","部分处置仍保持权益法","CH6-061","134","145"
"资产与投资","6","长期股权投资与合营安排","第四节 长期股权投资核算方法的转换及处置","权益法终止时权益项目","CH6-062","134","145"
"资产与投资","6","长期股权投资与合营安排","第五节 合营安排","合营安排定义","CH6-063","134","145"
"资产与投资","6","长期股权投资与合营安排","第五节 合营安排","共同控制定义","CH6-064","135","146"
"资产与投资","6","长期股权投资与合营安排","第五节 合营安排","共同控制与重大影响","CH6-065","135","146"
"资产与投资","6","长期股权投资与合营安排","第五节 合营安排","一致同意的含义","CH6-066","136","147"
"资产与投资","6","长期股权投资与合营安排","第五节 合营安排","多个可行控制组合","CH6-067","136","147"
"资产与投资","6","长期股权投资与合营安排","第五节 合营安排","保护性权利","CH6-068","137","148"
"资产与投资","6","长期股权投资与合营安排","第五节 合营安排","合营方与参与方","CH6-069","137","148"
"资产与投资","6","长期股权投资与合营安排","第五节 合营安排","分类依据","CH6-070","137","148"
"资产与投资","6","长期股权投资与合营安排","第五节 合营安排","单独主体","CH6-071","138","149"
"资产与投资","6","长期股权投资与合营安排","第五节 合营安排","未通过单独主体","CH6-072","138","149"
"资产与投资","6","长期股权投资与合营安排","第五节 合营安排","合同安排的作用","CH6-073","139","150"
"资产与投资","6","长期股权投资与合营安排","第五节 合营安排","其他事实与情况","CH6-074","140","151"
"资产与投资","6","长期股权投资与合营安排","第五节 合营安排","共同经营资产确认","CH6-075","141","152"
"资产与投资","6","长期股权投资与合营安排","第五节 合营安排","共同经营负债确认","CH6-076","141","152"
"资产与投资","6","长期股权投资与合营安排","第五节 合营安排","共同经营收入与费用","CH6-077","141","152"
"资产与投资","6","长期股权投资与合营安排","第五节 合营安排","向共同经营投出普通资产","CH6-078","142","153"
"资产与投资","6","长期股权投资与合营安排","第五节 合营安排","共同经营利益份额增加","CH6-079","143","154"
"资产与投资","6","长期股权投资与合营安排","第五节 合营安排","非合营方参与共同经营","CH6-080","143","154"
"资产与投资","7","资产减值","第一节 资产减值概述","资产减值的判断","CH7-001","144","155"
"资产与投资","7","资产减值","第一节 资产减值概述","资产减值的意义","CH7-002","144","155"
"资产与投资","7","资产减值","第一节 资产减值概述","本章减值范围","CH7-003","144","155"
"资产与投资","7","资产减值","第一节 资产减值概述","本章减值范围","CH7-004","144","155"
"资产与投资","7","资产减值","第一节 资产减值概述","外部减值迹象","CH7-005","145","156"
"资产与投资","7","资产减值","第一节 资产减值概述","外部减值迹象","CH7-006","145","156"
"资产与投资","7","资产减值","第一节 资产减值概述","内部减值迹象","CH7-007","145","156"
"资产与投资","7","资产减值","第一节 资产减值概述","内部减值迹象","CH7-008","145","156"
"资产与投资","7","资产减值","第一节 资产减值概述","减值测试时点","CH7-009","145","156"
"资产与投资","7","资产减值","第一节 资产减值概述","每年强制测试的资产","CH7-010","145","156"
"资产与投资","7","资产减值","第一节 资产减值概述","每年强制测试的无形资产","CH7-011","145","156"
"资产与投资","7","资产减值","第一节 资产减值概述","重要性原则","CH7-012","145","156"
"资产与投资","7","资产减值","第一节 资产减值概述","敏感性分析","CH7-013","146","157"
"资产与投资","7","资产减值","第二节 资产可收回金额的计量","可收回金额的定义","CH7-014","146","157"
"资产与投资","7","资产减值","第二节 资产可收回金额的计量","单项资产与资产组","CH7-015","146","157"
"资产与投资","7","资产减值","第二节 资产可收回金额的计量","简化估计","CH7-016","146","157"
"资产与投资","7","资产减值","第二节 资产可收回金额的计量","无法可靠估计出售净额","CH7-017","146","157"
"资产与投资","7","资产减值","第二节 资产可收回金额的计量","公允价值的含义","CH7-018","147","158"
"资产与投资","7","资产减值","第二节 资产可收回金额的计量","处置费用范围","CH7-019","147","158"
"资产与投资","7","资产减值","第二节 资产可收回金额的计量","不属于处置费用","CH7-020","147","158"
"资产与投资","7","资产减值","第二节 资产可收回金额的计量","未来现金流量现值要素","CH7-021","147","158"
"资产与投资","7","资产减值","第二节 资产可收回金额的计量","预算预测期间","CH7-022","147","158"
"资产与投资","7","资产减值","第二节 资产可收回金额的计量","预算期后增长率","CH7-023","147","158"
"资产与投资","7","资产减值","第二节 资产可收回金额的计量","预测假设复核","CH7-024","148","159"
"资产与投资","7","资产减值","第二节 资产可收回金额的计量","现金流入范围","CH7-025","148","159"
"资产与投资","7","资产减值","第二节 资产可收回金额的计量","必要现金流出","CH7-026","148","159"
"资产与投资","7","资产减值","第二节 资产可收回金额的计量","最终处置现金流量","CH7-027","148","159"
"资产与投资","7","资产减值","第二节 资产可收回金额的计量","当前状态原则","CH7-028","148","159"
"资产与投资","7","资产减值","第二节 资产可收回金额的计量","已承诺重组","CH7-029","148","159"
"资产与投资","7","资产减值","第二节 资产可收回金额的计量","资产改良排除","CH7-030","148","159"
"资产与投资","7","资产减值","第二节 资产可收回金额的计量","正常维护支出","CH7-031","148","159"
"资产与投资","7","资产减值","第二节 资产可收回金额的计量","筹资与所得税排除","CH7-032","149","160"
"资产与投资","7","资产减值","第二节 资产可收回金额的计量","通货膨胀一致性","CH7-033","149","160"
"资产与投资","7","资产减值","第二节 资产可收回金额的计量","内部转移价格","CH7-034","149","160"
"资产与投资","7","资产减值","第二节 资产可收回金额的计量","传统现金流量法","CH7-035","150","161"
"资产与投资","7","资产减值","第二节 资产可收回金额的计量","期望现金流量法","CH7-036","151","162"
"资产与投资","7","资产减值","第二节 资产可收回金额的计量","现金流量时间不确定","CH7-037","151","162"
"资产与投资","7","资产减值","第二节 资产可收回金额的计量","折现率的基础","CH7-038","151","162"
"资产与投资","7","资产减值","第二节 资产可收回金额的计量","避免重复计量风险","CH7-039","151","162"
"资产与投资","7","资产减值","第二节 资产可收回金额的计量","替代折现率","CH7-040","151","162"
"资产与投资","7","资产减值","第二节 资产可收回金额的计量","现值计算","CH7-041","152","163"
"资产与投资","7","资产减值","第二节 资产可收回金额的计量","外币现金流量现值","CH7-042","153","164"
"资产与投资","7","资产减值","第三节 资产减值损失的确认与计量","减值损失金额","CH7-043","153","164"
"资产与投资","7","资产减值","第三节 资产减值损失的确认与计量","减值损失列报","CH7-044","153","164"
"资产与投资","7","资产减值","第三节 资产减值损失的确认与计量","减值后折旧","CH7-045","154","165"
"资产与投资","7","资产减值","第三节 资产减值损失的确认与计量","减值损失不得转回","CH7-046","154","165"
"资产与投资","7","资产减值","第三节 资产减值损失的确认与计量","减值账务处理","CH7-047","154","165"
"资产与投资","7","资产减值","第四节 资产组的认定及减值处理","资产组定义","CH7-048","155","166"
"资产与投资","7","资产减值","第四节 资产组的认定及减值处理","资产组认定实例","CH7-049","155","166"
"资产与投资","7","资产减值","第四节 资产组的认定及减值处理","内部使用产品活跃市场","CH7-050","155","166"
"资产与投资","7","资产减值","第四节 资产组的认定及减值处理","管理监控方式","CH7-051","156","167"
"资产与投资","7","资产减值","第四节 资产组的认定及减值处理","资产组一致性","CH7-052","156","167"
"资产与投资","7","资产减值","第四节 资产组的认定及减值处理","资产组减值判断","CH7-053","156","167"
"资产与投资","7","资产减值","第四节 资产组的认定及减值处理","账面与可收回金额口径","CH7-054","156","167"
"资产与投资","7","资产减值","第四节 资产组的认定及减值处理","资产组负债例外","CH7-055","157","168"
"资产与投资","7","资产减值","第四节 资产组的认定及减值处理","资产组损失分摊顺序","CH7-056","157","168"
"资产与投资","7","资产减值","第四节 资产组的认定及减值处理","其他资产分摊比例","CH7-057","157","168"
"资产与投资","7","资产减值","第四节 资产组的认定及减值处理","单项资产分摊下限","CH7-058","157","168"
"资产与投资","7","资产减值","第四节 资产组的认定及减值处理","资产组单项资产减值下限计算","CH7-059","158","169"
"资产与投资","7","资产减值","第四节 资产组的认定及减值处理","总部资产特征","CH7-060","159","170"
"资产与投资","7","资产减值","第四节 资产组的认定及减值处理","总部资产可分摊","CH7-061","159","170"
"资产与投资","7","资产减值","第四节 资产组的认定及减值处理","总部资产不能分摊","CH7-062","159","170"
"资产与投资","7","资产减值","第五节 商誉减值测试与处理","商誉年度测试","CH7-063","161","172"
"资产与投资","7","资产减值","第五节 商誉减值测试与处理","商誉测试单位","CH7-064","162","173"
"资产与投资","7","资产减值","第五节 商誉减值测试与处理","商誉分摊上限","CH7-065","162","173"
"资产与投资","7","资产减值","第五节 商誉减值测试与处理","含商誉测试顺序","CH7-066","162","173"
"资产与投资","7","资产减值","第五节 商誉减值测试与处理","少数股东商誉调整","CH7-067","162","173"
"资产与投资","7","资产减值","第五节 商誉减值测试与处理","母公司商誉减值","CH7-068","163","174"
"资产与投资","7","资产减值","第五节 商誉减值测试与处理","处置经营时商誉分配","CH7-069","163","174"
"负债与权益","8","负债","第一节 流动负债","短期借款定义","CH8-001","164","175"
"负债与权益","8","负债","第一节 流动负债","短期借款利息","CH8-002","164","175"
"负债与权益","8","负债","第一节 流动负债","应付票据定义","CH8-003","164","175"
"负债与权益","8","负债","第一节 流动负债","带息票据利息","CH8-004","164","175"
"负债与权益","8","负债","第一节 流动负债","不带息票据金额","CH8-005","164","175"
"负债与权益","8","负债","第一节 流动负债","商业承兑汇票到期未付","CH8-006","164","175"
"负债与权益","8","负债","第一节 流动负债","银行承兑汇票到期未付","CH8-007","164","175"
"负债与权益","8","负债","第一节 流动负债","应付账款定义","CH8-008","165","176"
"负债与权益","8","负债","第一节 流动负债","货到票未到暂估","CH8-009","165","176"
"负债与权益","8","负债","第一节 流动负债","应交税费性质","CH8-010","165","176"
"负债与权益","8","负债","第一节 流动负债","一般纳税人可抵扣进项税","CH8-011","165","176"
"负债与权益","8","负债","第一节 流动负债","小规模纳税人采购增值税","CH8-012","166","177"
"负债与权益","8","负债","第一节 流动负债","简易计税销售额","CH8-013","166","177"
"负债与权益","8","负债","第一节 流动负债","视同应税交易","CH8-014","166","177"
"负债与权益","8","负债","第一节 流动负债","不得抵扣的进项税","CH8-015","167","178"
"负债与权益","8","负债","第一节 流动负债","进项税额转出","CH8-016","167","178"
"负债与权益","8","负债","第一节 流动负债","增值税期末转出","CH8-017","168","179"
"负债与权益","8","负债","第一节 流动负债","预交增值税","CH8-018","168","179"
"负债与权益","8","负债","第一节 流动负债","增值税减免","CH8-019","169","180"
"负债与权益","8","负债","第一节 流动负债","消费税性质","CH8-020","169","180"
"负债与权益","8","负债","第一节 流动负债","消费税计入税金及附加","CH8-021","170","181"
"负债与权益","8","负债","第一节 流动负债","应税消费品用于在建工程","CH8-022","170","181"
"负债与权益","8","负债","第一节 流动负债","委托加工消费税直接出售","CH8-023","170","181"
"负债与权益","8","负债","第一节 流动负债","委托加工消费税连续生产","CH8-024","170","181"
"负债与权益","8","负债","第一节 流动负债","进口应税消费品消费税","CH8-025","171","182"
"负债与权益","8","负债","第一节 流动负债","资源税","CH8-026","171","182"
"负债与权益","8","负债","第一节 流动负债","土地增值税","CH8-027","171","182"
"负债与权益","8","负债","第一节 流动负债","房产税等税费","CH8-028","172","183"
"负债与权益","8","负债","第一节 流动负债","印花税","CH8-029","172","183"
"负债与权益","8","负债","第一节 流动负债","城市维护建设税","CH8-030","172","183"
"负债与权益","8","负债","第一节 流动负债","企业所得税","CH8-031","172","183"
"负债与权益","8","负债","第一节 流动负债","耕地占用税","CH8-032","173","184"
"负债与权益","8","负债","第一节 流动负债","应付股利确认","CH8-033","173","184"
"负债与权益","8","负债","第一节 流动负债","董事会拟分配股利","CH8-034","173","184"
"负债与权益","8","负债","第一节 流动负债","其他应付款范围","CH8-035","173","184"
"负债与权益","8","负债","第一节 流动负债","售后回购融资","CH8-036","173","184"
"负债与权益","8","负债","第二节 非流动负债","长期借款定义","CH8-037","173","184"
"负债与权益","8","负债","第二节 非流动负债","长期借款利息归属","CH8-038","174","185"
"负债与权益","8","负债","第二节 非流动负债","公司债券发行方式","CH8-039","174","185"
"负债与权益","8","负债","第二节 非流动负债","债券折价发行","CH8-040","174","185"
"负债与权益","8","负债","第二节 非流动负债","票面利率与发行价","CH8-041","174","185"
"负债与权益","8","负债","第二节 非流动负债","应付债券面值","CH8-042","174","185"
"负债与权益","8","负债","第二节 非流动负债","债券利息调整","CH8-043","174","185"
"负债与权益","8","负债","第二节 非流动负债","实际利率法","CH8-044","175","186"
"负债与权益","8","负债","第二节 非流动负债","票面利息与实际利息","CH8-045","175","186"
"负债与权益","8","负债","第二节 非流动负债","债券偿还","CH8-046","175","186"
"负债与权益","8","负债","第二节 非流动负债","融资性延期付款购资产","CH8-047","176","187"
"负债与权益","8","负债","第二节 非流动负债","未确认融资费用","CH8-048","176","187"
"负债与权益","8","负债","第二节 非流动负债","融资费用分摊","CH8-049","176","187"
"负债与权益","8","负债","第二节 非流动负债","专项债券偿还义务","CH8-050","176","187"
"负债与权益","8","负债","第二节 非流动负债","专项债券无偿还义务","CH8-051","176","187"
"负债与权益","8","负债","第二节 非流动负债","专项债券明细核算","CH8-052","176","187"
"负债与权益","8","负债","第二节 非流动负债","专项债券项目收入","CH8-053","177","188"
"负债与权益","9","职工薪酬","第一节 职工和职工薪酬的范围及分类","职工范围中的临时职工","CH9-001","178","189"
"负债与权益","9","职工薪酬","第一节 职工和职工薪酬的范围及分类","正式任命但未签劳动合同","CH9-002","178","189"
"负债与权益","9","职工薪酬","第一节 职工和职工薪酬的范围及分类","类似职工服务的劳务人员","CH9-003","178","189"
"负债与权益","9","职工薪酬","第一节 职工和职工薪酬的范围及分类","职工薪酬定义","CH9-004","178","189"
"负债与权益","9","职工薪酬","第一节 职工和职工薪酬的范围及分类","员工家属福利","CH9-005","178","189"
"负债与权益","9","职工薪酬","第一节 职工和职工薪酬的范围及分类","职工薪酬四类","CH9-006","178","189"
"负债与权益","9","职工薪酬","第一节 职工和职工薪酬的范围及分类","短期薪酬期限","CH9-007","179","190"
"负债与权益","9","职工薪酬","第一节 职工和职工薪酬的范围及分类","住房公积金分类","CH9-008","179","190"
"负债与权益","9","职工薪酬","第一节 职工和职工薪酬的范围及分类","非货币性福利分类","CH9-009","179","190"
"负债与权益","9","职工薪酬","第一节 职工和职工薪酬的范围及分类","离职后福利定义","CH9-010","179","190"
"负债与权益","9","职工薪酬","第一节 职工和职工薪酬的范围及分类","辞退福利定义","CH9-011","179","190"
"负债与权益","9","职工薪酬","第一节 职工和职工薪酬的范围及分类","其他长期职工福利例子","CH9-012","180","191"
"负债与权益","9","职工薪酬","第二节 短期薪酬的确认与计量","短期薪酬确认期间","CH9-013","180","191"
"负债与权益","9","职工薪酬","第二节 短期薪酬的确认与计量","短期薪酬受益对象","CH9-014","180","191"
"负债与权益","9","职工薪酬","第二节 短期薪酬的确认与计量","管理人员薪酬","CH9-015","180","191"
"负债与权益","9","职工薪酬","第二节 短期薪酬的确认与计量","工资发放会计影响","CH9-016","180","191"
"负债与权益","9","职工薪酬","第二节 短期薪酬的确认与计量","社会保险费计量","CH9-017","180","191"
"负债与权益","9","职工薪酬","第二节 短期薪酬的确认与计量","累积带薪缺勤定义","CH9-018","181","192"
"负债与权益","9","职工薪酬","第二节 短期薪酬的确认与计量","累积带薪缺勤确认时点","CH9-019","181","192"
"负债与权益","9","职工薪酬","第二节 短期薪酬的确认与计量","累积带薪缺勤预计额","CH9-020","181","192"
"负债与权益","9","职工薪酬","第二节 短期薪酬的确认与计量","非累积带薪缺勤定义","CH9-021","182","193"
"负债与权益","9","职工薪酬","第二节 短期薪酬的确认与计量","非累积带薪缺勤确认","CH9-022","182","193"
"负债与权益","9","职工薪酬","第二节 短期薪酬的确认与计量","利润分享计划确认条件","CH9-023","182","193"
"负债与权益","9","职工薪酬","第二节 短期薪酬的确认与计量","推定义务","CH9-024","182","193"
"负债与权益","9","职工薪酬","第二节 短期薪酬的确认与计量","利润分享离职估计","CH9-025","182","193"
"负债与权益","9","职工薪酬","第二节 短期薪酬的确认与计量","长期利润分享","CH9-026","183","194"
"负债与权益","9","职工薪酬","第二节 短期薪酬的确认与计量","非货币性福利计量","CH9-027","183","194"
"负债与权益","9","职工薪酬","第二节 短期薪酬的确认与计量","自产产品发福利","CH9-028","184","195"
"负债与权益","9","职工薪酬","第二节 短期薪酬的确认与计量","福利科目归集","CH9-029","184","195"
"负债与权益","9","职工薪酬","第二节 短期薪酬的确认与计量","补贴住房附服务年限","CH9-030","185","196"
"负债与权益","9","职工薪酬","第二节 短期薪酬的确认与计量","补贴住房无服务年限","CH9-031","185","196"
"负债与权益","9","职工薪酬","第三节 离职后福利的确认与计量","退休福利服务期确认","CH9-032","186","197"
"负债与权益","9","职工薪酬","第三节 离职后福利的确认与计量","设定提存计划定义","CH9-033","186","197"
"负债与权益","9","职工薪酬","第三节 离职后福利的确认与计量","设定提存风险承担","CH9-034","186","197"
"负债与权益","9","职工薪酬","第三节 离职后福利的确认与计量","设定提存当期金额","CH9-035","186","197"
"负债与权益","9","职工薪酬","第三节 离职后福利的确认与计量","设定提存计划延期缴存","CH9-036","186","197"
"负债与权益","9","职工薪酬","第三节 离职后福利的确认与计量","设定受益计划定义","CH9-037","187","198"
"负债与权益","9","职工薪酬","第三节 离职后福利的确认与计量","设定受益风险","CH9-038","187","198"
"负债与权益","9","职工薪酬","第三节 离职后福利的确认与计量","设定受益义务的精算与折现","CH9-039","187","198"
"负债与权益","9","职工薪酬","第三节 离职后福利的确认与计量","设定受益计划资产上限","CH9-040","188","199"
"负债与权益","9","职工薪酬","第三节 离职后福利的确认与计量","设定受益净负债","CH9-041","187","198"
"负债与权益","9","职工薪酬","第三节 离职后福利的确认与计量","设定受益损益项目","CH9-042","188","199"
"负债与权益","9","职工薪酬","第三节 离职后福利的确认与计量","设定受益重新计量","CH9-043","188","199"
"负债与权益","9","职工薪酬","第四节 辞退福利的确认与计量","辞退福利与退休养老金","CH9-044","188","199"
"负债与权益","9","职工薪酬","第四节 辞退福利的确认与计量","自愿裁减","CH9-045","188","199"
"负债与权益","9","职工薪酬","第四节 辞退福利的确认与计量","内退处理","CH9-046","188","199"
"负债与权益","9","职工薪酬","第四节 辞退福利的确认与计量","辞退福利确认时点","CH9-047","189","200"
"负债与权益","9","职工薪酬","第四节 辞退福利的确认与计量","可单方撤回方案","CH9-048","189","200"
"负债与权益","9","职工薪酬","第四节 辞退福利的确认与计量","辞退福利费用归属","CH9-049","189","200"
"负债与权益","9","职工薪酬","第四节 辞退福利的确认与计量","分阶段辞退计划","CH9-050","189","200"
"负债与权益","9","职工薪酬","第四节 辞退福利的确认与计量","内退金额确认","CH9-051","189","200"
"负债与权益","9","职工薪酬","第四节 辞退福利的确认与计量","自愿裁减人数估计","CH9-052","189","200"
"负债与权益","9","职工薪酬","第四节 辞退福利的确认与计量","超一年支付辞退福利","CH9-053","189","200"
"负债与权益","9","职工薪酬","第五节 其他长期职工福利的确认与计量","其他长期福利范围","CH9-054","191","202"
"负债与权益","9","职工薪酬","第五节 其他长期职工福利的确认与计量","其他长期福利计划分类","CH9-055","191","202"
"负债与权益","9","职工薪酬","第五节 其他长期职工福利的确认与计量","其他长期福利总净额","CH9-056","191","202"
"负债与权益","9","职工薪酬","第五节 其他长期职工福利的确认与计量","长期残疾福利服务年限相关","CH9-057","191","202"
"负债与权益","9","职工薪酬","第五节 其他长期职工福利的确认与计量","长期残疾福利事件相关","CH9-058","191","202"
"负债与权益","10","股份支付","第一节 股份支付概述","股份支付定义","CH10-001","192","203"
"负债与权益","10","股份支付","第一节 股份支付概述","股份支付服务目的","CH10-002","192","203"
"负债与权益","10","股份支付","第一节 股份支付概述","企业自身权益工具范围","CH10-003","192","203"
"负债与权益","10","股份支付","第一节 股份支付概述","授予日定义","CH10-004","192","203"
"负债与权益","10","股份支付","第一节 股份支付概述","授予对象尚未确定","CH10-005","193","204"
"负债与权益","10","股份支付","第一节 股份支付概述","等待期定义","CH10-006","193","204"
"负债与权益","10","股份支付","第一节 股份支付概述","可行权日定义","CH10-007","193","204"
"负债与权益","10","股份支付","第一节 股份支付概述","行权日定义","CH10-008","193","204"
"负债与权益","10","股份支付","第一节 股份支付概述","出售日定义","CH10-009","193","204"
"负债与权益","10","股份支付","第一节 股份支付概述","分期行权计划","CH10-010","193","204"
"负债与权益","10","股份支付","第一节 股份支付概述","权益结算股份支付","CH10-011","194","205"
"负债与权益","10","股份支付","第一节 股份支付概述","限制性股票","CH10-012","194","205"
"负债与权益","10","股份支付","第一节 股份支付概述","股票期权","CH10-013","195","206"
"负债与权益","10","股份支付","第一节 股份支付概述","第二类限制性股票实质","CH10-014","195","206"
"负债与权益","10","股份支付","第一节 股份支付概述","现金结算股份支付","CH10-015","195","206"
"负债与权益","10","股份支付","第一节 股份支付概述","现金股票增值权","CH10-016","195","206"
"负债与权益","10","股份支付","第一节 股份支付概述","模拟股票","CH10-017","195","206"
"负债与权益","10","股份支付","第二节 股份支付的确认和计量","权益结算职工服务计量基础","CH10-018","195","206"
"负债与权益","10","股份支付","第二节 股份支付的确认和计量","权益结算贷方项目","CH10-019","195","206"
"负债与权益","10","股份支付","第二节 股份支付的确认和计量","权益结算估计数量","CH10-020","195","206"
"负债与权益","10","股份支付","第二节 股份支付的确认和计量","立即可行权的权益结算","CH10-021","195","206"
"负债与权益","10","股份支付","第二节 股份支付的确认和计量","换取其他方服务","CH10-022","195","206"
"负债与权益","10","股份支付","第二节 股份支付的确认和计量","权益工具公允价值无法可靠计量","CH10-023","196","207"
"负债与权益","10","股份支付","第二节 股份支付的确认和计量","现金结算负债","CH10-024","196","207"
"负债与权益","10","股份支付","第二节 股份支付的确认和计量","现金结算公允价值复核","CH10-025","196","207"
"负债与权益","10","股份支付","第二节 股份支付的确认和计量","权益与现金结算关键区别","CH10-026","196","207"
"负债与权益","10","股份支付","第二节 股份支付的确认和计量","服务期限条件","CH10-027","196","207"
"负债与权益","10","股份支付","第二节 股份支付的确认和计量","市场条件","CH10-028","196","207"
"负债与权益","10","股份支付","第二节 股份支付的确认和计量","非市场条件","CH10-029","196","207"
"负债与权益","10","股份支付","第二节 股份支付的确认和计量","市场条件计量影响","CH10-030","196","207"
"负债与权益","10","股份支付","第二节 股份支付的确认和计量","非市场条件估计影响","CH10-031","196","207"
"负债与权益","10","股份支付","第二节 股份支付的确认和计量","市场条件未达但服务已提供","CH10-032","197","208"
"负债与权益","10","股份支付","第二节 股份支付的确认和计量","未满足非可行权条件","CH10-033","197","208"
"负债与权益","10","股份支付","第二节 股份支付的确认和计量","首次公开募股目标分类","CH10-034","197","208"
"负债与权益","10","股份支付","第二节 股份支付的确认和计量","有利修改增加公允价值","CH10-035","198","209"
"负债与权益","10","股份支付","第二节 股份支付的确认和计量","修改增加工具数量","CH10-036","198","209"
"负债与权益","10","股份支付","第二节 股份支付的确认和计量","不利修改减少公允价值","CH10-037","199","210"
"负债与权益","10","股份支付","第二节 股份支付的确认和计量","等待期内取消","CH10-038","199","210"
"负债与权益","10","股份支付","第二节 股份支付的确认和计量","取消时支付补偿","CH10-039","199","210"
"负债与权益","10","股份支付","第二节 股份支付的确认和计量","替代权益工具","CH10-040","199","210"
"负债与权益","10","股份支付","第二节 股份支付的确认和计量","现金改权益结算","CH10-041","200","211"
"负债与权益","10","股份支付","第二节 股份支付的确认和计量","股份公允价值来源","CH10-042","200","211"
"负债与权益","10","股份支付","第二节 股份支付的确认和计量","股票期权估值方法","CH10-043","200","211"
"负债与权益","10","股份支付","第二节 股份支付的确认和计量","期权定价因素","CH10-044","201","212"
"负债与权益","10","股份支付","第二节 股份支付的确认和计量","提早行权的估值影响","CH10-045","201","212"
"负债与权益","10","股份支付","第二节 股份支付的确认和计量","非立即可行权授予日处理","CH10-046","203","214"
"负债与权益","10","股份支付","第二节 股份支付的确认和计量","等待期服务确认","CH10-047","203","214"
"负债与权益","10","股份支付","第二节 股份支付的确认和计量","累计减以前确认额","CH10-048","204","215"
"负债与权益","10","股份支付","第二节 股份支付的确认和计量","可行权日后权益结算","CH10-049","204","215"
"负债与权益","10","股份支付","第二节 股份支付的确认和计量","可行权日后现金结算","CH10-050","204","215"
"负债与权益","10","股份支付","第二节 股份支付的确认和计量","回购股份奖励职工","CH10-051","204","215"
"负债与权益","10","股份支付","第二节 股份支付的确认和计量","集团结算企业自身工具","CH10-052","204","215"
"负债与权益","10","股份支付","第二节 股份支付的确认和计量","集团受服务企业无结算义务","CH10-053","204","215"
"负债与权益","10","股份支付","第二节 股份支付的确认和计量","集团受服务企业有现金义务","CH10-054","204","215"
"负债与权益","10","股份支付","第二节 股份支付的确认和计量","限制性股票认股款","CH10-055","205","216"
"负债与权益","10","股份支付","第二节 股份支付的确认和计量","限制性股票回购义务","CH10-056","205","216"
"负债与权益","10","股份支付","第二节 股份支付的确认和计量","可撤销现金股利","CH10-057","205","216"
"负债与权益","10","股份支付","第二节 股份支付的确认和计量","不可撤销现金股利","CH10-058","206","217"
"负债与权益","10","股份支付","第三节 股份支付的应用举例","服务年限期权首年计算","CH10-059","206","217"
"负债与权益","10","股份支付","第三节 股份支付的应用举例","离职人数估计","CH10-060","206","217"
"负债与权益","10","股份支付","第三节 股份支付的应用举例","非市场目标与等待期","CH10-061","207","218"
"负债与权益","10","股份支付","第三节 股份支付的应用举例","现金股票增值权分期","CH10-062","208","219"
"负债与权益","10","股份支付","第三节 股份支付的应用举例","现金结算负债年度更新","CH10-063","208","219"
"负债与权益","10","股份支付","第三节 股份支付的应用举例","集团股份支付母子公司","CH10-064","209","220"
"负债与权益","10","股份支付","第三节 股份支付的应用举例","集团接受服务企业费用","CH10-065","209","220"
"负债与权益","10","股份支付","第三节 股份支付的应用举例","现金结算改权益结算修改日价值","CH10-066","210","221"
"负债与权益","11","借款费用","第一节 借款费用概述","借款费用含义","CH11-001","212","223"
"负债与权益","11","借款费用","第一节 借款费用概述","借款利息","CH11-002","212","223"
"负债与权益","11","借款费用","第一节 借款费用概述","债券溢折价摊销","CH11-003","212","223"
"负债与权益","11","借款费用","第一节 借款费用概述","外币借款汇兑差额","CH11-004","212","223"
"负债与权益","11","借款费用","第一节 借款费用概述","借款辅助费用","CH11-005","213","224"
"负债与权益","11","借款费用","第一节 借款费用概述","权益融资费用边界","CH11-006","212","223"
"负债与权益","11","借款费用","第一节 借款费用概述","租赁融资费用","CH11-007","212","223"
"负债与权益","11","借款费用","第一节 借款费用概述","专门借款","CH11-008","213","224"
"负债与权益","11","借款费用","第一节 借款费用概述","一般借款","CH11-009","213","224"
"负债与权益","11","借款费用","第一节 借款费用概述","符合资本化条件的资产","CH11-010","213","224"
"负债与权益","11","借款费用","第一节 借款费用概述","不符合资本化条件的资产","CH11-011","214","225"
"负债与权益","11","借款费用","第二节 借款费用的确认","资本化与费用化","CH11-012","214","225"
"负债与权益","11","借款费用","第二节 借款费用的确认","资本化期间","CH11-013","214","225"
"负债与权益","11","借款费用","第二节 借款费用的确认","开始资本化三条件","CH11-014","214","225"
"负债与权益","11","借款费用","第二节 借款费用的确认","资产支出已经发生","CH11-015","214","225"
"负债与权益","11","借款费用","第二节 借款费用的确认","借款费用已经发生","CH11-016","214","225"
"负债与权益","11","借款费用","第二节 借款费用的确认","必要活动已经开始","CH11-017","215","226"
"负债与权益","11","借款费用","第二节 借款费用的确认","非正常中断暂停","CH11-018","215","226"
"负债与权益","11","借款费用","第二节 借款费用的确认","正常中断","CH11-019","215","226"
"负债与权益","11","借款费用","第二节 借款费用的确认","暂停期间费用","CH11-020","215","226"
"负债与权益","11","借款费用","第二节 借款费用的确认","停止资本化时点","CH11-021","216","227"
"负债与权益","11","借款费用","第二节 借款费用的确认","分部完工可独立使用","CH11-022","216","227"
"负债与权益","11","借款费用","第二节 借款费用的确认","分部完工须整体使用","CH11-023","216","227"
"负债与权益","11","借款费用","第三节 借款费用的计量","专门借款资本化金额","CH11-024","216","227"
"负债与权益","11","借款费用","第三节 借款费用的计量","专门借款闲置收益","CH11-025","216","227"
"负债与权益","11","借款费用","第三节 借款费用的计量","一般借款资本化基础","CH11-026","218","229"
"负债与权益","11","借款费用","第三节 借款费用的计量","一般借款资本化率","CH11-027","218","229"
"负债与权益","11","借款费用","第三节 借款费用的计量","一般借款一步计算","CH11-028","218","229"
"负债与权益","11","借款费用","第三节 借款费用的计量","一般借款上限","CH11-029","218","229"
"负债与权益","11","借款费用","第三节 借款费用的计量","外币专门借款汇兑差额","CH11-030","220","231"
"负债与权益","11","借款费用","第三节 借款费用的计量","外币一般借款汇兑差额","CH11-031","220","231"
"负债与权益","12","或有事项","第一节 或有事项概述","或有事项定义","CH12-001","222","233"
"负债与权益","12","或有事项","第一节 或有事项概述","过去事项形成","CH12-002","222","233"
"负债与权益","12","或有事项","第一节 或有事项概述","结果不确定性","CH12-003","223","234"
"负债与权益","12","或有事项","第一节 或有事项概述","现时义务与潜在义务","CH12-004","223","234"
"负债与权益","12","或有事项","第一节 或有事项概述","不满足确认条件的现时义务","CH12-005","223","234"
"负债与权益","12","或有事项","第一节 或有事项概述","或有资产","CH12-006","224","235"
"负债与权益","12","或有事项","第一节 或有事项概述","或有资产确认","CH12-007","224","235"
"负债与权益","12","或有事项","第一节 或有事项概述","很可能概率","CH12-008","223","234"
"负债与权益","12","或有事项","第一节 或有事项概述","基本确定概率","CH12-009","223","234"
"负债与权益","12","或有事项","第二节 或有事项的确认和计量","预计负债三条件","CH12-010","224","235"
"负债与权益","12","或有事项","第二节 或有事项的确认和计量","法定义务","CH12-011","225","236"
"负债与权益","12","或有事项","第二节 或有事项的确认和计量","推定义务","CH12-012","225","236"
"负债与权益","12","或有事项","第二节 或有事项的确认和计量","很可能流出","CH12-013","225","236"
"负债与权益","12","或有事项","第二节 或有事项的确认和计量","金额可靠计量","CH12-014","225","236"
"负债与权益","12","或有事项","第二节 或有事项的确认和计量","一审败诉后上诉","CH12-015","226","237"
"负债与权益","12","或有事项","第二节 或有事项的确认和计量","最佳估计数","CH12-016","226","237"
"负债与权益","12","或有事项","第二节 或有事项的确认和计量","等可能连续区间","CH12-017","226","237"
"负债与权益","12","或有事项","第二节 或有事项的确认和计量","单个项目最佳估计","CH12-018","226","237"
"负债与权益","12","或有事项","第二节 或有事项的确认和计量","多个项目最佳估计","CH12-019","226","237"
"负债与权益","12","或有事项","第二节 或有事项的确认和计量","第三方补偿确认门槛","CH12-020","227","238"
"负债与权益","12","或有事项","第二节 或有事项的确认和计量","补偿上限","CH12-021","227","238"
"负债与权益","12","或有事项","第二节 或有事项的确认和计量","补偿与负债不能抵销","CH12-022","227","238"
"负债与权益","12","或有事项","第二节 或有事项的确认和计量","风险和货币时间价值","CH12-023","227","238"
"负债与权益","12","或有事项","第二节 或有事项的确认和计量","预计负债复核","CH12-024","228","239"
"负债与权益","12","或有事项","第三节 或有事项会计处理的具体应用","未决诉讼","CH12-025","228","239"
"负债与权益","12","或有事项","第三节 或有事项会计处理的具体应用","原告索赔","CH12-026","229","240"
"负债与权益","12","或有事项","第三节 或有事项会计处理的具体应用","保证类质量保证","CH12-027","229","240"
"负债与权益","12","或有事项","第三节 或有事项会计处理的具体应用","保修实际发生","CH12-028","230","241"
"负债与权益","12","或有事项","第三节 或有事项会计处理的具体应用","亏损合同定义","CH12-029","230","241"
"负债与权益","12","或有事项","第三节 或有事项会计处理的具体应用","普通待执行合同","CH12-030","230","241"
"负债与权益","12","或有事项","第三节 或有事项会计处理的具体应用","退出与履行成本","CH12-031","230","241"
"负债与权益","12","或有事项","第三节 或有事项会计处理的具体应用","亏损合同相关资产","CH12-032","231","242"
"负债与权益","12","或有事项","第三节 或有事项会计处理的具体应用","无履约资产亏损合同","CH12-033","231","242"
"负债与权益","12","或有事项","第三节 或有事项会计处理的具体应用","重组义务","CH12-034","231","242"
"负债与权益","12","或有事项","第三节 或有事项会计处理的具体应用","重组计划与公告","CH12-035","232","243"
"负债与权益","12","或有事项","第三节 或有事项会计处理的具体应用","重组预计负债确认","CH12-036","232","243"
"负债与权益","12","或有事项","第三节 或有事项会计处理的具体应用","重组直接支出","CH12-037","232","243"
"负债与权益","12","或有事项","第三节 或有事项会计处理的具体应用","未来经营损失","CH12-038","233","244"
"负债与权益","12","或有事项","第四节 或有事项的列报","预计负债列报","CH12-039","233","244"
"负债与权益","12","或有事项","第四节 或有事项的列报","或有负债披露","CH12-040","234","245"
"负债与权益","12","或有事项","第四节 或有事项的列报","极小可能的或有负债","CH12-041","234","245"
"负债与权益","12","或有事项","第四节 或有事项的列报","未决诉讼敏感披露","CH12-042","234","245"
"负债与权益","12","或有事项","第四节 或有事项的列报","或有资产披露","CH12-043","234","245"
"负债与权益","12","或有事项","第二节 或有事项的确认和计量","风险和不确定性的谨慎处理","CH12-044","227","238"
"负债与权益","12","或有事项","第二节 或有事项的确认和计量","预计负债折现率","CH12-045","227","238"
"负债与权益","12","或有事项","第二节 或有事项的确认和计量","预计负债考虑未来事项","CH12-046","228","239"
"负债与权益","12","或有事项","第二节 或有事项的确认和计量","预期处置资产利得","CH12-047","228","239"
"负债与权益","12","或有事项","第二节 或有事项的确认和计量","预计负债折现利息","CH12-048","228","239"
"负债与权益","12","或有事项","第二节 或有事项的确认和计量","弃置义务预计负债减少","CH12-049","228","239"
"负债与权益","12","或有事项","第二节 或有事项的确认和计量","弃置义务预计负债增加","CH12-050","228","239"
"负债与权益","12","或有事项","第二节 或有事项的确认和计量","使用寿命结束后的弃置义务变动","CH12-051","228","239"
"金融工具与租赁","13","金融工具与保险合同","第一节 金融工具概述","金融工具的定义","CH13-001","235","246"
"金融工具与租赁","13","金融工具与保险合同","第一节 金融工具概述","合同基础","CH13-002","235","246"
"金融工具与租赁","13","金融工具与保险合同","第一节 金融工具概述","收取现金的权利","CH13-003","235","246"
"金融工具与租赁","13","金融工具与保险合同","第一节 金融工具概述","预付账款边界","CH13-004","235","246"
"金融工具与租赁","13","金融工具与保险合同","第一节 金融工具概述","现金金融资产","CH13-005","235","246"
"金融工具与租赁","13","金融工具与保险合同","第一节 金融工具概述","衍生工具价值特征","CH13-006","236","247"
"金融工具与租赁","13","金融工具与保险合同","第一节 金融工具概述","衍生工具初始投入","CH13-007","236","247"
"金融工具与租赁","13","金融工具与保险合同","第一节 金融工具概述","衍生工具结算时间","CH13-008","236","247"
"金融工具与租赁","13","金融工具与保险合同","第一节 金融工具概述","标准仓单合同与仓单","CH13-009","237","248"
"金融工具与租赁","13","金融工具与保险合同","第二节 金融资产和金融负债的分类和重分类","金融资产三分类","CH13-010","237","248"
"金融工具与租赁","13","金融工具与保险合同","第二节 金融资产和金融负债的分类和重分类","分类两个依据","CH13-011","237","248"
"金融工具与租赁","13","金融工具与保险合同","第二节 金融资产和金融负债的分类和重分类","业务模式评估层次","CH13-012","238","249"
"金融工具与租赁","13","金融工具与保险合同","第二节 金融资产和金融负债的分类和重分类","业务模式客观性","CH13-013","238","249"
"金融工具与租赁","13","金融工具与保险合同","第二节 金融资产和金融负债的分类和重分类","收款模式下出售","CH13-014","239","250"
"金融工具与租赁","13","金融工具与保险合同","第二节 金融资产和金融负债的分类和重分类","收款加出售模式","CH13-015","239","250"
"金融工具与租赁","13","金融工具与保险合同","第二节 金融资产和金融负债的分类和重分类","交易模式","CH13-016","240","251"
"金融工具与租赁","13","金融工具与保险合同","第二节 金融资产和金融负债的分类和重分类","本金加利息测试","CH13-017","240","251"
"金融工具与租赁","13","金融工具与保险合同","第二节 金融资产和金融负债的分类和重分类","本金含义","CH13-018","240","251"
"金融工具与租赁","13","金融工具与保险合同","第二节 金融资产和金融负债的分类和重分类","摊余成本债权分类","CH13-019","241","252"
"金融工具与租赁","13","金融工具与保险合同","第二节 金融资产和金融负债的分类和重分类","收款出售债权分类","CH13-020","241","252"
"金融工具与租赁","13","金融工具与保险合同","第二节 金融资产和金融负债的分类和重分类","摊余成本常见科目","CH13-021","241","252"
"金融工具与租赁","13","金融工具与保险合同","第二节 金融资产和金融负债的分类和重分类","可转换债券投资分类","CH13-022","242","253"
"金融工具与租赁","13","金融工具与保险合同","第二节 金融资产和金融负债的分类和重分类","结构性存款分类","CH13-023","242","253"
"金融工具与租赁","13","金融工具与保险合同","第二节 金融资产和金融负债的分类和重分类","交易性权益投资","CH13-024","242","253"
"金融工具与租赁","13","金融工具与保险合同","第二节 金融资产和金融负债的分类和重分类","非交易性权益指定","CH13-025","242","253"
"金融工具与租赁","13","金融工具与保险合同","第二节 金融资产和金融负债的分类和重分类","会计错配指定","CH13-026","242","253"
"金融工具与租赁","13","金融工具与保险合同","第二节 金融资产和金融负债的分类和重分类","或有对价金融资产","CH13-027","243","254"
"金融工具与租赁","13","金融工具与保险合同","第二节 金融资产和金融负债的分类和重分类","金融负债默认分类","CH13-028","243","254"
"金融工具与租赁","13","金融工具与保险合同","第二节 金融资产和金融负债的分类和重分类","嵌入衍生工具","CH13-029","245","256"
"金融工具与租赁","13","金融工具与保险合同","第二节 金融资产和金融负债的分类和重分类","金融资产重分类触发","CH13-030","247","258"
"金融工具与租赁","13","金融工具与保险合同","第二节 金融资产和金融负债的分类和重分类","金融负债重分类","CH13-031","247","258"
"金融工具与租赁","13","金融工具与保险合同","第二节 金融资产和金融负债的分类和重分类","重分类处理方法","CH13-032","247","258"
"金融工具与租赁","13","金融工具与保险合同","第二节 金融资产和金融负债的分类和重分类","合同条款变更与重分类","CH13-033","248","259"
"金融工具与租赁","13","金融工具与保险合同","第三节 金融负债和权益工具的区分","发行方视角分类","CH13-034","249","260"
"金融工具与租赁","13","金融工具与保险合同","第三节 金融负债和权益工具的区分","金融负债现金义务","CH13-035","250","261"
"金融工具与租赁","13","金融工具与保险合同","第三节 金融负债和权益工具的区分","权益工具定义","CH13-036","250","261"
"金融工具与租赁","13","金融工具与保险合同","第三节 金融负债和权益工具的区分","无法避免现金交付","CH13-037","251","262"
"金融工具与租赁","13","金融工具与保险合同","第三节 金融负债和权益工具的区分","持有人回售权","CH13-038","251","262"
"金融工具与租赁","13","金融工具与保险合同","第三节 金融负债和权益工具的区分","可变数量自身股份","CH13-039","253","264"
"金融工具与租赁","13","金融工具与保险合同","第三节 金融负债和权益工具的区分","固定换固定原则","CH13-040","253","264"
"金融工具与租赁","13","金融工具与保险合同","第三节 金融负债和权益工具的区分","股份净额结算","CH13-041","256","267"
"金融工具与租赁","13","金融工具与保险合同","第三节 金融负债和权益工具的区分","外币配股权特例","CH13-042","257","268"
"金融工具与租赁","13","金融工具与保险合同","第三节 金融负债和权益工具的区分","或有现金结算","CH13-043","257","268"
"金融工具与租赁","13","金融工具与保险合同","第三节 金融负债和权益工具的区分","合并层面分类","CH13-044","260","271"
"金融工具与租赁","13","金融工具与保险合同","第三节 金融负债和权益工具的区分","可回售工具例外","CH13-045","261","272"
"金融工具与租赁","13","金融工具与保险合同","第三节 金融负债和权益工具的区分","清算时按净资产比例交付","CH13-046","262","273"
"金融工具与租赁","13","金融工具与保险合同","第三节 金融负债和权益工具的区分","特殊工具合并报表","CH13-047","263","274"
"金融工具与租赁","13","金融工具与保险合同","第三节 金融负债和权益工具的区分","特殊工具持有方","CH13-048","263","274"
"金融工具与租赁","13","金融工具与保险合同","第三节 金融负债和权益工具的区分","权益工具股利处理","CH13-049","264","275"
"金融工具与租赁","13","金融工具与保险合同","第三节 金融负债和权益工具的区分","复合工具成分","CH13-050","264","275"
"金融工具与租赁","13","金融工具与保险合同","第三节 金融负债和权益工具的区分","永续债无固定到期日","CH13-051","267","278"
"金融工具与租赁","13","金融工具与保险合同","第三节 金融负债和权益工具的区分","永续债利率跳升","CH13-052","268","279"
"金融工具与租赁","13","金融工具与保险合同","第四节 金融工具的确认和计量","金融工具确认时点","CH13-053","268","279"
"金融工具与租赁","13","金融工具与保险合同","第四节 金融工具的确认和计量","商品订单与金融工具","CH13-054","269","280"
"金融工具与租赁","13","金融工具与保险合同","第四节 金融工具的确认和计量","远期合同确认","CH13-055","269","280"
"金融工具与租赁","13","金融工具与保险合同","第四节 金融工具的确认和计量","纯未来交易计划","CH13-056","269","280"
"金融工具与租赁","13","金融工具与保险合同","第四节 金融工具的确认和计量","金融负债终止确认","CH13-057","269","280"
"金融工具与租赁","13","金融工具与保险合同","第四节 金融工具的确认和计量","实质性修改负债条款","CH13-058","269","280"
"金融工具与租赁","13","金融工具与保险合同","第四节 金融工具的确认和计量","初始公允价值","CH13-059","269","280"
"金融工具与租赁","13","金融工具与保险合同","第四节 金融工具的确认和计量","交易性资产手续费","CH13-060","269","280"
"金融工具与租赁","13","金融工具与保险合同","第四节 金融工具的确认和计量","摊余成本资产手续费","CH13-061","269","280"
"金融工具与租赁","13","金融工具与保险合同","第四节 金融工具的确认和计量","无重大融资成分应收账款","CH13-062","269","280"
"金融工具与租赁","13","金融工具与保险合同","第四节 金融工具的确认和计量","交易费用边界","CH13-063","270","281"
"金融工具与租赁","13","金融工具与保险合同","第四节 金融工具的确认和计量","已宣告股利单列","CH13-064","270","281"
"金融工具与租赁","13","金融工具与保险合同","第四节 金融工具的确认和计量","实际利率法","CH13-065","271","282"
"金融工具与租赁","13","金融工具与保险合同","第四节 金融工具的确认和计量","摊余成本本金偿还","CH13-066","271","282"
"金融工具与租赁","13","金融工具与保险合同","第四节 金融工具的确认和计量","摊余成本信用减值","CH13-067","271","282"
"金融工具与租赁","13","金融工具与保险合同","第四节 金融工具的确认和计量","公允价值计入损益后续","CH13-068","275","286"
"金融工具与租赁","13","金融工具与保险合同","第四节 金融工具的确认和计量","债权类其他综合收益变动","CH13-069","276","287"
"金融工具与租赁","13","金融工具与保险合同","第四节 金融工具的确认和计量","其他债权投资出售累计损益","CH13-070","276","287"
"金融工具与租赁","13","金融工具与保险合同","第四节 金融工具的确认和计量","非交易权益投资股利","CH13-071","276","287"
"金融工具与租赁","13","金融工具与保险合同","第四节 金融工具的确认和计量","非交易权益投资处置","CH13-072","276","287"
"金融工具与租赁","13","金融工具与保险合同","第四节 金融工具的确认和计量","金融负债后续分类","CH13-073","281","292"
"金融工具与租赁","13","金融工具与保险合同","第四节 金融工具的确认和计量","公允价值负债损益","CH13-074","282","293"
"金融工具与租赁","13","金融工具与保险合同","第四节 金融工具的确认和计量","信用损失第一阶段","CH13-075","285","296"
"金融工具与租赁","13","金融工具与保险合同","第四节 金融工具的确认和计量","信用损失第二阶段","CH13-076","285","296"
"金融工具与租赁","13","金融工具与保险合同","第四节 金融工具的确认和计量","信用损失第三阶段","CH13-077","285","296"
"金融工具与租赁","13","金融工具与保险合同","第四节 金融工具的确认和计量","购入已减值资产","CH13-078","285","296"
"金融工具与租赁","13","金融工具与保险合同","第四节 金融工具的确认和计量","普通应收账款简化减值","CH13-079","286","297"
"金融工具与租赁","13","金融工具与保险合同","第四节 金融工具的确认和计量","含重大融资成分应收款减值","CH13-080","286","297"
"金融工具与租赁","13","金融工具与保险合同","第四节 金融工具的确认和计量","预期损失计量要素","CH13-081","286","297"
"金融工具与租赁","13","金融工具与保险合同","第四节 金融工具的确认和计量","信用减值准备增加","CH13-082","288","299"
"金融工具与租赁","13","金融工具与保险合同","第五节 金融资产转移","金融资产终止确认含义","CH13-083","289","300"
"金融工具与租赁","13","金融工具与保险合同","第五节 金融资产转移","收款权到期","CH13-084","289","300"
"金融工具与租赁","13","金融工具与保险合同","第五节 金融资产转移","实质性修改金融资产","CH13-085","289","300"
"金融工具与租赁","13","金融工具与保险合同","第五节 金融资产转移","部分现金流量转移","CH13-086","290","301"
"金融工具与租赁","13","金融工具与保险合同","第五节 金融资产转移","按比例部分转移","CH13-087","290","301"
"金融工具与租赁","13","金融工具与保险合同","第五节 金融资产转移","票据背书转让","CH13-088","291","302"
"金融工具与租赁","13","金融工具与保险合同","第五节 金融资产转移","转移判断顺序","CH13-089","292","303"
"金融工具与租赁","13","金融工具与保险合同","第五节 金融资产转移","风险种类","CH13-090","293","304"
"金融工具与租赁","13","金融工具与保险合同","第五节 金融资产转移","固定价格回购","CH13-091","294","305"
"金融工具与租赁","13","金融工具与保险合同","第五节 金融资产转移","保留控制判断","CH13-092","295","306"
"金融工具与租赁","13","金融工具与保险合同","第五节 金融资产转移","保留风险后的收款","CH13-093","297","308"
"金融工具与租赁","13","金融工具与保险合同","第五节 金融资产转移","继续涉入","CH13-094","298","309"
"金融工具与租赁","13","金融工具与保险合同","第六节 套期会计","套期的目的","CH13-095","299","310"
"金融工具与租赁","13","金融工具与保险合同","第六节 套期会计","公允价值套期","CH13-096","299","310"
"金融工具与租赁","13","金融工具与保险合同","第六节 套期会计","现金流量套期","CH13-097","300","311"
"金融工具与租赁","13","金融工具与保险合同","第六节 套期会计","境外经营净投资套期","CH13-098","300","311"
"金融工具与租赁","13","金融工具与保险合同","第六节 套期会计","套期工具含义","CH13-099","301","312"
"金融工具与租赁","13","金融工具与保险合同","第六节 套期会计","被套期项目含义","CH13-100","301","312"
"金融工具与租赁","13","金融工具与保险合同","第六节 套期会计","签出期权作为工具","CH13-101","301","312"
"金融工具与租赁","13","金融工具与保险合同","第六节 套期会计","套期开始书面文件","CH13-102","306","317"
"金融工具与租赁","13","金融工具与保险合同","第六节 套期会计","套期有效性","CH13-103","306","317"
"金融工具与租赁","13","金融工具与保险合同","第六节 套期会计","套期再平衡","CH13-104","307","318"
"金融工具与租赁","13","金融工具与保险合同","第六节 套期会计","套期关系终止","CH13-105","307","318"
"金融工具与租赁","13","金融工具与保险合同","第六节 套期会计","公允价值套期损益","CH13-106","308","319"
"金融工具与租赁","13","金融工具与保险合同","第六节 套期会计","现金流量套期有效部分","CH13-107","309","320"
"金融工具与租赁","13","金融工具与保险合同","第六节 套期会计","现金流量套期无效部分","CH13-108","309","320"
"金融工具与租赁","13","金融工具与保险合同","第七节 金融工具的披露","金融工具披露目的","CH13-109","311","322"
"金融工具与租赁","13","金融工具与保险合同","第七节 金融工具的披露","公允价值指定披露","CH13-110","312","323"
"金融工具与租赁","13","金融工具与保险合同","第七节 金融工具的披露","最大信用风险敞口","CH13-111","313","324"
"金融工具与租赁","13","金融工具与保险合同","第七节 金融工具的披露","公允价值与账面价值","CH13-112","315","326"
"金融工具与租赁","13","金融工具与保险合同","第七节 金融工具的披露","信用风险定义","CH13-113","316","327"
"金融工具与租赁","13","金融工具与保险合同","第七节 金融工具的披露","流动性风险含义","CH13-114","317","328"
"金融工具与租赁","13","金融工具与保险合同","第七节 金融工具的披露","到期期限金额","CH13-115","318","329"
"金融工具与租赁","13","金融工具与保险合同","第七节 金融工具的披露","市场风险含义","CH13-116","318","329"
"金融工具与租赁","13","金融工具与保险合同","第八节 保险合同概述","保险合同定义","CH13-117","319","330"
"金融工具与租赁","13","金融工具与保险合同","第八节 保险合同概述","非保险机构签发人","CH13-118","319","330"
"金融工具与租赁","13","金融工具与保险合同","第八节 保险合同概述","再保险合同","CH13-119","319","330"
"金融工具与租赁","13","金融工具与保险合同","第八节 保险合同概述","不利影响前提","CH13-120","320","331"
"金融工具与租赁","13","金融工具与保险合同","第八节 保险合同概述","保险风险来源","CH13-121","320","331"
"金融工具与租赁","13","金融工具与保险合同","第八节 保险合同概述","保险合同组确认时点","CH13-122","321","332"
"金融工具与租赁","13","金融工具与保险合同","第八节 保险合同概述","合同服务边际","CH13-123","321","332"
"金融工具与租赁","13","金融工具与保险合同","第八节 保险合同概述","固定收费服务合同选择","CH13-124","322","333"
"金融工具与租赁","13","金融工具与保险合同","第一节 金融工具概述","持有其他方权益工具","CH13-125","235","246"
"金融工具与租赁","13","金融工具与保险合同","第一节 金融工具概述","潜在有利条件交换权","CH13-126","235","246"
"金融工具与租赁","13","金融工具与保险合同","第一节 金融工具概述","收取可变数量自身股份","CH13-127","235","246"
"金融工具与租赁","13","金融工具与保险合同","第一节 金融工具概述","非金融项目合同例外","CH13-128","236","247"
"金融工具与租赁","13","金融工具与保险合同","第二节 金融资产和金融负债的分类和重分类","不以极端情形确定业务模式","CH13-129","238","249"
"金融工具与租赁","13","金融工具与保险合同","第二节 金融资产和金融负债的分类和重分类","实际现金流与原预期不同","CH13-130","238","249"
"金融工具与租赁","13","金融工具与保险合同","第二节 金融资产和金融负债的分类和重分类","利息的组成","CH13-131","240","251"
"金融工具与租赁","13","金融工具与保险合同","第二节 金融资产和金融负债的分类和重分类","抵押品不改变现金流测试","CH13-132","240","251"
"金融工具与租赁","13","金融工具与保险合同","第二节 金融资产和金融负债的分类和重分类","其他债权投资分类条件","CH13-133","241","252"
"金融工具与租赁","13","金融工具与保险合同","第二节 金融资产和金融负债的分类和重分类","特殊可回售工具投资方分类","CH13-134","243","254"
"金融工具与租赁","13","金融工具与保险合同","第二节 金融资产和金融负债的分类和重分类","财务担保和低息贷款承诺","CH13-135","243","254"
"金融工具与租赁","13","金融工具与保险合同","第二节 金融资产和金融负债的分类和重分类","购买方或有对价负债","CH13-136","244","255"
"金融工具与租赁","13","金融工具与保险合同","第二节 金融资产和金融负债的分类和重分类","公允价值选择权适用整体","CH13-137","244","255"
"金融工具与租赁","13","金融工具与保险合同","第二节 金融资产和金融负债的分类和重分类","可独立转让的附属衍生工具","CH13-138","245","256"
"金融工具与租赁","13","金融工具与保险合同","第二节 金融资产和金融负债的分类和重分类","金融资产主合同的混合合同","CH13-139","246","257"
"金融工具与租赁","13","金融工具与保险合同","第二节 金融资产和金融负债的分类和重分类","嵌入衍生工具分拆条件","CH13-140","246","257"
"金融工具与租赁","13","金融工具与保险合同","第二节 金融资产和金融负债的分类和重分类","不构成业务模式变更","CH13-141","247","258"
"金融工具与租赁","13","金融工具与保险合同","第二节 金融资产和金融负债的分类和重分类","摊余成本转当期损益公允价值","CH13-142","248","259"
"金融工具与租赁","13","金融工具与保险合同","第二节 金融资产和金融负债的分类和重分类","其他债权投资转摊余成本","CH13-143","248","259"
"金融工具与租赁","13","金融工具与保险合同","第二节 金融资产和金融负债的分类和重分类","其他债权投资转当期损益公允价值","CH13-144","249","260"
"金融工具与租赁","13","金融工具与保险合同","第二节 金融资产和金融负债的分类和重分类","当期损益公允价值转摊余成本","CH13-145","249","260"
"金融工具与租赁","13","金融工具与保险合同","第三节 金融负债和权益工具的区分","经济实质优先","CH13-146","250","261"
"金融工具与租赁","13","金融工具与保险合同","第三节 金融负债和权益工具的区分","强制付息永续债","CH13-147","251","262"
"金融工具与租赁","13","金融工具与保险合同","第三节 金融负债和权益工具的区分","自主决定股利","CH13-148","252","263"
"金融工具与租赁","13","金融工具与保险合同","第三节 金融负债和权益工具的区分","反稀释调整","CH13-149","255","266"
"金融工具与租赁","13","金融工具与保险合同","第三节 金融负债和权益工具的区分","或有结算例外","CH13-150","257","268"
"金融工具与租赁","13","金融工具与保险合同","第三节 金融负债和权益工具的区分","结算选择权","CH13-151","259","270"
"金融工具与租赁","13","金融工具与保险合同","第三节 金融负债和权益工具的区分","权益工具重分类为负债","CH13-152","263","274"
"金融工具与租赁","13","金融工具与保险合同","第三节 金融负债和权益工具的区分","金融负债重分类为权益","CH13-153","263","274"
"金融工具与租赁","13","金融工具与保险合同","第三节 金融负债和权益工具的区分","权益工具发行费用","CH13-154","264","275"
"金融工具与租赁","13","金融工具与保险合同","第三节 金融负债和权益工具的区分","库存股再次出售","CH13-155","264","275"
"金融工具与租赁","13","金融工具与保险合同","第三节 金融负债和权益工具的区分","复合工具初始拆分顺序","CH13-156","265","276"
"金融工具与租赁","13","金融工具与保险合同","第三节 金融负债和权益工具的区分","可转换工具转换","CH13-157","265","276"
"金融工具与租赁","13","金融工具与保险合同","第三节 金融负债和权益工具的区分","促成提前转换","CH13-158","267","278"
"金融工具与租赁","13","金融工具与保险合同","第三节 金融负债和权益工具的区分","永续债清偿顺序","CH13-159","268","279"
"金融工具与租赁","13","金融工具与保险合同","第三节 金融负债和权益工具的区分","永续债持有方分类","CH13-160","268","279"
"金融工具与租赁","13","金融工具与保险合同","第四节 金融工具的确认和计量","金融负债百分之十测试","CH13-161","269","280"
"金融工具与租赁","13","金融工具与保险合同","第四节 金融工具的确认和计量","电子支付提前终止确认","CH13-162","269","280"
"金融工具与租赁","13","金融工具与保险合同","第四节 金融工具的确认和计量","首日公允价值差额可观察","CH13-163","270","281"
"金融工具与租赁","13","金融工具与保险合同","第四节 金融工具的确认和计量","首日公允价值差额递延","CH13-164","270","281"
"金融工具与租赁","13","金融工具与保险合同","第四节 金融工具的确认和计量","实际利率不含预期损失","CH13-165","270","281"
"金融工具与租赁","13","金融工具与保险合同","第四节 金融工具的确认和计量","金融资产非终止修改","CH13-166","271","282"
"金融工具与租赁","13","金融工具与保险合同","第四节 金融工具的确认和计量","股利收入确认条件","CH13-167","276","287"
"金融工具与租赁","13","金融工具与保险合同","第四节 金融工具的确认和计量","其他债权投资利息","CH13-168","275","286"
"金融工具与租赁","13","金融工具与保险合同","第四节 金融工具的确认和计量","财务担保后续计量","CH13-169","282","293"
"金融工具与租赁","13","金融工具与保险合同","第四节 金融工具的确认和计量","预期信用损失适用范围","CH13-170","284","295"
"金融工具与租赁","13","金融工具与保险合同","第四节 金融工具的确认和计量","迟收也可能有信用损失","CH13-171","284","295"
"金融工具与租赁","13","金融工具与保险合同","第四节 金融工具的确认和计量","低信用风险简化选择","CH13-172","285","296"
"金融工具与租赁","13","金融工具与保险合同","第四节 金融工具的确认和计量","其他应收款减值阶段","CH13-173","286","297"
"金融工具与租赁","13","金融工具与保险合同","第四节 金融工具的确认和计量","信用增级避免重复","CH13-174","285","296"
"金融工具与租赁","13","金融工具与保险合同","第四节 金融工具的确认和计量","已核销资产后又收回","CH13-175","288","299"
"金融工具与租赁","13","金融工具与保险合同","第五节 金融资产转移","合并报表层面判断","CH13-176","289","300"
"金融工具与租赁","13","金融工具与保险合同","第五节 金融资产转移","固定前额现金流不是比例部分","CH13-177","290","301"
"金融工具与租赁","13","金融工具与保险合同","第五节 金融资产转移","过手安排收付对应","CH13-178","291","302"
"金融工具与租赁","13","金融工具与保险合同","第五节 金融资产转移","过手安排不得自由处分","CH13-179","292","303"
"金融工具与租赁","13","金融工具与保险合同","第五节 金融资产转移","过手安排及时划转","CH13-180","292","303"
"金融工具与租赁","13","金融工具与保险合同","第五节 金融资产转移","公允价值回购","CH13-181","293","304"
"金融工具与租赁","13","金融工具与保险合同","第五节 金融资产转移","证券出借","CH13-182","294","305"
"金融工具与租赁","13","金融工具与保险合同","第五节 金融资产转移","风险报酬均未实质转移且未控制","CH13-183","295","306"
"金融工具与租赁","13","金融工具与保险合同","第五节 金融资产转移","部分终止确认分配","CH13-184","296","307"
"金融工具与租赁","13","金融工具与保险合同","第五节 金融资产转移","继续涉入限额","CH13-185","297","308"
"金融工具与租赁","13","金融工具与保险合同","第六节 套期会计","符合条件的套期工具","CH13-186","301","312"
"金融工具与租赁","13","金融工具与保险合同","第六节 套期会计","套期工具指定比例","CH13-187","302","313"
"金融工具与租赁","13","金融工具与保险合同","第六节 套期会计","单一工具多风险套期","CH13-188","302","313"
"金融工具与租赁","13","金融工具与保险合同","第六节 套期会计","符合条件的被套期项目","CH13-189","303","314"
"金融工具与租赁","13","金融工具与保险合同","第六节 套期会计","风险组成部分指定","CH13-190","304","315"
"金融工具与租赁","13","金融工具与保险合同","第六节 套期会计","层级部分","CH13-191","304","315"
"金融工具与租赁","13","金融工具与保险合同","第六节 套期会计","汇总风险敞口","CH13-192","305","316"
"金融工具与租赁","13","金融工具与保险合同","第六节 套期会计","现金流量套期净敞口限制","CH13-193","305","316"
"金融工具与租赁","13","金融工具与保险合同","第六节 套期会计","合并层面集团内部项目","CH13-194","305","316"
"金融工具与租赁","13","金融工具与保险合同","第六节 套期会计","信用风险不得主导","CH13-195","306","317"
"金融工具与租赁","13","金融工具与保险合同","第六节 套期会计","确定承诺公允价值套期","CH13-196","307","318"
"金融工具与租赁","13","金融工具与保险合同","第六节 套期会计","现金流量套期储备上限","CH13-197","309","320"
"金融工具与租赁","13","金融工具与保险合同","第六节 套期会计","预期交易形成非金融资产","CH13-198","309","320"
"金融工具与租赁","13","金融工具与保险合同","第六节 套期会计","预期现金流不再发生","CH13-199","309","320"
"金融工具与租赁","13","金融工具与保险合同","第六节 套期会计","境外经营净投资套期","CH13-200","310","321"
"金融工具与租赁","13","金融工具与保险合同","第六节 套期会计","信用风险公允价值选择条件","CH13-201","311","322"
"金融工具与租赁","13","金融工具与保险合同","第七节 金融工具的披露","金融资产重分类披露","CH13-202","313","324"
"金融工具与租赁","13","金融工具与保险合同","第七节 金融工具的披露","金融工具抵销披露","CH13-203","314","325"
"金融工具与租赁","13","金融工具与保险合同","第七节 金融工具的披露","担保物披露","CH13-204","314","325"
"金融工具与租赁","13","金融工具与保险合同","第七节 金融工具的披露","风险定量信息基础","CH13-205","316","327"
"金融工具与租赁","13","金融工具与保险合同","第七节 金融工具的披露","市场风险敏感性分析","CH13-206","318","329"
"金融工具与租赁","13","金融工具与保险合同","第八节 保险合同概述","保单持有人范围","CH13-207","319","330"
"金融工具与租赁","13","金融工具与保险合同","第八节 保险合同概述","非现金保险赔偿","CH13-208","319","330"
"金融工具与租赁","13","金融工具与保险合同","第八节 保险合同概述","仅承担金融风险","CH13-209","320","331"
"金融工具与租赁","13","金融工具与保险合同","第八节 保险合同概述","保险合同一般计量组成","CH13-210","321","332"
"金融工具与租赁","13","金融工具与保险合同","第八节 保险合同概述","保险服务收入排除投资成分","CH13-211","321","332"
"金融工具与租赁","13","金融工具与保险合同","第八节 保险合同概述","财务担保合同政策选择","CH13-212","321","332"
"金融工具与租赁","13","金融工具与保险合同","第八节 保险合同概述","赔偿限于支付义务合同","CH13-213","322","333"
"金融工具与租赁","13","金融工具与保险合同","第八节 保险合同概述","相机参与分红投资合同","CH13-214","322","333"
"金融工具与租赁","14","租赁","第一节 租赁概述","租赁的含义","CH14-001","324","335"
"金融工具与租赁","14","租赁","第一节 租赁概述","租赁识别三要素","CH14-002","324","335"
"金融工具与租赁","14","租赁","第一节 租赁概述","以使用量表示期间","CH14-003","324","335"
"金融工具与租赁","14","租赁","第一节 租赁概述","租赁识别评估日","CH14-004","324","335"
"金融工具与租赁","14","租赁","第一节 租赁概述","资产隐性指定","CH14-005","324","335"
"金融工具与租赁","14","租赁","第一节 租赁概述","物理可区分部分","CH14-006","325","336"
"金融工具与租赁","14","租赁","第一节 租赁概述","不可区分的产能","CH14-007","325","336"
"金融工具与租赁","14","租赁","第一节 租赁概述","实质性替换权","CH14-008","325","336"
"金融工具与租赁","14","租赁","第一节 租赁概述","替换权两条件","CH14-009","325","336"
"金融工具与租赁","14","租赁","第一节 租赁概述","几乎全部经济利益","CH14-010","326","337"
"金融工具与租赁","14","租赁","第一节 租赁概述","收入分成与经济利益","CH14-011","326","337"
"金融工具与租赁","14","租赁","第一节 租赁概述","主导资产用途","CH14-012","326","337"
"金融工具与租赁","14","租赁","第一节 租赁概述","预定用途下的控制","CH14-013","326","337"
"金融工具与租赁","14","租赁","第一节 租赁概述","保护性限制","CH14-014","327","338"
"金融工具与租赁","14","租赁","第一节 租赁概述","单独租赁条件","CH14-015","327","338"
"金融工具与租赁","14","租赁","第一节 租赁概述","租赁与服务分拆","CH14-016","327","338"
"金融工具与租赁","14","租赁","第一节 租赁概述","相关租赁合同合并","CH14-017","329","340"
"金融工具与租赁","14","租赁","第一节 租赁概述","租赁期基础","CH14-018","329","340"
"金融工具与租赁","14","租赁","第一节 租赁概述","租赁期开始日","CH14-019","329","340"
"金融工具与租赁","14","租赁","第一节 租赁概述","续租选择权计入租赁期","CH14-020","329","340"
"金融工具与租赁","14","租赁","第一节 租赁概述","终止选择权与租赁期","CH14-021","329","340"
"金融工具与租赁","14","租赁","第一节 租赁概述","双方可无重大惩罚终止","CH14-022","330","341"
"金融工具与租赁","14","租赁","第一节 租赁概述","终止惩罚的判断","CH14-023","330","341"
"金融工具与租赁","14","租赁","第一节 租赁概述","租赁期重新评估","CH14-024","331","342"
"金融工具与租赁","14","租赁","第二节 承租人会计处理","承租人基本确认","CH14-025","332","343"
"金融工具与租赁","14","租赁","第二节 承租人会计处理","租赁负债初始金额","CH14-026","332","343"
"金融工具与租赁","14","租赁","第二节 承租人会计处理","固定租金","CH14-027","332","343"
"金融工具与租赁","14","租赁","第二节 承租人会计处理","租赁激励","CH14-028","332","343"
"金融工具与租赁","14","租赁","第二节 承租人会计处理","实质固定付款额","CH14-029","332","343"
"金融工具与租赁","14","租赁","第二节 承租人会计处理","指数挂钩租金","CH14-030","333","344"
"金融工具与租赁","14","租赁","第二节 承租人会计处理","销售提成租金","CH14-031","333","344"
"金融工具与租赁","14","租赁","第二节 承租人会计处理","购买选择权行权价","CH14-032","333","344"
"金融工具与租赁","14","租赁","第二节 承租人会计处理","终止租赁罚款","CH14-033","333","344"
"金融工具与租赁","14","租赁","第二节 承租人会计处理","折现率优先顺序","CH14-034","334","345"
"金融工具与租赁","14","租赁","第二节 承租人会计处理","增量借款利率","CH14-035","334","345"
"金融工具与租赁","14","租赁","第二节 承租人会计处理","初始直接费用定义","CH14-036","334","345"
"金融工具与租赁","14","租赁","第二节 承租人会计处理","一般洽谈成本","CH14-037","334","345"
"金融工具与租赁","14","租赁","第二节 承租人会计处理","使用权资产成本构成","CH14-038","334","345"
"金融工具与租赁","14","租赁","第二节 承租人会计处理","拆卸复原义务","CH14-039","334","345"
"金融工具与租赁","14","租赁","第二节 承租人会计处理","租赁资产改良支出","CH14-040","335","346"
"金融工具与租赁","14","租赁","第二节 承租人会计处理","租赁负债利息","CH14-041","336","347"
"金融工具与租赁","14","租赁","第二节 承租人会计处理","支付租金对负债影响","CH14-042","336","347"
"金融工具与租赁","14","租赁","第二节 承租人会计处理","租赁负债利息费用","CH14-043","336","347"
"金融工具与租赁","14","租赁","第二节 承租人会计处理","实际发生的可变租金","CH14-044","336","347"
"金融工具与租赁","14","租赁","第二节 承租人会计处理","担保余值重估","CH14-045","337","348"
"金融工具与租赁","14","租赁","第二节 承租人会计处理","浮动利率变化重估","CH14-046","337","348"
"金融工具与租赁","14","租赁","第二节 承租人会计处理","续租选择权重新评估","CH14-047","338","349"
"金融工具与租赁","14","租赁","第二节 承租人会计处理","使用权资产后续模式","CH14-048","339","350"
"金融工具与租赁","14","租赁","第二节 承租人会计处理","使用权资产折旧年限","CH14-049","339","350"
"金融工具与租赁","14","租赁","第二节 承租人会计处理","使用权资产减值","CH14-050","340","351"
"金融工具与租赁","14","租赁","第二节 承租人会计处理","单独租赁变更","CH14-051","340","351"
"金融工具与租赁","14","租赁","第二节 承租人会计处理","非单独租赁变更","CH14-052","340","351"
"金融工具与租赁","14","租赁","第二节 承租人会计处理","缩小范围变更","CH14-053","340","351"
"金融工具与租赁","14","租赁","第二节 承租人会计处理","短期租赁定义","CH14-054","341","352"
"金融工具与租赁","14","租赁","第二节 承租人会计处理","短期租赁购买选择权","CH14-055","341","352"
"金融工具与租赁","14","租赁","第二节 承租人会计处理","低价值判断基础","CH14-056","341","352"
"金融工具与租赁","14","租赁","第二节 承租人会计处理","低价值转租限制","CH14-057","341","352"
"金融工具与租赁","14","租赁","第三节 出租人会计处理","出租人租赁分类","CH14-058","342","353"
"金融工具与租赁","14","租赁","第三节 出租人会计处理","租赁开始日","CH14-059","342","353"
"金融工具与租赁","14","租赁","第三节 出租人会计处理","融资租赁实质","CH14-060","342","353"
"金融工具与租赁","14","租赁","第三节 出租人会计处理","经营租赁实质","CH14-061","342","353"
"金融工具与租赁","14","租赁","第三节 出租人会计处理","出租人重分类","CH14-062","342","353"
"金融工具与租赁","14","租赁","第三节 出租人会计处理","所有权转移迹象","CH14-063","342","353"
"金融工具与租赁","14","租赁","第三节 出租人会计处理","优惠购买权迹象","CH14-064","342","353"
"金融工具与租赁","14","租赁","第三节 出租人会计处理","租赁期占寿命比重","CH14-065","343","354"
"金融工具与租赁","14","租赁","第三节 出租人会计处理","租赁款现值迹象","CH14-066","343","354"
"金融工具与租赁","14","租赁","第三节 出租人会计处理","专用资产迹象","CH14-067","343","354"
"金融工具与租赁","14","租赁","第三节 出租人会计处理","分类迹象非决定性","CH14-068","343","354"
"金融工具与租赁","14","租赁","第三节 出租人会计处理","融资租赁初始确认","CH14-069","343","354"
"金融工具与租赁","14","租赁","第三节 出租人会计处理","租赁投资净额","CH14-070","343","354"
"金融工具与租赁","14","租赁","第三节 出租人会计处理","租赁保证金","CH14-071","344","355"
"金融工具与租赁","14","租赁","第三节 出租人会计处理","增值税与租赁收款额","CH14-072","344","355"
"金融工具与租赁","14","租赁","第三节 出租人会计处理","融资租赁利息收入","CH14-073","346","357"
"金融工具与租赁","14","租赁","第三节 出租人会计处理","出租人单独租赁变更","CH14-074","347","358"
"金融工具与租赁","14","租赁","第三节 出租人会计处理","经营租赁租金收入","CH14-075","348","359"
"金融工具与租赁","14","租赁","第三节 出租人会计处理","免租期收入","CH14-076","348","359"
"金融工具与租赁","14","租赁","第三节 出租人会计处理","经营租赁初始直接费","CH14-077","348","359"
"金融工具与租赁","14","租赁","第三节 出租人会计处理","经营租赁资产折旧","CH14-078","348","359"
"金融工具与租赁","14","租赁","第四节 特殊租赁业务的会计处理","转租分类基础","CH14-079","349","360"
"金融工具与租赁","14","租赁","第四节 特殊租赁业务的会计处理","转租与原租赁负债","CH14-080","349","360"
"金融工具与租赁","14","租赁","第四节 特殊租赁业务的会计处理","短期原租赁的转租","CH14-081","349","360"
"金融工具与租赁","14","租赁","第四节 特殊租赁业务的会计处理","生产商融资租赁销售","CH14-082","349","360"
"金融工具与租赁","14","租赁","第四节 特殊租赁业务的会计处理","生产商销售收入计量","CH14-083","349","360"
"金融工具与租赁","14","租赁","第四节 特殊租赁业务的会计处理","低利率促销租赁","CH14-084","351","362"
"金融工具与租赁","14","租赁","第四节 特殊租赁业务的会计处理","售后租回判断基础","CH14-085","351","362"
"金融工具与租赁","14","租赁","第四节 特殊租赁业务的会计处理","销售成立的售后租回","CH14-086","351","362"
"金融工具与租赁","14","租赁","第四节 特殊租赁业务的会计处理","不成立销售的卖方处理","CH14-087","352","363"
"金融工具与租赁","14","租赁","第四节 特殊租赁业务的会计处理","不成立销售的买方处理","CH14-088","352","363"
"金融工具与租赁","14","租赁","第四节 特殊租赁业务的会计处理","高于公允价值的售价","CH14-089","353","364"
"资产与投资","15","持有待售的非流动资产、处置组和终止经营","第一节 持有待售的非流动资产和处置组","持有待售分类原则","CH15-001","355","366"
"资产与投资","15","持有待售的非流动资产、处置组和终止经营","第一节 持有待售的非流动资产和处置组","处置组定义","CH15-002","355","366"
"资产与投资","15","持有待售的非流动资产、处置组和终止经营","第一节 持有待售的非流动资产和处置组","处置组中的商誉","CH15-003","355","366"
"资产与投资","15","持有待售的非流动资产、处置组和终止经营","第一节 持有待售的非流动资产和处置组","零星继续使用","CH15-004","355","366"
"资产与投资","15","持有待售的非流动资产、处置组和终止经营","第一节 持有待售的非流动资产和处置组","分类两个条件","CH15-005","355","366"
"资产与投资","15","持有待售的非流动资产、处置组和终止经营","第一节 持有待售的非流动资产和处置组","出售形式","CH15-006","355","366"
"资产与投资","15","持有待售的非流动资产、处置组和终止经营","第一节 持有待售的非流动资产和处置组","立即出售","CH15-007","356","367"
"资产与投资","15","持有待售的非流动资产、处置组和终止经营","第一节 持有待售的非流动资产和处置组","不属于正常出售准备","CH15-008","356","367"
"资产与投资","15","持有待售的非流动资产、处置组和终止经营","第一节 持有待售的非流动资产和处置组","确定购买承诺","CH15-009","356","367"
"资产与投资","15","持有待售的非流动资产、处置组和终止经营","第一节 持有待售的非流动资产和处置组","出售极可能发生","CH15-010","356","367"
"资产与投资","15","持有待售的非流动资产、处置组和终止经营","第一节 持有待售的非流动资产和处置组","必要批准","CH15-011","356","367"
"资产与投资","15","持有待售的非流动资产、处置组和终止经营","第一节 持有待售的非流动资产和处置组","持有待分配给所有者","CH15-012","356","367"
"资产与投资","15","持有待售的非流动资产、处置组和终止经营","第一节 持有待售的非流动资产和处置组","一年期限例外前提","CH15-013","357","368"
"资产与投资","15","持有待售的非流动资产、处置组和终止经营","第一节 持有待售的非流动资产和处置组","关联方延期","CH15-014","357","368"
"资产与投资","15","持有待售的非流动资产、处置组和终止经营","第一节 持有待售的非流动资产和处置组","意外设定条件","CH15-015","357","368"
"资产与投资","15","持有待售的非流动资产、处置组和终止经营","第一节 持有待售的非流动资产和处置组","罕见情况","CH15-016","357","368"
"资产与投资","15","持有待售的非流动资产、处置组和终止经营","第一节 持有待售的非流动资产和处置组","不再符合条件","CH15-017","358","369"
"资产与投资","15","持有待售的非流动资产、处置组和终止经营","第一节 持有待售的非流动资产和处置组","处置组成员移除","CH15-018","358","369"
"资产与投资","15","持有待售的非流动资产、处置组和终止经营","第一节 持有待售的非流动资产和处置组","专为转售而取得","CH15-019","358","369"
"资产与投资","15","持有待售的非流动资产、处置组和终止经营","第一节 持有待售的非流动资产和处置组","出售子公司但仍控制","CH15-020","358","369"
"资产与投资","15","持有待售的非流动资产、处置组和终止经营","第一节 持有待售的非流动资产和处置组","出售子公司失去控制个别报表","CH15-021","358","369"
"资产与投资","15","持有待售的非流动资产、处置组和终止经营","第一节 持有待售的非流动资产和处置组","出售子公司失去控制合并报表","CH15-022","358","369"
"资产与投资","15","持有待售的非流动资产、处置组和终止经营","第一节 持有待售的非流动资产和处置组","合并范围","CH15-023","359","370"
"资产与投资","15","持有待售的非流动资产、处置组和终止经营","第一节 持有待售的非流动资产和处置组","联营合营投资部分出售","CH15-024","359","370"
"资产与投资","15","持有待售的非流动资产、处置组和终止经营","第一节 持有待售的非流动资产和处置组","待售联营投资的其他综合收益","CH15-025","359","370"
"资产与投资","15","持有待售的非流动资产、处置组和终止经营","第一节 持有待售的非流动资产和处置组","结束使用而非出售","CH15-026","360","371"
"资产与投资","15","持有待售的非流动资产、处置组和终止经营","第一节 持有待售的非流动资产和处置组","暂时停用","CH15-027","360","371"
"资产与投资","15","持有待售的非流动资产、处置组和终止经营","第一节 持有待售的非流动资产和处置组","拟结束使用的处置组","CH15-028","360","371"
"资产与投资","15","持有待售的非流动资产、处置组和终止经营","第一节 持有待售的非流动资产和处置组","计量适用范围","CH15-029","360","371"
"资产与投资","15","持有待售的非流动资产、处置组和终止经营","第一节 持有待售的非流动资产和处置组","分类前计量","CH15-030","361","372"
"资产与投资","15","持有待售的非流动资产、处置组和终止经营","第一节 持有待售的非流动资产和处置组","初始计量孰低","CH15-031","361","372"
"资产与投资","15","持有待售的非流动资产、处置组和终止经营","第一节 持有待售的非流动资产和处置组","初始计量不调增","CH15-032","361","372"
"资产与投资","15","持有待售的非流动资产、处置组和终止经营","第一节 持有待售的非流动资产和处置组","出售费用范围","CH15-033","361","372"
"资产与投资","15","持有待售的非流动资产、处置组和终止经营","第一节 持有待售的非流动资产和处置组","出售费用排除","CH15-034","361","372"
"资产与投资","15","持有待售的非流动资产、处置组和终止经营","第一节 持有待售的非流动资产和处置组","出售净额为负","CH15-035","361","372"
"资产与投资","15","持有待售的非流动资产、处置组和终止经营","第一节 持有待售的非流动资产和处置组","购买承诺与公允价值","CH15-036","361","372"
"资产与投资","15","持有待售的非流动资产、处置组和终止经营","第一节 持有待售的非流动资产和处置组","取得日专为转售资产初始计量","CH15-037","362","373"
"资产与投资","15","持有待售的非流动资产、处置组和终止经营","第一节 持有待售的非流动资产和处置组","持有待分配给所有者的计量","CH15-038","362","373"
"资产与投资","15","持有待售的非流动资产、处置组和终止经营","第一节 持有待售的非流动资产和处置组","后续减值","CH15-039","363","374"
"资产与投资","15","持有待售的非流动资产、处置组和终止经营","第一节 持有待售的非流动资产和处置组","后续转回范围","CH15-040","363","374"
"资产与投资","15","持有待售的非流动资产、处置组和终止经营","第一节 持有待售的非流动资产和处置组","停止折旧摊销","CH15-041","363","374"
"资产与投资","15","持有待售的非流动资产、处置组和终止经营","第一节 持有待售的非流动资产和处置组","处置组后续计量顺序","CH15-042","363","374"
"资产与投资","15","持有待售的非流动资产、处置组和终止经营","第一节 持有待售的非流动资产和处置组","处置组减值分摊","CH15-043","363","374"
"资产与投资","15","持有待售的非流动资产、处置组和终止经营","第一节 持有待售的非流动资产和处置组","处置组分摊对象","CH15-044","363","374"
"资产与投资","15","持有待售的非流动资产、处置组和终止经营","第一节 持有待售的非流动资产和处置组","处置组后续转回","CH15-045","364","375"
"资产与投资","15","持有待售的非流动资产、处置组和终止经营","第一节 持有待售的非流动资产和处置组","处置组减值分摊计算","CH15-046","366","377"
"资产与投资","15","持有待售的非流动资产、处置组和终止经营","第一节 持有待售的非流动资产和处置组","处置组折旧与负债利息","CH15-047","368","379"
"资产与投资","15","持有待售的非流动资产、处置组和终止经营","第一节 持有待售的非流动资产和处置组","不再持有待售的计量","CH15-048","369","380"
"资产与投资","15","持有待售的非流动资产、处置组和终止经营","第一节 持有待售的非流动资产和处置组","持有待售与持有待分配重分类","CH15-049","369","380"
"资产与投资","15","持有待售的非流动资产、处置组和终止经营","第一节 持有待售的非流动资产和处置组","终止确认损益","CH15-050","369","380"
"资产与投资","15","持有待售的非流动资产、处置组和终止经营","第一节 持有待售的非流动资产和处置组","境外经营处置差额","CH15-051","369","380"
"资产与投资","15","持有待售的非流动资产、处置组和终止经营","第一节 持有待售的非流动资产和处置组","资产负债列报","CH15-052","370","381"
"资产与投资","15","持有待售的非流动资产、处置组和终止经营","第一节 持有待售的非流动资产和处置组","分类后比较报表","CH15-053","370","381"
"资产与投资","15","持有待售的非流动资产、处置组和终止经营","第一节 持有待售的非流动资产和处置组","期后满足分类条件","CH15-054","370","381"
"资产与投资","15","持有待售的非流动资产、处置组和终止经营","第二节 终止经营","终止经营基本定义","CH15-055","371","382"
"资产与投资","15","持有待售的非流动资产、处置组和终止经营","第二节 终止经营","终止经营规模","CH15-056","371","382"
"资产与投资","15","持有待售的非流动资产、处置组和终止经营","第二节 终止经营","专为转售子公司规模","CH15-057","371","382"
"资产与投资","15","持有待售的非流动资产、处置组和终止经营","第二节 终止经营","终止经营时点","CH15-058","371","382"
"资产与投资","15","持有待售的非流动资产、处置组和终止经营","第二节 终止经营","结束使用但余项未清","CH15-059","372","383"
"资产与投资","15","持有待售的非流动资产、处置组和终止经营","第二节 终止经营","相关联处置计划","CH15-060","372","383"
"资产与投资","15","持有待售的非流动资产、处置组和终止经营","第二节 终止经营","持续与终止损益分别列报","CH15-061","372","383"
"资产与投资","15","持有待售的非流动资产、处置组和终止经营","第二节 终止经营","非终止经营的持有待售损益","CH15-062","372","383"
"资产与投资","15","持有待售的非流动资产、处置组和终止经营","第二节 终止经营","终止经营全期间损益","CH15-063","372","383"
"资产与投资","15","持有待售的非流动资产、处置组和终止经营","第二节 终止经营","终止经营增量费用","CH15-064","373","384"
"资产与投资","15","持有待售的非流动资产、处置组和终止经营","第二节 终止经营","非出售必要费用","CH15-065","373","384"
"资产与投资","15","持有待售的非流动资产、处置组和终止经营","第二节 终止经营","拟结束使用处置组列报起点","CH15-066","373","384"
"资产与投资","15","持有待售的非流动资产、处置组和终止经营","第二节 终止经营","可比期间利润表重列","CH15-067","373","384"
"资产与投资","15","持有待售的非流动资产、处置组和终止经营","第二节 终止经营","终止经营不再符合条件","CH15-068","373","384"
"资产与投资","15","持有待售的非流动资产、处置组和终止经营","第二节 终止经营","专为转售子公司合并范围","CH15-069","373","384"
"资产与投资","15","持有待售的非流动资产、处置组和终止经营","第二节 终止经营","处置损益后续调整","CH15-070","373","384"
"资产与投资","15","持有待售的非流动资产、处置组和终止经营","第二节 终止经营","专为转售子公司列报","CH15-071","374","385"
"资产与投资","15","持有待售的非流动资产、处置组和终止经营","第二节 终止经营","退出持有待售的报表列报","CH15-072","374","385"
"资产与投资","15","持有待售的非流动资产、处置组和终止经营","第二节 终止经营","联营企业投资退出分类","CH15-073","374","385"
"负债与权益","16","所有者权益","第一节 实收资本","所有者权益组成","CH16-001","375","386"
"负债与权益","16","所有者权益","第一节 实收资本","留存收益组成","CH16-002","375","386"
"负债与权益","16","所有者权益","第一节 实收资本","实收资本定义","CH16-003","375","386"
"负债与权益","16","所有者权益","第一节 实收资本","投资者出资比例","CH16-004","375","386"
"负债与权益","16","所有者权益","第一节 实收资本","股份公司股本科目","CH16-005","375","386"
"负债与权益","16","所有者权益","第一节 实收资本","现金出资","CH16-006","375","386"
"负债与权益","16","所有者权益","第一节 实收资本","非现金出资","CH16-007","375","386"
"负债与权益","16","所有者权益","第一节 实收资本","超出注册资本份额的投入","CH16-008","376","387"
"负债与权益","16","所有者权益","第一节 实收资本","面额股股本","CH16-009","376","387"
"负债与权益","16","所有者权益","第一节 实收资本","股本溢价","CH16-010","376","387"
"负债与权益","16","所有者权益","第一节 实收资本","资本公积转增资本","CH16-011","377","388"
"负债与权益","16","所有者权益","第一节 实收资本","盈余公积转增资本","CH16-012","377","388"
"负债与权益","16","所有者权益","第一节 实收资本","所有者追加投入","CH16-013","377","388"
"负债与权益","16","所有者权益","第一节 实收资本","股票股利","CH16-014","377","388"
"负债与权益","16","所有者权益","第一节 实收资本","减资返还出资","CH16-015","378","389"
"负债与权益","16","所有者权益","第一节 实收资本","库存股回购","CH16-016","378","389"
"负债与权益","16","所有者权益","第一节 实收资本","注销库存股","CH16-017","378","389"
"负债与权益","16","所有者权益","第一节 实收资本","库存股回购溢价","CH16-018","378","389"
"负债与权益","16","所有者权益","第二节 其他权益工具","其他权益工具分类","CH16-019","378","389"
"负债与权益","16","所有者权益","第二节 其他权益工具","权益工具分配","CH16-020","379","390"
"负债与权益","16","所有者权益","第二节 其他权益工具","金融负债工具利息","CH16-021","379","390"
"负债与权益","16","所有者权益","第二节 其他权益工具","债务工具发行费用","CH16-022","379","390"
"负债与权益","16","所有者权益","第二节 其他权益工具","权益工具发行费用","CH16-023","379","390"
"负债与权益","16","所有者权益","第二节 其他权益工具","复合金融工具拆分","CH16-024","380","391"
"负债与权益","16","所有者权益","第二节 其他权益工具","复合工具交易费用分摊","CH16-025","380","391"
"负债与权益","16","所有者权益","第二节 其他权益工具","权益转金融负债","CH16-026","380","391"
"负债与权益","16","所有者权益","第二节 其他权益工具","工具转普通股","CH16-027","381","392"
"负债与权益","16","所有者权益","第二节 其他权益工具","持有人分类","CH16-028","381","392"
"负债与权益","16","所有者权益","第三节 资本公积、其他综合收益及留存收益","资本公积定义","CH16-029","381","392"
"负债与权益","16","所有者权益","第三节 资本公积、其他综合收益及留存收益","资本溢价","CH16-030","382","393"
"负债与权益","16","所有者权益","第三节 资本公积、其他综合收益及留存收益","股本溢价","CH16-031","382","393"
"负债与权益","16","所有者权益","第三节 资本公积、其他综合收益及留存收益","资本公积转增资本","CH16-032","383","394"
"负债与权益","16","所有者权益","第三节 资本公积、其他综合收益及留存收益","其他综合收益定义","CH16-033","383","394"
"负债与权益","16","所有者权益","第三节 资本公积、其他综合收益及留存收益","OCI两类","CH16-034","383","394"
"负债与权益","16","所有者权益","第三节 资本公积、其他综合收益及留存收益","设定受益计划重新计量","CH16-035","383","394"
"负债与权益","16","所有者权益","第三节 资本公积、其他综合收益及留存收益","非交易性权益工具OCI","CH16-036","383","394"
"负债与权益","16","所有者权益","第三节 资本公积、其他综合收益及留存收益","投资性房地产转换OCI","CH16-037","384","395"
"负债与权益","16","所有者权益","第三节 资本公积、其他综合收益及留存收益","外币报表折算差额","CH16-038","384","395"
"负债与权益","16","所有者权益","第三节 资本公积、其他综合收益及留存收益","留存收益","CH16-039","384","395"
"负债与权益","16","所有者权益","第三节 资本公积、其他综合收益及留存收益","法定与任意盈余公积","CH16-040","385","396"
"负债与权益","16","所有者权益","第三节 资本公积、其他综合收益及留存收益","盈余公积弥补亏损","CH16-041","385","396"
"负债与权益","16","所有者权益","第三节 资本公积、其他综合收益及留存收益","盈余公积转增资本","CH16-042","385","396"
"负债与权益","16","所有者权益","第三节 资本公积、其他综合收益及留存收益","法定盈余公积转增限额","CH16-043","385","396"
"负债与权益","16","所有者权益","第三节 资本公积、其他综合收益及留存收益","现金股利分配","CH16-044","386","397"
"负债与权益","16","所有者权益","第三节 资本公积、其他综合收益及留存收益","股票股利办理增资","CH16-045","386","397"
"负债与权益","16","所有者权益","第三节 资本公积、其他综合收益及留存收益","本年利润结转","CH16-046","386","397"
"负债与权益","16","所有者权益","第三节 资本公积、其他综合收益及留存收益","未分配利润借方余额","CH16-047","386","397"
"负债与权益","16","所有者权益","第三节 资本公积、其他综合收益及留存收益","利润弥补以前亏损","CH16-048","386","397"
"负债与权益","16","所有者权益","第一节 实收资本","可转换公司债券转股","CH16-049","377","388"
"负债与权益","16","所有者权益","第一节 实收资本","债务重组转为资本","CH16-050","377","388"
"负债与权益","16","所有者权益","第一节 实收资本","权益结算股份支付行权增资","CH16-051","377","388"
"负债与权益","16","所有者权益","第三节 资本公积、其他综合收益及留存收益","股份支付形成其他资本公积","CH16-052","382","393"
"负债与权益","16","所有者权益","第三节 资本公积、其他综合收益及留存收益","权益法形成其他资本公积","CH16-053","382","393"
"负债与权益","16","所有者权益","第三节 资本公积、其他综合收益及留存收益","自身信用风险其他综合收益","CH16-054","383","394"
"负债与权益","16","所有者权益","第三节 资本公积、其他综合收益及留存收益","其他债权投资累计损益","CH16-055","383","394"
"负债与权益","16","所有者权益","第三节 资本公积、其他综合收益及留存收益","金融资产重分类的其他综合收益","CH16-056","383","394"
"负债与权益","16","所有者权益","第三节 资本公积、其他综合收益及留存收益","权益法其他综合收益份额","CH16-057","383","394"
"负债与权益","16","所有者权益","第三节 资本公积、其他综合收益及留存收益","现金流量套期储备","CH16-058","384","395"
"负债与权益","16","所有者权益","第三节 资本公积、其他综合收益及留存收益","法定公积金提取比例","CH16-059","384","395"
"负债与权益","16","所有者权益","第三节 资本公积、其他综合收益及留存收益","弥补亏损优先顺序","CH16-060","384","395"
"负债与权益","16","所有者权益","第三节 资本公积、其他综合收益及留存收益","库存股不得分配利润","CH16-061","384","395"
"收入与特殊交易","17","收入、费用和利润","第一节 收入","收入的定义","CH17-001","388","399"
"收入与特殊交易","17","收入、费用和利润","第一节 收入","收入准则适用范围","CH17-002","388","399"
"收入与特殊交易","17","收入、费用和利润","第一节 收入","收入确认核心","CH17-003","388","399"
"收入与特殊交易","17","收入、费用和利润","第一节 收入","商品控制权","CH17-004","388","399"
"收入与特殊交易","17","收入、费用和利润","第一节 收入","收入五步法","CH17-005","389","400"
"收入与特殊交易","17","收入、费用和利润","第一节 收入","交易价格分摊步骤","CH17-006","389","400"
"收入与特殊交易","17","收入、费用和利润","第一节 收入","合同形式","CH17-007","389","400"
"收入与特殊交易","17","收入、费用和利润","第一节 收入","合同成立五条件","CH17-008","389","400"
"收入与特殊交易","17","收入、费用和利润","第一节 收入","商业实质","CH17-009","389","400"
"收入与特殊交易","17","收入、费用和利润","第一节 收入","对价很可能收回","CH17-010","389","400"
"收入与特殊交易","17","收入、费用和利润","第一节 收入","完全未执行合同","CH17-011","389","400"
"收入与特殊交易","17","收入、费用和利润","第一节 收入","未满足收入合同条件的预收款","CH17-012","390","401"
"收入与特殊交易","17","收入、费用和利润","第一节 收入","无商业实质交换","CH17-013","390","401"
"收入与特殊交易","17","收入、费用和利润","第一节 收入","合同持续评估","CH17-014","390","401"
"收入与特殊交易","17","收入、费用和利润","第一节 收入","合同存续期间","CH17-015","391","402"
"收入与特殊交易","17","收入、费用和利润","第一节 收入","重大违约金与存续期间","CH17-016","391","402"
"收入与特殊交易","17","收入、费用和利润","第一节 收入","合同合并","CH17-017","391","402"
"收入与特殊交易","17","收入、费用和利润","第一节 收入","合同变更定义","CH17-018","392","403"
"收入与特殊交易","17","收入、费用和利润","第一节 收入","合同变更单独合同","CH17-019","392","403"
"收入与特殊交易","17","收入、费用和利润","第一节 收入","合同变更终止并新订","CH17-020","392","403"
"收入与特殊交易","17","收入、费用和利润","第一节 收入","合同变更作为原合同部分","CH17-021","392","403"
"收入与特殊交易","17","收入、费用和利润","第一节 收入","单项履约义务","CH17-022","395","406"
"收入与特殊交易","17","收入、费用和利润","第一节 收入","可明确区分两条件","CH17-023","395","406"
"收入与特殊交易","17","收入、费用和利润","第一节 收入","重大整合服务","CH17-024","396","407"
"收入与特殊交易","17","收入、费用和利润","第一节 收入","重大定制修改","CH17-025","396","407"
"收入与特殊交易","17","收入、费用和利润","第一节 收入","控制权后运输","CH17-026","396","407"
"收入与特殊交易","17","收入、费用和利润","第一节 收入","控制权前运输","CH17-027","396","407"
"收入与特殊交易","17","收入、费用和利润","第一节 收入","一系列相同服务","CH17-028","397","408"
"收入与特殊交易","17","收入、费用和利润","第一节 收入","交易价格定义","CH17-029","397","408"
"收入与特殊交易","17","收入、费用和利润","第一节 收入","代第三方收款","CH17-030","397","408"
"收入与特殊交易","17","收入、费用和利润","第一节 收入","可变对价来源","CH17-031","397","408"
"收入与特殊交易","17","收入、费用和利润","第一节 收入","可变对价估计","CH17-032","397","408"
"收入与特殊交易","17","收入、费用和利润","第一节 收入","期望值估计","CH17-033","397","408"
"收入与特殊交易","17","收入、费用和利润","第一节 收入","可变对价限制","CH17-034","398","409"
"收入与特殊交易","17","收入、费用和利润","第一节 收入","可变对价后续复核","CH17-035","398","409"
"收入与特殊交易","17","收入、费用和利润","第一节 收入","重大融资成分","CH17-036","399","410"
"收入与特殊交易","17","收入、费用和利润","第一节 收入","融资成分判断","CH17-037","399","410"
"收入与特殊交易","17","收入、费用和利润","第一节 收入","融资成分例外","CH17-038","399","410"
"收入与特殊交易","17","收入、费用和利润","第一节 收入","融资成分折现率","CH17-039","399","410"
"收入与特殊交易","17","收入、费用和利润","第一节 收入","一年简化处理","CH17-040","400","411"
"收入与特殊交易","17","收入、费用和利润","第一节 收入","非现金对价","CH17-041","400","411"
"收入与特殊交易","17","收入、费用和利润","第一节 收入","非现金对价无法估值","CH17-042","400","411"
"收入与特殊交易","17","收入、费用和利润","第一节 收入","应付客户对价","CH17-043","400","411"
"收入与特殊交易","17","收入、费用和利润","第一节 收入","单独售价相对比例","CH17-044","400","411"
"收入与特殊交易","17","收入、费用和利润","第一节 收入","单独售价估计","CH17-045","400","411"
"收入与特殊交易","17","收入、费用和利润","第一节 收入","合同折扣","CH17-046","401","412"
"收入与特殊交易","17","收入、费用和利润","第一节 收入","折扣特定分摊","CH17-047","401","412"
"收入与特殊交易","17","收入、费用和利润","第一节 收入","可变对价定向分摊","CH17-048","402","413"
"收入与特殊交易","17","收入、费用和利润","第一节 收入","交易价格后续变动","CH17-049","402","413"
"收入与特殊交易","17","收入、费用和利润","第一节 收入","某一时段履约判断","CH17-050","404","415"
"收入与特殊交易","17","收入、费用和利润","第一节 收入","客户控制在建商品","CH17-051","404","415"
"收入与特殊交易","17","收入、费用和利润","第一节 收入","不可替代用途与收款权","CH17-052","405","416"
"收入与特殊交易","17","收入、费用和利润","第一节 收入","有权收取履约款","CH17-053","405","416"
"收入与特殊交易","17","收入、费用和利润","第一节 收入","付款进度表与收款权","CH17-054","406","417"
"收入与特殊交易","17","收入、费用和利润","第一节 收入","时段履约进度","CH17-055","409","420"
"收入与特殊交易","17","收入、费用和利润","第一节 收入","产出法","CH17-056","409","420"
"收入与特殊交易","17","收入、费用和利润","第一节 收入","投入法","CH17-057","409","420"
"收入与特殊交易","17","收入、费用和利润","第一节 收入","非正常消耗","CH17-058","410","421"
"收入与特殊交易","17","收入、费用和利润","第一节 收入","未安装重大材料","CH17-059","410","421"
"收入与特殊交易","17","收入、费用和利润","第一节 收入","当期时段收入计算","CH17-060","411","422"
"收入与特殊交易","17","收入、费用和利润","第一节 收入","进度不能合理确定","CH17-061","411","422"
"收入与特殊交易","17","收入、费用和利润","第一节 收入","某一时点履约","CH17-062","411","422"
"收入与特殊交易","17","收入、费用和利润","第一节 收入","控制权迹象","CH17-063","411","422"
"收入与特殊交易","17","收入、费用和利润","第一节 收入","委托代销","CH17-064","411","422"
"收入与特殊交易","17","收入、费用和利润","第一节 收入","售后代管商品","CH17-065","411","422"
"收入与特殊交易","17","收入、费用和利润","第一节 收入","客户验收","CH17-066","413","424"
"收入与特殊交易","17","收入、费用和利润","第一节 收入","控制权迹象整体判断","CH17-067","413","424"
"收入与特殊交易","17","收入、费用和利润","第一节 收入","合同负债","CH17-068","413","424"
"收入与特殊交易","17","收入、费用和利润","第一节 收入","合同资产与应收款项","CH17-069","413","424"
"收入与特殊交易","17","收入、费用和利润","第一节 收入","合同资产负债列报","CH17-070","414","425"
"收入与特殊交易","17","收入、费用和利润","第一节 收入","合同履约成本资本化条件","CH17-071","414","425"
"收入与特殊交易","17","收入、费用和利润","第一节 收入","合同履约成本费用化","CH17-072","414","425"
"收入与特殊交易","17","收入、费用和利润","第一节 收入","控制权前运输费用","CH17-073","415","426"
"收入与特殊交易","17","收入、费用和利润","第一节 收入","合同取得成本","CH17-074","415","426"
"收入与特殊交易","17","收入、费用和利润","第一节 收入","不属于取得合同增量成本","CH17-075","415","426"
"收入与特殊交易","17","收入、费用和利润","第一节 收入","续约佣金","CH17-076","416","427"
"收入与特殊交易","17","收入、费用和利润","第一节 收入","合同成本摊销","CH17-077","416","427"
"收入与特殊交易","17","收入、费用和利润","第一节 收入","合同成本减值","CH17-078","417","428"
"收入与特殊交易","17","收入、费用和利润","第一节 收入","合同成本减值转回","CH17-079","417","428"
"收入与特殊交易","17","收入、费用和利润","第一节 收入","附退货权销售收入","CH17-080","420","431"
"收入与特殊交易","17","收入、费用和利润","第一节 收入","附退货权销售成本","CH17-081","420","431"
"收入与特殊交易","17","收入、费用和利润","第一节 收入","退货估计复核","CH17-082","420","431"
"收入与特殊交易","17","收入、费用和利润","第一节 收入","保证类质量保证","CH17-083","421","432"
"收入与特殊交易","17","收入、费用和利润","第一节 收入","服务类质量保证","CH17-084","422","433"
"收入与特殊交易","17","收入、费用和利润","第一节 收入","主要责任人收入","CH17-085","422","433"
"收入与特殊交易","17","收入、费用和利润","第一节 收入","代理人收入","CH17-086","422","433"
"收入与特殊交易","17","收入、费用和利润","第一节 收入","主要责任人判断","CH17-087","423","434"
"收入与特殊交易","17","收入、费用和利润","第一节 收入","暂时取得法定所有权","CH17-088","423","434"
"收入与特殊交易","17","收入、费用和利润","第一节 收入","委托加工实质","CH17-089","425","436"
"收入与特殊交易","17","收入、费用和利润","第一节 收入","客户额外购买选择权","CH17-090","426","437"
"收入与特殊交易","17","收入、费用和利润","第一节 收入","奖励积分收入时点","CH17-091","427","438"
"收入与特殊交易","17","收入、费用和利润","第一节 收入","知识产权许可是否单独","CH17-092","427","438"
"收入与特殊交易","17","收入、费用和利润","第一节 收入","知识产权许可时段条件","CH17-093","427","438"
"收入与特殊交易","17","收入、费用和利润","第一节 收入","知识产权许可时点","CH17-094","428","439"
"收入与特殊交易","17","收入、费用和利润","第一节 收入","销售提成特许权费","CH17-095","428","439"
"收入与特殊交易","17","收入、费用和利润","第一节 收入","售后回购控制权","CH17-096","430","441"
"收入与特殊交易","17","收入、费用和利润","第一节 收入","售后回购租赁","CH17-097","430","441"
"收入与特殊交易","17","收入、费用和利润","第一节 收入","售后回购融资","CH17-098","430","441"
"收入与特殊交易","17","收入、费用和利润","第一节 收入","客户要求回购权","CH17-099","431","442"
"收入与特殊交易","17","收入、费用和利润","第一节 收入","客户未行使权利","CH17-100","431","442"
"收入与特殊交易","17","收入、费用和利润","第一节 收入","无须退回初始费","CH17-101","432","443"
"收入与特殊交易","17","收入、费用和利润","第一节 收入","PPP双特征","CH17-102","432","443"
"收入与特殊交易","17","收入、费用和利润","第一节 收入","PPP双控制","CH17-103","432","443"
"收入与特殊交易","17","收入、费用和利润","第一节 收入","PPP多项履约义务","CH17-104","433","444"
"收入与特殊交易","17","收入、费用和利润","第一节 收入","PPP项目资产归属","CH17-105","433","444"
"收入与特殊交易","17","收入、费用和利润","第一节 收入","PPP无形资产模式","CH17-106","433","444"
"收入与特殊交易","17","收入、费用和利润","第一节 收入","PPP金融资产模式","CH17-107","435","446"
"收入与特殊交易","17","收入、费用和利润","第一节 收入","PPP混合模式","CH17-108","435","446"
"收入与特殊交易","17","收入、费用和利润","第一节 收入","PPP政府支付的其他资产","CH17-109","440","451"
"收入与特殊交易","17","收入、费用和利润","第一节 收入","PPP翻修义务","CH17-110","440","451"
"收入与特殊交易","17","收入、费用和利润","第二节 费用","费用定义","CH17-111","441","452"
"收入与特殊交易","17","收入、费用和利润","第二节 费用","权责发生制确认费用","CH17-112","441","452"
"收入与特殊交易","17","收入、费用和利润","第二节 费用","生产费用与期间费用","CH17-113","441","452"
"收入与特殊交易","17","收入、费用和利润","第二节 费用","管理费用","CH17-114","441","452"
"收入与特殊交易","17","收入、费用和利润","第二节 费用","销售费用","CH17-115","442","453"
"收入与特殊交易","17","收入、费用和利润","第二节 费用","研发费用","CH17-116","442","453"
"收入与特殊交易","17","收入、费用和利润","第二节 费用","财务费用","CH17-117","442","453"
"收入与特殊交易","17","收入、费用和利润","第三节 利润","利润定义","CH17-118","442","453"
"收入与特殊交易","17","收入、费用和利润","第三节 利润","营业收入组成","CH17-119","443","454"
"收入与特殊交易","17","收入、费用和利润","第三节 利润","营业利润计算","CH17-120","443","454"
"收入与特殊交易","17","收入、费用和利润","第三节 利润","利润总额计算","CH17-121","443","454"
"收入与特殊交易","17","收入、费用和利润","第三节 利润","净利润计算","CH17-122","443","454"
"收入与特殊交易","17","收入、费用和利润","第三节 利润","营业外收入","CH17-123","443","454"
"收入与特殊交易","17","收入、费用和利润","第三节 利润","股东捐赠资本性投入","CH17-124","443","454"
"收入与特殊交易","17","收入、费用和利润","第三节 利润","营业外支出","CH17-125","444","455"
"收入与特殊交易","17","收入、费用和利润","第三节 利润","营业外收支分别核算","CH17-126","444","455"
"收入与特殊交易","17","收入、费用和利润","第三节 利润","本年利润余额","CH17-127","444","455"
"收入与特殊交易","17","收入、费用和利润","第三节 利润","年度利润结转","CH17-128","444","455"
"收入与特殊交易","17","收入、费用和利润","第三节 利润","综合收益总额","CH17-129","444","455"
"收入与特殊交易","17","收入、费用和利润","第一节 收入","合同组合简化","CH17-130","389","400"
"收入与特殊交易","17","收入、费用和利润","第一节 收入","不同合同的资产负债抵销","CH17-131","414","425"
"收入与特殊交易","18","政府补助","第一节 政府补助概述","政府补助定义","CH18-001","445","456"
"收入与特殊交易","18","政府补助","第一节 政府补助概述","政府补助形式","CH18-002","445","456"
"收入与特殊交易","18","政府补助","第一节 政府补助概述","直接减免税","CH18-003","445","456"
"收入与特殊交易","18","政府补助","第一节 政府补助概述","出口退税","CH18-004","446","457"
"收入与特殊交易","18","政府补助","第一节 政府补助概述","政府资源经中间方转付","CH18-005","446","457"
"收入与特殊交易","18","政府补助","第一节 政府补助概述","无偿性","CH18-006","446","457"
"收入与特殊交易","18","政府补助","第一节 政府补助概述","政府作为投资者","CH18-007","446","457"
"收入与特殊交易","18","政府补助","第一节 政府补助概述","政府购买商品","CH18-008","446","457"
"收入与特殊交易","18","政府补助","第一节 政府补助概述","政府按市价购买资产","CH18-009","447","458"
"收入与特殊交易","18","政府补助","第一节 政府补助概述","政府研发拨款","CH18-010","447","458"
"收入与特殊交易","18","政府补助","第一节 政府补助概述","补助分类","CH18-011","447","458"
"收入与特殊交易","18","政府补助","第一节 政府补助概述","与资产相关","CH18-012","447","458"
"收入与特殊交易","18","政府补助","第一节 政府补助概述","与收益相关","CH18-013","448","459"
"收入与特殊交易","18","政府补助","第二节 政府补助的会计处理","补助确认两条件","CH18-014","448","459"
"收入与特殊交易","18","政府补助","第二节 政府补助的会计处理","应收政府补助","CH18-015","448","459"
"收入与特殊交易","18","政府补助","第二节 政府补助的会计处理","货币性补助计量","CH18-016","448","459"
"收入与特殊交易","18","政府补助","第二节 政府补助的会计处理","非货币性补助计量","CH18-017","448","459"
"收入与特殊交易","18","政府补助","第二节 政府补助的会计处理","总额法定义","CH18-018","448","459"
"收入与特殊交易","18","政府补助","第二节 政府补助的会计处理","净额法定义","CH18-019","448","459"
"收入与特殊交易","18","政府补助","第二节 政府补助的会计处理","补助方法一致性","CH18-020","449","460"
"收入与特殊交易","18","政府补助","第二节 政府补助的会计处理","日常活动相关补助","CH18-021","449","460"
"收入与特殊交易","18","政府补助","第二节 政府补助的会计处理","非日常活动补助","CH18-022","449","460"
"收入与特殊交易","18","政府补助","第二节 政府补助的会计处理","资产补助总额法初收","CH18-023","449","460"
"收入与特殊交易","18","政府补助","第二节 政府补助的会计处理","资产补助总额法分摊","CH18-024","449","460"
"收入与特殊交易","18","政府补助","第二节 政府补助的会计处理","资产减值与递延收益","CH18-025","449","460"
"收入与特殊交易","18","政府补助","第二节 政府补助的会计处理","资产提前处置","CH18-026","449","460"
"收入与特殊交易","18","政府补助","第二节 政府补助的会计处理","资产补助净额法","CH18-027","449","460"
"收入与特殊交易","18","政府补助","第二节 政府补助的会计处理","名义金额补助","CH18-028","449","460"
"收入与特殊交易","18","政府补助","第二节 政府补助的会计处理","未来费用补助","CH18-029","451","462"
"收入与特殊交易","18","政府补助","第二节 政府补助的会计处理","收益补助总额法","CH18-030","451","462"
"收入与特殊交易","18","政府补助","第二节 政府补助的会计处理","收益补助净额法","CH18-031","451","462"
"收入与特殊交易","18","政府补助","第二节 政府补助的会计处理","补助条件未能确定","CH18-032","452","463"
"收入与特殊交易","18","政府补助","第二节 政府补助的会计处理","即征即退补助","CH18-033","452","463"
"收入与特殊交易","18","政府补助","第二节 政府补助的会计处理","自然灾害救助","CH18-034","452","463"
"收入与特殊交易","18","政府补助","第二节 政府补助的会计处理","补助退回净额法","CH18-035","453","464"
"收入与特殊交易","18","政府补助","第二节 政府补助的会计处理","补助退回有递延收益","CH18-036","453","464"
"收入与特殊交易","18","政府补助","第二节 政府补助的会计处理","前期差错性质退回","CH18-037","453","464"
"收入与特殊交易","18","政府补助","第二节 政府补助的会计处理","综合项目分类","CH18-038","454","465"
"收入与特殊交易","18","政府补助","第二节 政府补助的会计处理","综合项目难区分","CH18-039","454","465"
"收入与特殊交易","18","政府补助","第二节 政府补助的会计处理","贴息拨给银行","CH18-040","455","466"
"收入与特殊交易","18","政府补助","第二节 政府补助的会计处理","贴息拨银行第二方法","CH18-041","455","466"
"收入与特殊交易","18","政府补助","第二节 政府补助的会计处理","贴息直接拨企业","CH18-042","457","468"
"收入与特殊交易","18","政府补助","第三节 政府补助的列报","递延收益列报","CH18-043","458","469"
"收入与特殊交易","18","政府补助","第三节 政府补助的列报","其他收益列报","CH18-044","458","469"
"收入与特殊交易","18","政府补助","第三节 政府补助的列报","净额法列报","CH18-045","458","469"
"收入与特殊交易","18","政府补助","第三节 政府补助的列报","政府补助附注","CH18-046","458","469"
"收入与特殊交易","19","所得税","第一节 所得税会计的基本原理","所得税会计方法","CH19-001","459","470"
"收入与特殊交易","19","所得税","第一节 所得税会计的基本原理","账面价值与计税基础","CH19-002","459","470"
"收入与特殊交易","19","所得税","第一节 所得税会计的基本原理","递延所得税含义","CH19-003","459","470"
"收入与特殊交易","19","所得税","第一节 所得税会计的基本原理","递延所得税资产含义","CH19-004","459","470"
"收入与特殊交易","19","所得税","第一节 所得税会计的基本原理","所得税会计流程","CH19-005","460","471"
"收入与特殊交易","19","所得税","第二节 资产、负债的计税基础","资产计税基础定义","CH19-006","460","471"
"收入与特殊交易","19","所得税","第二节 资产、负债的计税基础","资产初始计税基础","CH19-007","460","471"
"收入与特殊交易","19","所得税","第二节 资产、负债的计税基础","会计折旧与税法折旧","CH19-008","461","472"
"收入与特殊交易","19","所得税","第二节 资产、负债的计税基础","税法折旧更快","CH19-009","461","472"
"收入与特殊交易","19","所得税","第二节 资产、负债的计税基础","固定资产减值","CH19-010","462","473"
"收入与特殊交易","19","所得税","第二节 资产、负债的计税基础","无形资产初始成本","CH19-011","462","473"
"收入与特殊交易","19","所得税","第二节 资产、负债的计税基础","研发无形资产加计扣除","CH19-012","463","474"
"收入与特殊交易","19","所得税","第二节 资产、负债的计税基础","研发初始确认例外","CH19-013","463","474"
"收入与特殊交易","19","所得税","第二节 资产、负债的计税基础","使用寿命不确定无形资产","CH19-014","464","475"
"收入与特殊交易","19","所得税","第二节 资产、负债的计税基础","公允价值计量金融资产","CH19-015","464","475"
"收入与特殊交易","19","所得税","第二节 资产、负债的计税基础","投资性房地产公允价值模式","CH19-016","465","476"
"收入与特殊交易","19","所得税","第二节 资产、负债的计税基础","负债计税基础定义","CH19-017","465","476"
"收入与特殊交易","19","所得税","第二节 资产、负债的计税基础","产品质量保证预计负债","CH19-018","466","477"
"收入与特殊交易","19","所得税","第二节 资产、负债的计税基础","保修预计负债差异","CH19-019","466","477"
"收入与特殊交易","19","所得税","第二节 资产、负债的计税基础","合同负债未提前征税","CH19-020","466","477"
"收入与特殊交易","19","所得税","第二节 资产、负债的计税基础","合同负债提前征税","CH19-021","466","477"
"收入与特殊交易","19","所得税","第二节 资产、负债的计税基础","超标工资永久性差异","CH19-022","467","478"
"收入与特殊交易","19","所得税","第二节 资产、负债的计税基础","罚款负债","CH19-023","467","478"
"收入与特殊交易","19","所得税","第三节 暂时性差异","暂时性差异基本含义","CH19-024","468","479"
"收入与特殊交易","19","所得税","第三节 暂时性差异","资产账面大于计税基础","CH19-025","468","479"
"收入与特殊交易","19","所得税","第三节 暂时性差异","资产账面小于计税基础","CH19-026","468","479"
"收入与特殊交易","19","所得税","第三节 暂时性差异","负债账面大于计税基础","CH19-027","469","480"
"收入与特殊交易","19","所得税","第三节 暂时性差异","负债账面小于计税基础","CH19-028","469","480"
"收入与特殊交易","19","所得税","第三节 暂时性差异","不在资产负债表列示项目","CH19-029","469","480"
"收入与特殊交易","19","所得税","第三节 暂时性差异","可结转亏损","CH19-030","470","481"
"收入与特殊交易","19","所得税","第三节 暂时性差异","税款抵减","CH19-031","470","481"
"收入与特殊交易","19","所得税","第三节 暂时性差异","永久差异与暂时差异","CH19-032","470","481"
"收入与特殊交易","19","所得税","第四节 递延所得税资产及负债的确认和计量","递延所得税负债一般原则","CH19-033","471","482"
"收入与特殊交易","19","所得税","第四节 递延所得税资产及负债的确认和计量","初始商誉例外","CH19-034","471","482"
"收入与特殊交易","19","所得税","第四节 递延所得税资产及负债的确认和计量","普通交易初始确认例外","CH19-035","472","483"
"收入与特殊交易","19","所得税","第四节 递延所得税资产及负债的确认和计量","投资相关应纳税差异","CH19-036","472","483"
"收入与特殊交易","19","所得税","第四节 递延所得税资产及负债的确认和计量","递延所得税适用税率","CH19-037","473","484"
"收入与特殊交易","19","所得税","第四节 递延所得税资产及负债的确认和计量","递延所得税负债算例","CH19-038","473","484"
"收入与特殊交易","19","所得税","第四节 递延所得税资产及负债的确认和计量","递延所得税不折现","CH19-039","473","484"
"收入与特殊交易","19","所得税","第四节 递延所得税资产及负债的确认和计量","递延所得税资产可回收条件","CH19-040","474","485"
"收入与特殊交易","19","所得税","第四节 递延所得税资产及负债的确认和计量","亏损结转确认条件","CH19-041","474","485"
"收入与特殊交易","19","所得税","第四节 递延所得税资产及负债的确认和计量","未来应税所得证据","CH19-042","475","486"
"收入与特殊交易","19","所得税","第四节 递延所得税资产及负债的确认和计量","可抵扣投资差异","CH19-043","475","486"
"收入与特殊交易","19","所得税","第四节 递延所得税资产及负债的确认和计量","递延所得税资产复核","CH19-044","476","487"
"收入与特殊交易","19","所得税","第四节 递延所得税资产及负债的确认和计量","递延所得税资产恢复","CH19-045","476","487"
"收入与特殊交易","19","所得税","第四节 递延所得税资产及负债的确认和计量","递延所得税资产不折现","CH19-046","476","487"
"收入与特殊交易","19","所得税","第四节 递延所得税资产及负债的确认和计量","计入权益交易税效","CH19-047","477","488"
"收入与特殊交易","19","所得税","第四节 递延所得税资产及负债的确认和计量","企业合并税效","CH19-048","477","488"
"收入与特殊交易","19","所得税","第四节 递延所得税资产及负债的确认和计量","合并后取得新信息","CH19-049","478","489"
"收入与特殊交易","19","所得税","第四节 递延所得税资产及负债的确认和计量","股份支付税前扣除","CH19-050","479","490"
"收入与特殊交易","19","所得税","第四节 递延所得税资产及负债的确认和计量","租赁等单项交易例外","CH19-051","480","491"
"收入与特殊交易","19","所得税","第四节 递延所得税资产及负债的确认和计量","税率变化重估","CH19-052","480","491"
"收入与特殊交易","19","所得税","第五节 所得税费用的确认和计量","当期所得税计算基础","CH19-053","481","492"
"收入与特殊交易","19","所得税","第五节 所得税费用的确认和计量","会计利润纳税调整","CH19-054","481","492"
"收入与特殊交易","19","所得税","第五节 所得税费用的确认和计量","当期所得税算例","CH19-055","481","492"
"收入与特殊交易","19","所得税","第五节 所得税费用的确认和计量","递延所得税费用方向","CH19-056","482","493"
"收入与特殊交易","19","所得税","第五节 所得税费用的确认和计量","递延所得税资产增加","CH19-057","482","493"
"收入与特殊交易","19","所得税","第五节 所得税费用的确认和计量","所得税费用组成","CH19-058","482","493"
"收入与特殊交易","19","所得税","第五节 所得税费用的确认和计量","综合算例","CH19-059","483","494"
"收入与特殊交易","19","所得税","第五节 所得税费用的确认和计量","权益税效排除","CH19-060","483","494"
"收入与特殊交易","19","所得税","第五节 所得税费用的确认和计量","永久性差异税效","CH19-061","483","494"
"收入与特殊交易","19","所得税","第六节 所得税的列报","递延所得税列报","CH19-062","484","495"
"收入与特殊交易","19","所得税","第六节 所得税的列报","递延所得税负债列报","CH19-063","484","495"
"收入与特殊交易","19","所得税","第六节 所得税的列报","所得税费用列报","CH19-064","484","495"
"收入与特殊交易","19","所得税","第六节 所得税的列报","递延所得税抵销条件","CH19-065","484","495"
"收入与特殊交易","19","所得税","第六节 所得税的列报","所得税附注信息","CH19-066","485","496"
"收入与特殊交易","19","所得税","第四节 递延所得税资产及负债的确认和计量","权益工具股利的所得税确认时点","CH19-067","480","491"
"收入与特殊交易","19","所得税","第四节 递延所得税资产及负债的确认和计量","权益工具股利税效归属","CH19-068","480","491"
"收入与特殊交易","20","非货币性资产交换","第一节 非货币性资产交换的概念","货币性资产定义","CH20-001","486","497"
"收入与特殊交易","20","非货币性资产交换","第一节 非货币性资产交换的概念","非货币性资产例子","CH20-002","486","497"
"收入与特殊交易","20","非货币性资产交换","第一节 非货币性资产交换的概念","非货币性资产交换本质","CH20-003","486","497"
"收入与特殊交易","20","非货币性资产交换","第一节 非货币性资产交换的概念","补价与交换判断","CH20-004","487","498"
"收入与特殊交易","20","非货币性资产交换","第一节 非货币性资产交换的概念","收到补价比例","CH20-005","487","498"
"收入与特殊交易","20","非货币性资产交换","第一节 非货币性资产交换的概念","支付补价比例","CH20-006","487","498"
"收入与特殊交易","20","非货币性资产交换","第一节 非货币性资产交换的概念","达到25%的补价","CH20-007","487","498"
"收入与特殊交易","20","非货币性资产交换","第一节 非货币性资产交换的概念","单方捐赠","CH20-008","487","498"
"收入与特殊交易","20","非货币性资产交换","第一节 非货币性资产交换的概念","存货销售例外","CH20-009","487","498"
"收入与特殊交易","20","非货币性资产交换","第一节 非货币性资产交换的概念","金融资产例外","CH20-010","488","499"
"收入与特殊交易","20","非货币性资产交换","第二节 非货币性资产交换的确认和计量","换入资产确认时点","CH20-011","488","499"
"收入与特殊交易","20","非货币性资产交换","第二节 非货币性资产交换的确认和计量","换出资产终止确认","CH20-012","488","499"
"收入与特殊交易","20","非货币性资产交换","第二节 非货币性资产交换的确认和计量","交换两端不同步","CH20-013","489","500"
"收入与特殊交易","20","非货币性资产交换","第二节 非货币性资产交换的确认和计量","公允价值计量双条件","CH20-014","489","500"
"收入与特殊交易","20","非货币性资产交换","第二节 非货币性资产交换的确认和计量","现金流量特征变化","CH20-015","489","500"
"收入与特殊交易","20","非货币性资产交换","第二节 非货币性资产交换的确认和计量","主体特定价值","CH20-016","489","500"
"收入与特殊交易","20","非货币性资产交换","第二节 非货币性资产交换的确认和计量","资产类型与商业实质","CH20-017","490","501"
"收入与特殊交易","20","非货币性资产交换","第二节 非货币性资产交换的确认和计量","换出资产公允价值优先","CH20-018","490","501"
"收入与特殊交易","20","非货币性资产交换","第二节 非货币性资产交换的确认和计量","换入公允价值更可靠","CH20-019","490","501"
"收入与特殊交易","20","非货币性资产交换","第二节 非货币性资产交换的确认和计量","交换所得税费用","CH20-020","490","501"
"收入与特殊交易","20","非货币性资产交换","第二节 非货币性资产交换的确认和计量","缺少商业实质","CH20-021","491","502"
"收入与特殊交易","20","非货币性资产交换","第二节 非货币性资产交换的确认和计量","双方公允价值均不可靠","CH20-022","491","502"
"收入与特殊交易","20","非货币性资产交换","第二节 非货币性资产交换的确认和计量","账面价值法损益","CH20-023","491","502"
"收入与特殊交易","20","非货币性资产交换","第二节 非货币性资产交换的确认和计量","交换中损失迹象","CH20-024","491","502"
"收入与特殊交易","20","非货币性资产交换","第三节 非货币性资产交换的会计处理","公允价值法支付补价","CH20-025","492","503"
"收入与特殊交易","20","非货币性资产交换","第三节 非货币性资产交换的会计处理","公允价值法收到补价","CH20-026","492","503"
"收入与特殊交易","20","非货币性资产交换","第三节 非货币性资产交换的会计处理","公允价值法处置损益","CH20-027","492","503"
"收入与特殊交易","20","非货币性资产交换","第三节 非货币性资产交换的会计处理","换出固定资产的损益科目","CH20-028","493","504"
"收入与特殊交易","20","非货币性资产交换","第三节 非货币性资产交换的会计处理","换出长期股权投资","CH20-029","493","504"
"收入与特殊交易","20","非货币性资产交换","第三节 非货币性资产交换的会计处理","换出投资性房地产","CH20-030","493","504"
"收入与特殊交易","20","非货币性资产交换","第三节 非货币性资产交换的会计处理","账面价值法支付补价","CH20-031","494","505"
"收入与特殊交易","20","非货币性资产交换","第三节 非货币性资产交换的会计处理","账面价值法收到补价","CH20-032","494","505"
"收入与特殊交易","20","非货币性资产交换","第三节 非货币性资产交换的会计处理","账面价值法补价不生收益","CH20-033","494","505"
"收入与特殊交易","20","非货币性资产交换","第三节 非货币性资产交换的会计处理","多项换入资产分配基础","CH20-034","495","506"
"收入与特殊交易","20","非货币性资产交换","第三节 非货币性资产交换的会计处理","多项换入分配算例","CH20-035","495","506"
"收入与特殊交易","20","非货币性资产交换","第三节 非货币性资产交换的会计处理","换入金融资产单独计量","CH20-036","496","507"
"收入与特殊交易","20","非货币性资产交换","第三节 非货币性资产交换的会计处理","多项换出资产损益","CH20-037","497","508"
"收入与特殊交易","20","非货币性资产交换","第三节 非货币性资产交换的会计处理","多项换入账面价值分配","CH20-038","498","509"
"收入与特殊交易","20","非货币性资产交换","第三节 非货币性资产交换的会计处理","多项换出账面价值法","CH20-039","499","510"
"收入与特殊交易","20","非货币性资产交换","第三节 非货币性资产交换的会计处理","多项交换成本校验","CH20-040","500","511"
"收入与特殊交易","20","非货币性资产交换","第一节 非货币性资产交换的概念","交换判断的主体视角","CH20-041","487","498"
"收入与特殊交易","20","非货币性资产交换","第一节 非货币性资产交换的概念","企业合并适用范围","CH20-042","487","498"
"收入与特殊交易","20","非货币性资产交换","第一节 非货币性资产交换的概念","租赁相关资产适用范围","CH20-043","488","499"
"收入与特殊交易","20","非货币性资产交换","第一节 非货币性资产交换的概念","权益性交易排除","CH20-044","488","499"
"收入与特殊交易","20","非货币性资产交换","第一节 非货币性资产交换的概念","政府无偿取得资产","CH20-045","488","499"
"收入与特殊交易","20","非货币性资产交换","第一节 非货币性资产交换的概念","向所有者分配非流动资产","CH20-046","488","499"
"收入与特殊交易","20","非货币性资产交换","第一节 非货币性资产交换的概念","非货币性职工福利","CH20-047","488","499"
"收入与特殊交易","20","非货币性资产交换","第一节 非货币性资产交换的概念","发行股票取得资产","CH20-048","488","499"
"收入与特殊交易","20","非货币性资产交换","第一节 非货币性资产交换的概念","未确认资产参与交换","CH20-049","488","499"
"收入与特殊交易","20","非货币性资产交换","第一节 非货币性资产交换的概念","被投资方接受权益投入","CH20-050","487","498"
"收入与特殊交易","21","债务重组","第一节 债务重组的定义和方式","债务重组定义","CH21-001","501","512"
"收入与特殊交易","21","债务重组","第一节 债务重组的定义和方式","交易对手方不变","CH21-002","501","512"
"收入与特殊交易","21","债务重组","第一节 债务重组的定义和方式","第三方参与","CH21-003","501","512"
"收入与特殊交易","21","债务重组","第一节 债务重组的定义和方式","财务困难非必要条件","CH21-004","501","512"
"收入与特殊交易","21","债务重组","第一节 债务重组的定义和方式","债权人让步非必要条件","CH21-005","501","512"
"收入与特殊交易","21","债务重组","第一节 债务重组的定义和方式","等值资产抵债","CH21-006","501","512"
"收入与特殊交易","21","债务重组","第一节 债务重组的定义和方式","债权债务范围","CH21-007","501","512"
"收入与特殊交易","21","债务重组","第一节 债务重组的定义和方式","破产重整适用范围","CH21-008","502","513"
"收入与特殊交易","21","债务重组","第一节 债务重组的定义和方式","破产清算排除","CH21-009","502","513"
"收入与特殊交易","21","债务重组","第一节 债务重组的定义和方式","形成企业合并","CH21-010","502","513"
"收入与特殊交易","21","债务重组","第一节 债务重组的定义和方式","权益性交易判断","CH21-011","502","513"
"收入与特殊交易","21","债务重组","第一节 债务重组的定义和方式","同一控制权益分配","CH21-012","502","513"
"收入与特殊交易","21","债务重组","第一节 债务重组的定义和方式","权益性交易部分划分","CH21-013","502","513"
"收入与特殊交易","21","债务重组","第一节 债务重组的定义和方式","实质重于形式","CH21-014","502","513"
"收入与特殊交易","21","债务重组","第一节 债务重组的定义和方式","债务重组方式","CH21-015","502","513"
"收入与特殊交易","21","债务重组","第一节 债务重组的定义和方式","受让资产分类","CH21-016","503","514"
"收入与特殊交易","21","债务重组","第一节 债务重组的定义和方式","未确认资产抵债","CH21-017","503","514"
"收入与特殊交易","21","债务重组","第一节 债务重组的定义和方式","处置组抵债","CH21-018","503","514"
"收入与特殊交易","21","债务重组","第一节 债务重组的定义和方式","债转权益工具含义","CH21-019","503","514"
"收入与特殊交易","21","债务重组","第一节 债务重组的定义和方式","附回购义务的债转股","CH21-020","503","514"
"收入与特殊交易","21","债务重组","第一节 债务重组的定义和方式","强制分红工具","CH21-021","503","514"
"收入与特殊交易","21","债务重组","第一节 债务重组的定义和方式","复合金融工具替换","CH21-022","503","514"
"收入与特殊交易","21","债务重组","第一节 债务重组的定义和方式","修改其他条款","CH21-023","503","514"
"收入与特殊交易","21","债务重组","第一节 债务重组的定义和方式","组合方式","CH21-024","503","514"
"收入与特殊交易","21","债务重组","第二节 债务重组的会计处理","债权终止确认原则","CH21-025","503","514"
"收入与特殊交易","21","债务重组","第二节 债务重组的会计处理","债务终止确认原则","CH21-026","504","515"
"收入与特殊交易","21","债务重组","第二节 债务重组的会计处理","签约不等于终止确认","CH21-027","504","515"
"收入与特殊交易","21","债务重组","第二节 债务重组的会计处理","期后完成重组","CH21-028","504","515"
"收入与特殊交易","21","债务重组","第二节 债务重组的会计处理","债权减值准备结转","CH21-029","504","515"
"收入与特殊交易","21","债务重组","第二节 债务重组的会计处理","FVOCI债权累计损益","CH21-030","504","515"
"收入与特殊交易","21","债务重组","第二节 债务重组的会计处理","资产清偿一般终止确认","CH21-031","504","515"
"收入与特殊交易","21","债务重组","第二节 债务重组的会计处理","债权条款实质性修改","CH21-032","504","515"
"收入与特殊交易","21","债务重组","第二节 债务重组的会计处理","债务10%测试","CH21-033","504","515"
"收入与特殊交易","21","债务重组","第二节 债务重组的会计处理","10%测试折现率","CH21-034","504","515"
"收入与特殊交易","21","债务重组","第二节 债务重组的会计处理","组合方式债权终止确认","CH21-035","504","515"
"收入与特殊交易","21","债务重组","第二节 债务重组的会计处理","受让金融资产初始计量","CH21-036","505","516"
"收入与特殊交易","21","债务重组","第二节 债务重组的会计处理","受让金融资产重组损益","CH21-037","505","516"
"收入与特殊交易","21","债务重组","第二节 债务重组的会计处理","金融资产首日差异可观察","CH21-038","505","516"
"收入与特殊交易","21","债务重组","第二节 债务重组的会计处理","金融资产首日差异不可观察","CH21-039","505","516"
"收入与特殊交易","21","债务重组","第二节 债务重组的会计处理","受让非金融资产成本","CH21-040","505","516"
"收入与特殊交易","21","债务重组","第二节 债务重组的会计处理","放弃债权公允价值差额","CH21-041","505","516"
"收入与特殊交易","21","债务重组","第二节 债务重组的会计处理","受让多项资产顺序","CH21-042","506","517"
"收入与特殊交易","21","债务重组","第二节 债务重组的会计处理","多项非金融资产分配","CH21-043","506","517"
"收入与特殊交易","21","债务重组","第二节 债务重组的会计处理","受让处置组负债","CH21-044","506","517"
"收入与特殊交易","21","债务重组","第二节 债务重组的会计处理","受让持有待售资产计量","CH21-045","506","517"
"收入与特殊交易","21","债务重组","第二节 债务重组的会计处理","持有待售初始减值","CH21-046","506","517"
"收入与特殊交易","21","债务重组","第二节 债务重组的会计处理","修改条款终止确认","CH21-047","506","517"
"收入与特殊交易","21","债务重组","第二节 债务重组的会计处理","修改条款未终止确认","CH21-048","506","517"
"收入与特殊交易","21","债务重组","第二节 债务重组的会计处理","修改成本费用","CH21-049","506","517"
"收入与特殊交易","21","债务重组","第二节 债务重组的会计处理","债权人组合方式分配","CH21-050","506","517"
"收入与特殊交易","21","债务重组","第二节 债务重组的会计处理","债务人金融资产抵债","CH21-051","507","518"
"收入与特殊交易","21","债务重组","第二节 债务重组的会计处理","偿债金融资产减值准备","CH21-052","507","518"
"收入与特殊交易","21","债务重组","第二节 债务重组的会计处理","FVOCI债务工具抵债","CH21-053","507","518"
"收入与特殊交易","21","债务重组","第二节 债务重组的会计处理","FVOCI权益工具抵债","CH21-054","507","518"
"收入与特殊交易","21","债务重组","第二节 债务重组的会计处理","长期股权投资抵债","CH21-055","507","518"
"收入与特殊交易","21","债务重组","第二节 债务重组的会计处理","其他非金融资产抵债","CH21-056","507","518"
"收入与特殊交易","21","债务重组","第二节 债务重组的会计处理","存货抵债不确认收入","CH21-057","507","518"
"收入与特殊交易","21","债务重组","第二节 债务重组的会计处理","处置组抵债损益","CH21-058","507","518"
"收入与特殊交易","21","债务重组","第二节 债务重组的会计处理","债转权益工具计量","CH21-059","507","518"
"收入与特殊交易","21","债务重组","第二节 债务重组的会计处理","债转股重组差额","CH21-060","507","518"
"收入与特殊交易","21","债务重组","第二节 债务重组的会计处理","发行权益工具费用","CH21-061","507","518"
"收入与特殊交易","21","债务重组","第二节 债务重组的会计处理","债务修改终止确认","CH21-062","508","519"
"收入与特殊交易","21","债务重组","第二节 债务重组的会计处理","债务修改未终止确认","CH21-063","508","519"
"收入与特殊交易","21","债务重组","第二节 债务重组的会计处理","债务人修改费用","CH21-064","508","519"
"收入与特殊交易","21","债务重组","第二节 债务重组的会计处理","债务人组合方式计量","CH21-065","508","519"
"收入与特殊交易","21","债务重组","第二节 债务重组的会计处理","组合方式损益科目","CH21-066","508","519"
"收入与特殊交易","21","债务重组","第二节 债务重组的会计处理","破产重整确认时点","CH21-067","508","519"
"收入与特殊交易","21","债务重组","第二节 债务重组的会计处理","非金融资产抵债算例","CH21-068","509","520"
"收入与特殊交易","21","债务重组","第二节 债务重组的会计处理","债权人持有待售算例","CH21-069","509","520"
"收入与特殊交易","21","债务重组","第二节 债务重组的会计处理","债转股无法可靠计量","CH21-070","510","521"
"收入与特殊交易","21","债务重组","第二节 债务重组的会计处理","多项抵债金融资产先计量","CH21-071","511","522"
"收入与特殊交易","21","债务重组","第二节 债务重组的会计处理","多项非金融资产比例","CH21-072","511","522"
"收入与特殊交易","21","债务重组","第二节 债务重组的会计处理","债务人多资产抵债","CH21-073","511","522"
"收入与特殊交易","21","债务重组","第二节 债务重组的会计处理","组合协议确认时点","CH21-074","512","523"
"收入与特殊交易","21","债务重组","第二节 债务重组的会计处理","低于10%修改","CH21-075","513","524"
"收入与特殊交易","21","债务重组","第三节 债务重组的相关披露","债权人分组披露","CH21-076","513","524"
"收入与特殊交易","21","债务重组","第三节 债务重组的相关披露","债权人权益投资披露","CH21-077","513","524"
"收入与特殊交易","21","债务重组","第三节 债务重组的相关披露","债务人分组披露","CH21-078","514","525"
"收入与特殊交易","21","债务重组","第三节 债务重组的相关披露","所有者权益增加披露","CH21-079","514","525"
"收入与特殊交易","21","债务重组","第三节 债务重组的相关披露","其他重要披露","CH21-080","514","525"
"收入与特殊交易","21","债务重组","第一节 债务重组的定义和方式","债权债务范围排除项目","CH21-081","501","512"
"收入与特殊交易","22","外币折算","第一节 记账本位币的确定","记账本位币定义","CH22-001","515","526"
"收入与特殊交易","22","外币折算","第一节 记账本位币的确定","主要经济环境","CH22-002","515","526"
"收入与特殊交易","22","外币折算","第一节 记账本位币的确定","人民币以外本位币","CH22-003","515","526"
"收入与特殊交易","22","外币折算","第一节 记账本位币的确定","收入因素","CH22-004","515","526"
"收入与特殊交易","22","外币折算","第一节 记账本位币的确定","支出因素","CH22-005","515","526"
"收入与特殊交易","22","外币折算","第一节 记账本位币的确定","融资与资金保存因素","CH22-006","515","526"
"收入与特殊交易","22","外币折算","第一节 记账本位币的确定","出口企业判断","CH22-007","515","526"
"收入与特殊交易","22","外币折算","第一节 记账本位币的确定","收入支出币种不一致","CH22-008","516","527"
"收入与特殊交易","22","外币折算","第一节 记账本位币的确定","本位币唯一性","CH22-009","516","527"
"收入与特殊交易","22","外币折算","第一节 记账本位币的确定","本位币变更条件","CH22-010","516","527"
"收入与特殊交易","22","外币折算","第一节 记账本位币的确定","境外经营含义","CH22-011","516","527"
"收入与特殊交易","22","外币折算","第一节 记账本位币的确定","境内实体视同境外经营","CH22-012","516","527"
"收入与特殊交易","22","外币折算","第一节 记账本位币的确定","境外经营判断关键","CH22-013","516","527"
"收入与特殊交易","22","外币折算","第一节 记账本位币的确定","境外经营自主性","CH22-014","516","527"
"收入与特殊交易","22","外币折算","第一节 记账本位币的确定","境外经营内部交易比重","CH22-015","516","527"
"收入与特殊交易","22","外币折算","第一节 记账本位币的确定","现金流随时汇回","CH22-016","516","527"
"收入与特殊交易","22","外币折算","第一节 记账本位币的确定","独立偿债能力","CH22-017","516","527"
"收入与特殊交易","22","外币折算","第一节 记账本位币的确定","本位币变更折算","CH22-018","517","528"
"收入与特殊交易","22","外币折算","第一节 记账本位币的确定","本位币变更汇兑差额","CH22-019","517","528"
"收入与特殊交易","22","外币折算","第一节 记账本位币的确定","本位币变更披露","CH22-020","517","528"
"收入与特殊交易","22","外币折算","第二节 外币交易的会计处理","汇率定义","CH22-021","517","528"
"收入与特殊交易","22","外币折算","第二节 外币交易的会计处理","银行买入价","CH22-022","517","528"
"收入与特殊交易","22","外币折算","第二节 外币交易的会计处理","银行卖出价","CH22-023","517","528"
"收入与特殊交易","22","外币折算","第二节 外币交易的会计处理","中间价","CH22-024","517","528"
"收入与特殊交易","22","外币折算","第二节 外币交易的会计处理","记账即期汇率","CH22-025","517","528"
"收入与特殊交易","22","外币折算","第二节 外币交易的会计处理","货币兑换汇率","CH22-026","517","528"
"收入与特殊交易","22","外币折算","第二节 外币交易的会计处理","套算汇率","CH22-027","517","528"
"收入与特殊交易","22","外币折算","第二节 外币交易的会计处理","即期汇率近似值","CH22-028","517","528"
"收入与特殊交易","22","外币折算","第二节 外币交易的会计处理","近似汇率一致性","CH22-029","517","528"
"收入与特殊交易","22","外币折算","第二节 外币交易的会计处理","近似汇率失效","CH22-030","517","528"
"收入与特殊交易","22","外币折算","第二节 外币交易的会计处理","外币统账制","CH22-031","518","529"
"收入与特殊交易","22","外币折算","第二节 外币交易的会计处理","外币分账制","CH22-032","518","529"
"收入与特殊交易","22","外币折算","第二节 外币交易的会计处理","统账与分账结果","CH22-033","518","529"
"收入与特殊交易","22","外币折算","第二节 外币交易的会计处理","外币定义","CH22-034","518","529"
"收入与特殊交易","22","外币折算","第二节 外币交易的会计处理","外币交易范围","CH22-035","518","529"
"收入与特殊交易","22","外币折算","第二节 外币交易的会计处理","外币交易初始确认","CH22-036","518","529"
"收入与特殊交易","22","外币折算","第二节 外币交易的会计处理","进口设备初始成本","CH22-037","518","529"
"收入与特殊交易","22","外币折算","第二节 外币交易的会计处理","外币投入资本汇率","CH22-038","518","529"
"收入与特殊交易","22","外币折算","第二节 外币交易的会计处理","外币资本折算差额","CH22-039","518","529"
"收入与特殊交易","22","外币折算","第二节 外币交易的会计处理","出售外币算例","CH22-040","519","530"
"收入与特殊交易","22","外币折算","第二节 外币交易的会计处理","货币性项目定义","CH22-041","519","530"
"收入与特殊交易","22","外币折算","第二节 外币交易的会计处理","货币性资产","CH22-042","519","530"
"收入与特殊交易","22","外币折算","第二节 外币交易的会计处理","货币性负债","CH22-043","519","530"
"收入与特殊交易","22","外币折算","第二节 外币交易的会计处理","货币性项目期末折算","CH22-044","519","530"
"收入与特殊交易","22","外币折算","第二节 外币交易的会计处理","货币性项目汇兑差额","CH22-045","519","530"
"收入与特殊交易","22","外币折算","第二节 外币交易的会计处理","外币专门借款汇兑差额","CH22-046","519","530"
"收入与特殊交易","22","外币折算","第二节 外币交易的会计处理","非货币性项目例子","CH22-047","520","531"
"收入与特殊交易","22","外币折算","第二节 外币交易的会计处理","历史成本非货币项目","CH22-048","520","531"
"收入与特殊交易","22","外币折算","第二节 外币交易的会计处理","外币存货可变现净值","CH22-049","520","531"
"收入与特殊交易","22","外币折算","第二节 外币交易的会计处理","存货减值算例","CH22-050","520","531"
"收入与特殊交易","22","外币折算","第二节 外币交易的会计处理","交易性权益投资折算","CH22-051","520","531"
"收入与特殊交易","22","外币折算","第二节 外币交易的会计处理","FVOCI非交易性权益折算","CH22-052","520","531"
"收入与特殊交易","22","外币折算","第二节 外币交易的会计处理","交易性股票期末金额","CH22-053","521","532"
"收入与特殊交易","22","外币折算","第二节 外币交易的会计处理","交易性股票综合变动","CH22-054","521","532"
"收入与特殊交易","22","外币折算","第二节 外币交易的会计处理","交易性股票处置","CH22-055","521","532"
"收入与特殊交易","22","外币折算","第二节 外币交易的会计处理","FVOCI权益处置累计额","CH22-056","521","532"
"收入与特殊交易","22","外币折算","第三节 外币财务报表折算","外币报表折算含义","CH22-057","522","533"
"收入与特殊交易","22","外币折算","第三节 外币财务报表折算","我国报表折算方法","CH22-058","522","533"
"收入与特殊交易","22","外币折算","第三节 外币财务报表折算","折算前调整","CH22-059","522","533"
"收入与特殊交易","22","外币折算","第三节 外币财务报表折算","资产负债折算汇率","CH22-060","522","533"
"收入与特殊交易","22","外币折算","第三节 外币财务报表折算","所有者权益折算","CH22-061","522","533"
"收入与特殊交易","22","外币折算","第三节 外币财务报表折算","收入费用折算","CH22-062","522","533"
"收入与特殊交易","22","外币折算","第三节 外币财务报表折算","折算差额列报","CH22-063","522","533"
"收入与特殊交易","22","外币折算","第三节 外币财务报表折算","比较报表折算","CH22-064","522","533"
"收入与特殊交易","22","外币折算","第三节 外币财务报表折算","利润表近似汇率算例","CH22-065","523","534"
"收入与特殊交易","22","外币折算","第三节 外币财务报表折算","当期盈余公积折算","CH22-066","524","535"
"收入与特殊交易","22","外币折算","第三节 外币财务报表折算","期初未分配利润折算","CH22-067","524","535"
"收入与特殊交易","22","外币折算","第三节 外币财务报表折算","少数股东折算差额","CH22-068","524","535"
"收入与特殊交易","22","外币折算","第三节 外币财务报表折算","母公司折算差额列报","CH22-069","524","535"
"收入与特殊交易","22","外币折算","第三节 外币财务报表折算","净投资货币性项目","CH22-070","525","536"
"收入与特殊交易","22","外币折算","第三节 外币财务报表折算","第三种货币净投资","CH22-071","525","536"
"收入与特殊交易","22","外币折算","第三节 外币财务报表折算","全额处置境外经营","CH22-072","525","536"
"收入与特殊交易","22","外币折算","第三节 外币财务报表折算","部分处置境外经营","CH22-073","525","536"
"收入与特殊交易","22","外币折算","第三节 外币财务报表折算","境外经营处置形式","CH22-074","525","536"
"报告与会计变更","23","财务报告","第一节 财务报表概述","财务报告定义","CH23-001","526","537"
"报告与会计变更","23","财务报告","第一节 财务报表概述","财务报表组成","CH23-002","526","537"
"报告与会计变更","23","财务报告","第一节 财务报表概述","中期财务报表","CH23-003","526","537"
"报告与会计变更","23","财务报告","第一节 财务报表概述","个别与合并报表","CH23-004","526","537"
"报告与会计变更","23","财务报告","第一节 财务报表概述","遵循会计准则列报","CH23-005","527","538"
"报告与会计变更","23","财务报告","第一节 财务报表概述","持续经营基础","CH23-006","527","538"
"报告与会计变更","23","财务报告","第一节 财务报表概述","持续经营评估期间","CH23-007","527","538"
"报告与会计变更","23","财务报告","第一节 财务报表概述","重大持续经营疑虑","CH23-008","527","538"
"报告与会计变更","23","财务报告","第一节 财务报表概述","列报一致性","CH23-009","528","539"
"报告与会计变更","23","财务报告","第一节 财务报表概述","重要性单独列报","CH23-010","528","539"
"报告与会计变更","23","财务报告","第一节 财务报表概述","重要性判断","CH23-011","528","539"
"报告与会计变更","23","财务报告","第一节 财务报表概述","资产负债抵销","CH23-012","529","540"
"报告与会计变更","23","财务报告","第一节 财务报表概述","比较信息","CH23-013","529","540"
"报告与会计变更","23","财务报告","第一节 财务报表概述","短于一年的年度报表","CH23-014","530","541"
"报告与会计变更","23","财务报告","第二节 资产负债表","资产负债表时间属性","CH23-015","530","541"
"报告与会计变更","23","财务报告","第二节 资产负债表","资产负债表内容","CH23-016","530","541"
"报告与会计变更","23","财务报告","第二节 资产负债表","流动资产","CH23-017","532","543"
"报告与会计变更","23","财务报告","第二节 资产负债表","现金及现金等价物","CH23-018","533","544"
"报告与会计变更","23","财务报告","第二节 资产负债表","合同资产与应收款","CH23-019","533","544"
"报告与会计变更","23","财务报告","第二节 资产负债表","流动负债","CH23-020","533","544"
"报告与会计变更","23","财务报告","第二节 资产负债表","一年内到期非流动负债","CH23-021","534","545"
"报告与会计变更","23","财务报告","第二节 资产负债表","报告日后再融资","CH23-022","535","546"
"报告与会计变更","23","财务报告","第二节 资产负债表","报告日前展期权","CH23-023","535","546"
"报告与会计变更","23","财务报告","第二节 资产负债表","列报金额净额","CH23-024","536","547"
"报告与会计变更","23","财务报告","第二节 资产负债表","期初期末余额","CH23-025","538","549"
"报告与会计变更","23","财务报告","第三节 利润表","利润表时间属性","CH23-026","538","549"
"报告与会计变更","23","财务报告","第三节 利润表","利润表主要用途","CH23-027","538","549"
"报告与会计变更","23","财务报告","第三节 利润表","营业利润","CH23-028","539","550"
"报告与会计变更","23","财务报告","第三节 利润表","利润总额","CH23-029","539","550"
"报告与会计变更","23","财务报告","第三节 利润表","净利润","CH23-030","539","550"
"报告与会计变更","23","财务报告","第三节 利润表","其他综合收益","CH23-031","540","551"
"报告与会计变更","23","财务报告","第三节 利润表","研发费用填列","CH23-032","541","552"
"报告与会计变更","23","财务报告","第三节 利润表","综合收益总额","CH23-033","541","552"
"报告与会计变更","23","财务报告","第四节 现金流量表","现金流量表作用","CH23-034","541","552"
"报告与会计变更","23","财务报告","第四节 现金流量表","现金等价物定义","CH23-035","542","553"
"报告与会计变更","23","财务报告","第四节 现金流量表","经营活动现金流","CH23-036","543","554"
"报告与会计变更","23","财务报告","第四节 现金流量表","投资活动现金流","CH23-037","543","554"
"报告与会计变更","23","财务报告","第四节 现金流量表","筹资活动现金流","CH23-038","544","555"
"报告与会计变更","23","财务报告","第四节 现金流量表","应付账款现金流类别","CH23-039","544","555"
"报告与会计变更","23","财务报告","第四节 现金流量表","经营现金流直接法","CH23-040","545","556"
"报告与会计变更","23","财务报告","第四节 现金流量表","销售商品收到现金","CH23-041","546","557"
"报告与会计变更","23","财务报告","第四节 现金流量表","支付职工现金","CH23-042","547","558"
"报告与会计变更","23","财务报告","第四节 现金流量表","购子公司现金净额","CH23-043","548","559"
"报告与会计变更","23","财务报告","第四节 现金流量表","偿还债务现金","CH23-044","549","560"
"报告与会计变更","23","财务报告","第四节 现金流量表","现金流量表补充资料","CH23-045","550","561"
"报告与会计变更","23","财务报告","第四节 现金流量表","重大非现金投资筹资活动","CH23-046","551","562"
"报告与会计变更","23","财务报告","第五节 所有者权益变动表","所有者权益变动表","CH23-047","551","562"
"报告与会计变更","23","财务报告","第五节 所有者权益变动表","权益变动来源","CH23-048","552","563"
"报告与会计变更","23","财务报告","第五节 所有者权益变动表","利润分配与权益","CH23-049","552","563"
"报告与会计变更","23","财务报告","第五节 所有者权益变动表","上年金额栏","CH23-050","553","564"
"报告与会计变更","23","财务报告","第五节 所有者权益变动表","本年金额栏","CH23-051","553","564"
"报告与会计变更","23","财务报告","第六节 财务报表附注披露","附注作用","CH23-052","553","564"
"报告与会计变更","23","财务报告","第六节 财务报表附注披露","附注披露政策","CH23-053","554","565"
"报告与会计变更","23","财务报告","第六节 财务报表附注披露","经营分部","CH23-054","555","566"
"报告与会计变更","23","财务报告","第六节 财务报表附注披露","报告分部阈值","CH23-055","556","567"
"报告与会计变更","23","财务报告","第六节 财务报表附注披露","分部信息目的","CH23-056","557","568"
"报告与会计变更","23","财务报告","第六节 财务报表附注披露","关联方关系","CH23-057","559","570"
"报告与会计变更","23","财务报告","第六节 财务报表附注披露","同一控制下企业","CH23-058","560","571"
"报告与会计变更","23","财务报告","第六节 财务报表附注披露","重大影响与关联方","CH23-059","561","572"
"报告与会计变更","23","财务报告","第六节 财务报表附注披露","控制关系披露","CH23-060","563","574"
"报告与会计变更","23","财务报告","第六节 财务报表附注披露","关联交易披露","CH23-061","563","574"
"报告与会计变更","23","财务报告","第七节 中期财务报告","中期报告定义","CH23-062","563","574"
"报告与会计变更","23","财务报告","第七节 中期财务报告","中期政策一致性","CH23-063","564","575"
"报告与会计变更","23","财务报告","第七节 中期财务报告","中期重要性","CH23-064","564","575"
"报告与会计变更","23","财务报告","第七节 中期财务报告","中期估计","CH23-065","565","576"
"报告与会计变更","23","财务报告","第七节 中期财务报告","中期合并财报","CH23-066","565","576"
"报告与会计变更","23","财务报告","第七节 中期财务报告","季节性收入","CH23-067","566","577"
"报告与会计变更","23","财务报告","第七节 中期财务报告","中期会计政策变更","CH23-068","567","578"
"报告与会计变更","23","财务报告","第七节 中期财务报告","中期附注基础","CH23-069","568","579"
"报告与会计变更","23","财务报告","第七节 中期财务报告","中期重大事项披露","CH23-070","568","579"
"报告与会计变更","23","财务报告","第六节 财务报表附注披露","报告分部75%标准","CH23-071","557","568"
"报告与会计变更","23","财务报告","第六节 财务报表附注披露","低于10%分部自愿披露","CH23-072","557","568"
"报告与会计变更","23","财务报告","第六节 财务报表附注披露","报告分部比较信息","CH23-073","559","570"
"报告与会计变更","23","财务报告","第六节 财务报表附注披露","分部信息总额衔接","CH23-074","559","570"
"报告与会计变更","23","财务报告","第七节 中期财务报告","中期资产负债表比较期间","CH23-075","565","576"
"报告与会计变更","23","财务报告","第七节 中期财务报告","中期利润表比较期间","CH23-076","565","576"
"报告与会计变更","23","财务报告","第七节 中期财务报告","中期现金流量表比较期间","CH23-077","565","576"
"报告与会计变更","23","财务报告","第七节 中期财务报告","中期计量累计基础","CH23-078","566","577"
"报告与会计变更","23","财务报告","第七节 中期财务报告","不均匀费用的中期确认","CH23-079","566","577"
"报告与会计变更","24","会计政策、会计估计及其变更和差错更正","第一节 会计政策及其变更概述","会计政策定义","CH24-001","570","581"
"报告与会计变更","24","会计政策、会计估计及其变更和差错更正","第一节 会计政策及其变更概述","会计政策三个层次","CH24-002","570","581"
"报告与会计变更","24","会计政策、会计估计及其变更和差错更正","第一节 会计政策及其变更概述","计量基础","CH24-003","570","581"
"报告与会计变更","24","会计政策、会计估计及其变更和差错更正","第一节 会计政策及其变更概述","会计政策判断","CH24-004","572","583"
"报告与会计变更","24","会计政策、会计估计及其变更和差错更正","第一节 会计政策及其变更概述","政策变更定义","CH24-005","572","583"
"报告与会计变更","24","会计政策、会计估计及其变更和差错更正","第一节 会计政策及其变更概述","准则要求变更","CH24-006","573","584"
"报告与会计变更","24","会计政策、会计估计及其变更和差错更正","第一节 会计政策及其变更概述","自愿变更条件","CH24-007","573","584"
"报告与会计变更","24","会计政策、会计估计及其变更和差错更正","第一节 会计政策及其变更概述","投资性房地产模式改变","CH24-008","573","584"
"报告与会计变更","24","会计政策、会计估计及其变更和差错更正","第一节 会计政策及其变更概述","不是政策变更的情况","CH24-009","573","584"
"报告与会计变更","24","会计政策、会计估计及其变更和差错更正","第二节 会计估计及其变更概述","会计估计定义","CH24-010","574","585"
"报告与会计变更","24","会计政策、会计估计及其变更和差错更正","第二节 会计估计及其变更概述","存货可变现净值","CH24-011","575","586"
"报告与会计变更","24","会计政策、会计估计及其变更和差错更正","第二节 会计估计及其变更概述","折旧参数","CH24-012","575","586"
"报告与会计变更","24","会计政策、会计估计及其变更和差错更正","第二节 会计估计及其变更概述","公允价值估计","CH24-013","575","586"
"报告与会计变更","24","会计政策、会计估计及其变更和差错更正","第二节 会计估计及其变更概述","会计估计变更原因","CH24-014","576","587"
"报告与会计变更","24","会计政策、会计估计及其变更和差错更正","第二节 会计估计及其变更概述","估计变更与差错","CH24-015","576","587"
"报告与会计变更","24","会计政策、会计估计及其变更和差错更正","第三节 会计政策变更与会计估计变更的划分","划分政策与估计","CH24-016","576","587"
"报告与会计变更","24","会计政策、会计估计及其变更和差错更正","第三节 会计政策变更与会计估计变更的划分","计量基础改变","CH24-017","577","588"
"报告与会计变更","24","会计政策、会计估计及其变更和差错更正","第三节 会计政策变更与会计估计变更的划分","折旧方法改变","CH24-018","578","589"
"报告与会计变更","24","会计政策、会计估计及其变更和差错更正","第三节 会计政策变更与会计估计变更的划分","难以区分政策估计","CH24-019","578","589"
"报告与会计变更","24","会计政策、会计估计及其变更和差错更正","第四节 会计政策和会计估计变更的会计处理","政策变更处理原则","CH24-020","578","589"
"报告与会计变更","24","会计政策、会计估计及其变更和差错更正","第四节 会计政策和会计估计变更的会计处理","追溯调整法定义","CH24-021","579","590"
"报告与会计变更","24","会计政策、会计估计及其变更和差错更正","第四节 会计政策和会计估计变更的会计处理","政策变更累积影响","CH24-022","579","590"
"报告与会计变更","24","会计政策、会计估计及其变更和差错更正","第四节 会计政策和会计估计变更的会计处理","追溯不可行","CH24-023","579","590"
"报告与会计变更","24","会计政策、会计估计及其变更和差错更正","第四节 会计政策和会计估计变更的会计处理","未来适用法定义","CH24-024","583","594"
"报告与会计变更","24","会计政策、会计估计及其变更和差错更正","第四节 会计政策和会计估计变更的会计处理","未来适用不改以前","CH24-025","583","594"
"报告与会计变更","24","会计政策、会计估计及其变更和差错更正","第四节 会计政策和会计估计变更的会计处理","估计变更处理","CH24-026","584","595"
"报告与会计变更","24","会计政策、会计估计及其变更和差错更正","第四节 会计政策和会计估计变更的会计处理","折旧估计简单计算","CH24-027","585","596"
"报告与会计变更","24","会计政策、会计估计及其变更和差错更正","第四节 会计政策和会计估计变更的会计处理","政策变更披露","CH24-028","584","595"
"报告与会计变更","24","会计政策、会计估计及其变更和差错更正","第四节 会计政策和会计估计变更的会计处理","估计变更披露","CH24-029","584","595"
"报告与会计变更","24","会计政策、会计估计及其变更和差错更正","第五节 前期差错及其更正","前期差错定义","CH24-030","585","596"
"报告与会计变更","24","会计政策、会计估计及其变更和差错更正","第五节 前期差错及其更正","前期差错原因","CH24-031","586","597"
"报告与会计变更","24","会计政策、会计估计及其变更和差错更正","第五节 前期差错及其更正","差错重要性","CH24-032","586","597"
"报告与会计变更","24","会计政策、会计估计及其变更和差错更正","第五节 前期差错及其更正","不重要前期差错","CH24-033","587","598"
"报告与会计变更","24","会计政策、会计估计及其变更和差错更正","第五节 前期差错及其更正","重要前期差错","CH24-034","587","598"
"报告与会计变更","24","会计政策、会计估计及其变更和差错更正","第五节 前期差错及其更正","追溯重述不可行","CH24-035","588","599"
"报告与会计变更","24","会计政策、会计估计及其变更和差错更正","第五节 前期差错及其更正","差错更正披露","CH24-036","589","600"
"报告与会计变更","25","资产负债表日后事项","第一节 资产负债表日后事项概述","日后事项期间","CH25-001","590","601"
"报告与会计变更","25","资产负债表日后事项","第一节 资产负债表日后事项概述","财务报告批准报出日","CH25-002","590","601"
"报告与会计变更","25","资产负债表日后事项","第一节 资产负债表日后事项概述","有利和不利事项","CH25-003","591","602"
"报告与会计变更","25","资产负债表日后事项","第一节 资产负债表日后事项概述","调整事项判断","CH25-004","591","602"
"报告与会计变更","25","资产负债表日后事项","第一节 资产负债表日后事项概述","非调整事项判断","CH25-005","592","603"
"报告与会计变更","25","资产负债表日后事项","第一节 资产负债表日后事项概述","同类事件不同分类","CH25-006","593","604"
"报告与会计变更","25","资产负债表日后事项","第一节 资产负债表日后事项概述","日后诉讼判决","CH25-007","592","603"
"报告与会计变更","25","资产负债表日后事项","第一节 资产负债表日后事项概述","日后减值证据","CH25-008","592","603"
"报告与会计变更","25","资产负债表日后事项","第一节 资产负债表日后事项概述","日后确定交易金额","CH25-009","592","603"
"报告与会计变更","25","资产负债表日后事项","第一节 资产负债表日后事项概述","日后发现舞弊","CH25-010","592","603"
"报告与会计变更","25","资产负债表日后事项","第二节 调整事项的会计处理","调整事项处理目标","CH25-011","593","604"
"报告与会计变更","25","资产负债表日后事项","第二节 调整事项的会计处理","以前年度损益调整","CH25-012","594","605"
"报告与会计变更","25","资产负债表日后事项","第二节 调整事项的会计处理","损益调整结转","CH25-013","594","605"
"报告与会计变更","25","资产负债表日后事项","第二节 调整事项的会计处理","利润分配调整","CH25-014","594","605"
"报告与会计变更","25","资产负债表日后事项","第二节 调整事项的会计处理","调整财务报表","CH25-015","598","609"
"报告与会计变更","25","资产负债表日后事项","第三节 非调整事项的会计处理","非调整事项处理原则","CH25-016","599","610"
"报告与会计变更","25","资产负债表日后事项","第三节 非调整事项的会计处理","非调整事项披露内容","CH25-017","599","610"
"报告与会计变更","25","资产负债表日后事项","第三节 非调整事项的会计处理","日后发行股票","CH25-018","599","610"
"报告与会计变更","25","资产负债表日后事项","第三节 非调整事项的会计处理","日后自然灾害","CH25-019","599","610"
"报告与会计变更","25","资产负债表日后事项","第三节 非调整事项的会计处理","日后巨额亏损","CH25-020","600","611"
"报告与会计变更","25","资产负债表日后事项","第三节 非调整事项的会计处理","日后企业合并","CH25-021","600","611"
"报告与会计变更","25","资产负债表日后事项","第三节 非调整事项的会计处理","日后现金股利","CH25-022","600","611"
"报告与会计变更","25","资产负债表日后事项","第三节 非调整事项的会计处理","日后重大诉讼或承诺","CH25-023","599","610"
"报告与会计变更","25","资产负债表日后事项","第三节 非调整事项的会计处理","日后价格税率汇率重大变化","CH25-024","599","610"
"报告与会计变更","25","资产负债表日后事项","第三节 非调整事项的会计处理","日后发行债券和巨额举债","CH25-025","599","610"
"报告与会计变更","25","资产负债表日后事项","第三节 非调整事项的会计处理","日后资本公积转增资本","CH25-026","599","610"
"报告与会计变更","25","资产负债表日后事项","第三节 非调整事项的会计处理","日后债务重组协议","CH25-027","600","611"
"报告与会计变更","25","资产负债表日后事项","第三节 非调整事项的会计处理","日后全额收回金融资产","CH25-028","600","611"
"报告与会计变更","25","资产负债表日后事项","第三节 非调整事项的会计处理","日后事项批准信息披露","CH25-029","600","611"
"合并与计量","26","企业合并","第一节 企业合并概述","企业合并定义","CH26-001","601","612"
"合并与计量","26","企业合并","第一节 企业合并概述","企业合并前提","CH26-002","601","612"
"合并与计量","26","企业合并","第一节 企业合并概述","业务基本含义","CH26-003","601","612"
"合并与计量","26","企业合并","第一节 企业合并概述","资产购买处理","CH26-004","602","613"
"合并与计量","26","企业合并","第一节 企业合并概述","资产购买差额","CH26-005","602","613"
"合并与计量","26","企业合并","第一节 企业合并概述","交易费用差异","CH26-006","602","613"
"合并与计量","26","企业合并","第一节 企业合并概述","控制权转移","CH26-007","602","613"
"合并与计量","26","企业合并","第一节 企业合并概述","控股合并","CH26-008","603","614"
"合并与计量","26","企业合并","第一节 企业合并概述","吸收合并","CH26-009","603","614"
"合并与计量","26","企业合并","第一节 企业合并概述","新设合并","CH26-010","603","614"
"合并与计量","26","企业合并","第一节 企业合并概述","同一控制定义","CH26-011","603","614"
"合并与计量","26","企业合并","第一节 企业合并概述","控制持续时间","CH26-012","604","615"
"合并与计量","26","企业合并","第一节 企业合并概述","国家控制判断","CH26-013","604","615"
"合并与计量","26","企业合并","第一节 企业合并概述","非同一控制定义","CH26-014","604","615"
"合并与计量","26","企业合并","第一节 企业合并概述","业务三要素","CH26-015","606","617"
"合并与计量","26","企业合并","第一节 企业合并概述","尚无产出业务","CH26-016","606","617"
"合并与计量","26","企业合并","第一节 企业合并概述","加工处理过程","CH26-017","606","617"
"合并与计量","26","企业合并","第一节 企业合并概述","集中度测试性质","CH26-018","607","618"
"合并与计量","26","企业合并","第一节 企业合并概述","集中度测试通过","CH26-019","607","618"
"合并与计量","26","企业合并","第一节 企业合并概述","集中度测试未通过","CH26-020","607","618"
"合并与计量","26","企业合并","第二节 企业合并的会计处理","同一控制处理理念","CH26-021","608","619"
"合并与计量","26","企业合并","第二节 企业合并的会计处理","同一控制资产负债","CH26-022","608","619"
"合并与计量","26","企业合并","第二节 企业合并的会计处理","同一控制商誉","CH26-023","608","619"
"合并与计量","26","企业合并","第二节 企业合并的会计处理","原有商誉延续","CH26-024","608","619"
"合并与计量","26","企业合并","第二节 企业合并的会计处理","会计政策统一","CH26-025","608","619"
"合并与计量","26","企业合并","第二节 企业合并的会计处理","同一控制合并差额","CH26-026","608","619"
"合并与计量","26","企业合并","第二节 企业合并的会计处理","权益冲减顺序","CH26-027","608","619"
"合并与计量","26","企业合并","第二节 企业合并的会计处理","同一控制比较报表","CH26-028","609","620"
"合并与计量","26","企业合并","第二节 企业合并的会计处理","合并前损益现金流","CH26-029","609","620"
"合并与计量","26","企业合并","第二节 企业合并的会计处理","控股合并投资成本","CH26-030","610","621"
"合并与计量","26","企业合并","第二节 企业合并的会计处理","合并日报表","CH26-031","610","621"
"合并与计量","26","企业合并","第二节 企业合并的会计处理","留存收益恢复","CH26-032","610","621"
"合并与计量","26","企业合并","第二节 企业合并的会计处理","同一控制吸收合并","CH26-033","620","631"
"合并与计量","26","企业合并","第二节 企业合并的会计处理","吸收合并对价差额","CH26-034","620","631"
"合并与计量","26","企业合并","第二节 企业合并的会计处理","合并直接费用","CH26-035","621","632"
"合并与计量","26","企业合并","第二节 企业合并的会计处理","债券发行费用","CH26-036","621","632"
"合并与计量","26","企业合并","第二节 企业合并的会计处理","权益证券发行费用","CH26-037","621","632"
"合并与计量","26","企业合并","第二节 企业合并的会计处理","购买方识别","CH26-038","622","633"
"合并与计量","26","企业合并","第二节 企业合并的会计处理","购买日定义","CH26-039","622","633"
"合并与计量","26","企业合并","第二节 企业合并的会计处理","控制转移条件","CH26-040","622","633"
"合并与计量","26","企业合并","第二节 企业合并的会计处理","合并成本构成","CH26-041","623","634"
"合并与计量","26","企业合并","第二节 企业合并的会计处理","中介费用处理","CH26-042","623","634"
"合并与计量","26","企业合并","第二节 企业合并的会计处理","可辨认无形资产","CH26-043","624","635"
"合并与计量","26","企业合并","第二节 企业合并的会计处理","可辨认条件","CH26-044","624","635"
"合并与计量","26","企业合并","第二节 企业合并的会计处理","商誉计算","CH26-045","625","636"
"合并与计量","26","企业合并","第二节 企业合并的会计处理","商誉后续计量","CH26-046","625","636"
"合并与计量","26","企业合并","第二节 企业合并的会计处理","廉价购买","CH26-047","625","636"
"合并与计量","26","企业合并","第二节 企业合并的会计处理","购买日后所得税信息","CH26-048","626","637"
"合并与计量","26","企业合并","第二节 企业合并的会计处理","计量期外税项变化","CH26-049","626","637"
"合并与计量","26","企业合并","第二节 企业合并的会计处理","补偿性资产合并层面","CH26-050","626","637"
"合并与计量","26","企业合并","第二节 企业合并的会计处理","补偿性资产个别报表","CH26-051","627","638"
"合并与计量","26","企业合并","第二节 企业合并的会计处理","补偿性资产列报","CH26-052","627","638"
"合并与计量","26","企业合并","第二节 企业合并的会计处理","非同一控制资产负债","CH26-053","629","640"
"合并与计量","26","企业合并","第二节 企业合并的会计处理","备查簿","CH26-054","629","640"
"合并与计量","26","企业合并","第二节 企业合并的会计处理","非货币资产对价","CH26-055","629","640"
"合并与计量","26","企业合并","第二节 企业合并的会计处理","同一控制或有对价","CH26-056","631","642"
"合并与计量","26","企业合并","第二节 企业合并的会计处理","非同一控制或有对价初始计量","CH26-057","631","642"
"合并与计量","26","企业合并","第二节 企业合并的会计处理","计量期间调整","CH26-058","631","642"
"合并与计量","26","企业合并","第二节 企业合并的会计处理","权益性质或有对价","CH26-059","631","642"
"合并与计量","26","企业合并","第二节 企业合并的会计处理","金融负债或有对价","CH26-060","631","642"
"合并与计量","26","企业合并","第二节 企业合并的会计处理","反向购买识别","CH26-061","632","643"
"合并与计量","26","企业合并","第二节 企业合并的会计处理","反向购买合并成本","CH26-062","633","644"
"合并与计量","26","企业合并","第二节 企业合并的会计处理","反向购买资产计量","CH26-063","633","644"
"合并与计量","26","企业合并","第二节 企业合并的会计处理","反向购买留存收益","CH26-064","633","644"
"合并与计量","26","企业合并","第二节 企业合并的会计处理","反向购买权益结构","CH26-065","633","644"
"合并与计量","26","企业合并","第二节 企业合并的会计处理","反向购买比较信息","CH26-066","633","644"
"合并与计量","26","企业合并","第二节 企业合并的会计处理","反向购买少数股东","CH26-067","633","644"
"合并与计量","26","企业合并","第二节 企业合并的会计处理","反向购买每股收益","CH26-068","634","645"
"合并与计量","26","企业合并","第二节 企业合并的会计处理","被购买方账面改记","CH26-069","636","647"
"合并与计量","27","合并财务报表","第一节 合并范围的确定","合并范围基础","CH27-001","637","648"
"合并与计量","27","合并财务报表","第一节 合并范围的确定","控制三要素","CH27-002","637","648"
"合并与计量","27","合并财务报表","第一节 合并范围的确定","控制重新评估","CH27-003","637","648"
"合并与计量","27","合并财务报表","第一节 合并范围的确定","设立目的和设计","CH27-004","637","648"
"合并与计量","27","合并财务报表","第一节 合并范围的确定","多数表决权非绝对","CH27-005","638","649"
"合并与计量","27","合并财务报表","第一节 合并范围的确定","结构化主体","CH27-006","638","649"
"合并与计量","27","合并财务报表","第一节 合并范围的确定","权力定义","CH27-007","639","650"
"合并与计量","27","合并财务报表","第一节 合并范围的确定","相关活动定义","CH27-008","639","650"
"合并与计量","27","合并财务报表","第一节 合并范围的确定","相关活动示例","CH27-009","639","650"
"合并与计量","27","合并财务报表","第一节 合并范围的确定","多项相关活动","CH27-010","640","651"
"合并与计量","27","合并财务报表","第一节 合并范围的确定","实质性权利","CH27-011","640","651"
"合并与计量","27","合并财务报表","第一节 合并范围的确定","远期合同实质性","CH27-012","641","652"
"合并与计量","27","合并财务报表","第一节 合并范围的确定","行权障碍","CH27-013","641","652"
"合并与计量","27","合并财务报表","第一节 合并范围的确定","保护性权利","CH27-014","642","653"
"合并与计量","27","合并财务报表","第一节 合并范围的确定","触发事件权利","CH27-015","642","653"
"合并与计量","27","合并财务报表","第一节 合并范围的确定","特许经营权利","CH27-016","642","653"
"合并与计量","27","合并财务报表","第一节 合并范围的确定","表决权来源","CH27-017","643","654"
"合并与计量","27","合并财务报表","第一节 合并范围的确定","潜在表决权","CH27-018","643","654"
"合并与计量","27","合并财务报表","第一节 合并范围的确定","多数票受限","CH27-019","644","655"
"合并与计量","27","合并财务报表","第一节 合并范围的确定","少数票事实控制","CH27-020","644","655"
"合并与计量","27","合并财务报表","第一节 合并范围的确定","其他股东分散程度","CH27-021","645","656"
"合并与计量","27","合并财务报表","第一节 合并范围的确定","股东积极参与","CH27-022","645","656"
"合并与计量","27","合并财务报表","第一节 合并范围的确定","表决协议","CH27-023","645","656"
"合并与计量","27","合并财务报表","第一节 合并范围的确定","经济依赖","CH27-024","646","657"
"合并与计量","27","合并财务报表","第一节 合并范围的确定","额外事实证据","CH27-025","646","657"
"合并与计量","27","合并财务报表","第一节 合并范围的确定","结构化主体特征","CH27-026","648","659"
"合并与计量","27","合并财务报表","第一节 合并范围的确定","可变回报定义","CH27-027","654","665"
"合并与计量","27","合并财务报表","第一节 合并范围的确定","固定利息回报","CH27-028","654","665"
"合并与计量","27","合并财务报表","第一节 合并范围的确定","管理费回报","CH27-029","654","665"
"合并与计量","27","合并财务报表","第一节 合并范围的确定","权力回报联系","CH27-030","655","666"
"合并与计量","27","合并财务报表","第一节 合并范围的确定","代理人概念","CH27-031","655","666"
"合并与计量","27","合并财务报表","第一节 合并范围的确定","代理人四因素","CH27-032","655","666"
"合并与计量","27","合并财务报表","第一节 合并范围的确定","单方无理由罢免权","CH27-033","656","667"
"合并与计量","27","合并财务报表","第一节 合并范围的确定","薪酬条件","CH27-034","656","667"
"合并与计量","27","合并财务报表","第一节 合并范围的确定","其他权益风险","CH27-035","656","667"
"合并与计量","27","合并财务报表","第一节 合并范围的确定","实质代理人","CH27-036","659","670"
"合并与计量","27","合并财务报表","第一节 合并范围的确定","可分割部分","CH27-037","659","670"
"合并与计量","27","合并财务报表","第一节 合并范围的确定","投资性主体豁免","CH27-038","660","671"
"合并与计量","27","合并财务报表","第一节 合并范围的确定","投资性主体服务子公司","CH27-039","660","671"
"合并与计量","27","合并财务报表","第一节 合并范围的确定","投资性主体母公司","CH27-040","660","671"
"合并与计量","27","合并财务报表","第一节 合并范围的确定","年内处置唯一子公司","CH27-041","660","671"
"合并与计量","27","合并财务报表","第一节 合并范围的确定","投资性主体定义","CH27-042","660","671"
"合并与计量","27","合并财务报表","第一节 合并范围的确定","投资性主体计量","CH27-043","661","672"
"合并与计量","27","合并财务报表","第一节 合并范围的确定","投资性主体典型特征","CH27-044","661","672"
"合并与计量","27","合并财务报表","第一节 合并范围的确定","非投资转投资","CH27-045","662","673"
"合并与计量","27","合并财务报表","第一节 合并范围的确定","投资转非投资","CH27-046","662","673"
"合并与计量","27","合并财务报表","第一节 合并范围的确定","持续评估","CH27-047","662","673"
"合并与计量","27","合并财务报表","第二节 合并财务报表编制原则、前期准备事项及程序","合并报表含义","CH27-048","663","674"
"合并与计量","27","合并财务报表","第二节 合并财务报表编制原则、前期准备事项及程序","一体性原则","CH27-049","663","674"
"合并与计量","27","合并财务报表","第二节 合并财务报表编制原则、前期准备事项及程序","统一会计政策","CH27-050","664","675"
"合并与计量","27","合并财务报表","第二节 合并财务报表编制原则、前期准备事项及程序","统一会计期间","CH27-051","665","676"
"合并与计量","27","合并财务报表","第二节 合并财务报表编制原则、前期准备事项及程序","外币报表折算","CH27-052","665","676"
"合并与计量","27","合并财务报表","第二节 合并财务报表编制原则、前期准备事项及程序","合并资料收集","CH27-053","665","676"
"合并与计量","27","合并财务报表","第二节 合并财务报表编制原则、前期准备事项及程序","合并工作底稿","CH27-054","665","676"
"合并与计量","27","合并财务报表","第二节 合并财务报表编制原则、前期准备事项及程序","调整与抵销区别","CH27-055","666","677"
"合并与计量","27","合并财务报表","第二节 合并财务报表编制原则、前期准备事项及程序","抵销分录入账","CH27-056","666","677"
"合并与计量","27","合并财务报表","第二节 合并财务报表编制原则、前期准备事项及程序","少数股东列报","CH27-057","667","678"
"合并与计量","27","合并财务报表","第三节 长期股权投资与所有者权益的合并处理（同一控制下）","同一控制合并基础","CH27-058","668","679"
"合并与计量","27","合并财务报表","第三节 长期股权投资与所有者权益的合并处理（同一控制下）","合并日前比较数据","CH27-059","669","680"
"合并与计量","27","合并财务报表","第三节 长期股权投资与所有者权益的合并处理（同一控制下）","成本法调权益法","CH27-060","672","683"
"合并与计量","27","合并财务报表","第三节 长期股权投资与所有者权益的合并处理（同一控制下）","权益法净利润基础","CH27-061","672","683"
"合并与计量","27","合并财务报表","第三节 长期股权投资与所有者权益的合并处理（同一控制下）","子公司分红调整","CH27-062","673","684"
"合并与计量","27","合并财务报表","第三节 长期股权投资与所有者权益的合并处理（同一控制下）","投资权益抵销","CH27-063","676","687"
"合并与计量","27","合并财务报表","第三节 长期股权投资与所有者权益的合并处理（同一控制下）","少数股东权益计算","CH27-064","676","687"
"合并与计量","27","合并财务报表","第三节 长期股权投资与所有者权益的合并处理（同一控制下）","投资收益抵销","CH27-065","678","689"
"合并与计量","27","合并财务报表","第三节 长期股权投资与所有者权益的合并处理（同一控制下）","少数股东损益","CH27-066","679","690"
"合并与计量","27","合并财务报表","第三节 长期股权投资与所有者权益的合并处理（同一控制下）","少数股东超额亏损","CH27-067","680","691"
"合并与计量","27","合并财务报表","第三节 长期股权投资与所有者权益的合并处理（同一控制下）","同一控制当期损益","CH27-068","682","693"
"合并与计量","27","合并财务报表","第三节 长期股权投资与所有者权益的合并处理（同一控制下）","合并权益变动表","CH27-069","687","698"
"合并与计量","27","合并财务报表","第四节 长期股权投资与所有者权益的合并处理（非同一控制下）","购买日公允价值调整","CH27-070","688","699"
"合并与计量","27","合并财务报表","第四节 长期股权投资与所有者权益的合并处理（非同一控制下）","后续折旧调整","CH27-071","689","700"
"合并与计量","27","合并财务报表","第四节 长期股权投资与所有者权益的合并处理（非同一控制下）","后续摊销调整","CH27-072","689","700"
"合并与计量","27","合并财务报表","第四节 长期股权投资与所有者权益的合并处理（非同一控制下）","投资与权益抵销","CH27-073","690","701"
"合并与计量","27","合并财务报表","第四节 长期股权投资与所有者权益的合并处理（非同一控制下）","少数股东权益基础","CH27-074","690","701"
"合并与计量","27","合并财务报表","第四节 长期股权投资与所有者权益的合并处理（非同一控制下）","购买日后权益法调整","CH27-075","691","702"
"合并与计量","27","合并财务报表","第四节 长期股权投资与所有者权益的合并处理（非同一控制下）","购买日取得控制","CH27-076","692","703"
"合并与计量","27","合并财务报表","第四节 长期股权投资与所有者权益的合并处理（非同一控制下）","内部交易调整顺序","CH27-077","698","709"
"合并与计量","27","合并财务报表","第四节 长期股权投资与所有者权益的合并处理（非同一控制下）","商誉减值归属","CH27-078","700","711"
"合并与计量","27","合并财务报表","第四节 长期股权投资与所有者权益的合并处理（非同一控制下）","子公司其他综合收益","CH27-079","704","715"
"合并与计量","27","合并财务报表","第四节 长期股权投资与所有者权益的合并处理（非同一控制下）","子公司其他权益变动","CH27-080","708","719"
"合并与计量","27","合并财务报表","第四节 长期股权投资与所有者权益的合并处理（非同一控制下）","少数股东损益归属","CH27-081","713","724"
"合并与计量","27","合并财务报表","第五节 内部商品交易的合并处理","内部销售全部对外售出","CH27-082","714","725"
"合并与计量","27","合并财务报表","第五节 内部商品交易的合并处理","期末未实现利润","CH27-083","714","725"
"合并与计量","27","合并财务报表","第五节 内部商品交易的合并处理","未实现利润计算","CH27-084","715","726"
"合并与计量","27","合并财务报表","第五节 内部商品交易的合并处理","部分对外销售","CH27-085","716","727"
"合并与计量","27","合并财务报表","第五节 内部商品交易的合并处理","上期存货本期售出","CH27-086","717","728"
"合并与计量","27","合并财务报表","第五节 内部商品交易的合并处理","存货跌价准备基础","CH27-087","718","729"
"合并与计量","27","合并财务报表","第五节 内部商品交易的合并处理","跌价准备抵销上限","CH27-088","719","730"
"合并与计量","27","合并财务报表","第五节 内部商品交易的合并处理","连续编报跌价准备","CH27-089","722","733"
"合并与计量","27","合并财务报表","第六节 内部债权债务的合并处理","内部债权债务抵销","CH27-090","724","735"
"合并与计量","27","合并财务报表","第六节 内部债权债务的合并处理","内部票据抵销","CH27-091","725","736"
"合并与计量","27","合并财务报表","第六节 内部债权债务的合并处理","内部债券抵销","CH27-092","726","737"
"合并与计量","27","合并财务报表","第六节 内部债权债务的合并处理","内部利息抵销","CH27-093","726","737"
"合并与计量","27","合并财务报表","第六节 内部债权债务的合并处理","金额不一致处理","CH27-094","726","737"
"合并与计量","27","合并财务报表","第六节 内部债权债务的合并处理","坏账准备抵销","CH27-095","727","738"
"合并与计量","27","合并财务报表","第六节 内部债权债务的合并处理","连续编报坏账准备","CH27-096","728","739"
"合并与计量","27","合并财务报表","第六节 内部债权债务的合并处理","坏账准备本期增加","CH27-097","729","740"
"合并与计量","27","合并财务报表","第六节 内部债权债务的合并处理","坏账准备本期减少","CH27-098","730","741"
"合并与计量","27","合并财务报表","第七节 内部固定资产交易的合并处理","存货转固定资产","CH27-099","732","743"
"合并与计量","27","合并财务报表","第七节 内部固定资产交易的合并处理","固定资产未实现利润","CH27-100","733","744"
"合并与计量","27","合并财务报表","第七节 内部固定资产交易的合并处理","多提折旧抵销","CH27-101","734","745"
"合并与计量","27","合并财务报表","第七节 内部固定资产交易的合并处理","当期折旧计算","CH27-102","735","746"
"合并与计量","27","合并财务报表","第七节 内部固定资产交易的合并处理","连续编报年初承接","CH27-103","736","747"
"合并与计量","27","合并财务报表","第七节 内部固定资产交易的合并处理","固定资产减值","CH27-104","737","748"
"合并与计量","27","合并财务报表","第七节 内部固定资产交易的合并处理","到期清理","CH27-105","738","749"
"合并与计量","27","合并财务报表","第七节 内部固定资产交易的合并处理","超期使用","CH27-106","739","750"
"合并与计量","27","合并财务报表","第七节 内部固定资产交易的合并处理","提前清理","CH27-107","743","754"
"合并与计量","27","合并财务报表","第八节 内部无形资产交易的合并处理","内部无形资产价值","CH27-108","744","755"
"合并与计量","27","合并财务报表","第八节 内部无形资产交易的合并处理","无形资产利润抵销","CH27-109","744","755"
"合并与计量","27","合并财务报表","第八节 内部无形资产交易的合并处理","多计摊销抵销","CH27-110","745","756"
"合并与计量","27","合并财务报表","第八节 内部无形资产交易的合并处理","使用寿命不确定","CH27-111","746","757"
"合并与计量","27","合并财务报表","第八节 内部无形资产交易的合并处理","连续编报无形资产","CH27-112","747","758"
"合并与计量","27","合并财务报表","第八节 内部无形资产交易的合并处理","无形资产减值基础","CH27-113","748","759"
"合并与计量","27","合并财务报表","第八节 内部无形资产交易的合并处理","对外处置无形资产","CH27-114","750","761"
"合并与计量","27","合并财务报表","第九节 特殊交易在合并财务报表中的会计处理","同一控制新增子公司","CH27-115","751","762"
"合并与计量","27","合并财务报表","第九节 特殊交易在合并财务报表中的会计处理","非同一控制新增子公司","CH27-116","751","762"
"合并与计量","27","合并财务报表","第九节 特殊交易在合并财务报表中的会计处理","本期处置子公司","CH27-117","752","763"
"合并与计量","27","合并财务报表","第九节 特殊交易在合并财务报表中的会计处理","购买少数股权性质","CH27-118","753","764"
"合并与计量","27","合并财务报表","第九节 特殊交易在合并财务报表中的会计处理","购买少数股权差额","CH27-119","753","764"
"合并与计量","27","合并财务报表","第九节 特殊交易在合并财务报表中的会计处理","分步取得控制重计量","CH27-120","754","765"
"合并与计量","27","合并财务报表","第九节 特殊交易在合并财务报表中的会计处理","分步同一控制","CH27-121","755","766"
"合并与计量","27","合并财务报表","第九节 特殊交易在合并财务报表中的会计处理","部分处置未丧控","CH27-122","756","767"
"合并与计量","27","合并财务报表","第九节 特殊交易在合并财务报表中的会计处理","未丧控处置差额","CH27-123","756","767"
"合并与计量","27","合并财务报表","第九节 特殊交易在合并财务报表中的会计处理","丧失控制剩余股权","CH27-124","757","768"
"合并与计量","27","合并财务报表","第九节 特殊交易在合并财务报表中的会计处理","一揽子交易判断","CH27-125","758","769"
"合并与计量","27","合并财务报表","第九节 特殊交易在合并财务报表中的会计处理","其他股东增资稀释","CH27-126","759","770"
"合并与计量","27","合并财务报表","第九节 特殊交易在合并财务报表中的会计处理","交叉持股抵销","CH27-127","759","770"
"合并与计量","27","合并财务报表","第九节 特殊交易在合并财务报表中的会计处理","逆流交易归属","CH27-128","760","771"
"合并与计量","27","合并财务报表","第十节 所得税会计相关的合并处理","内部存货计税基础","CH27-129","761","772"
"合并与计量","27","合并财务报表","第十节 所得税会计相关的合并处理","存货内部利润递延税","CH27-130","762","773"
"合并与计量","27","合并财务报表","第十节 所得税会计相关的合并处理","递延税资产转回","CH27-131","762","773"
"合并与计量","27","合并财务报表","第十节 所得税会计相关的合并处理","坏账准备递延税","CH27-132","763","774"
"合并与计量","27","合并财务报表","第十节 所得税会计相关的合并处理","内部固定资产递延税","CH27-133","764","775"
"合并与计量","27","合并财务报表","第十节 所得税会计相关的合并处理","折旧期间递延税","CH27-134","765","776"
"合并与计量","27","合并财务报表","第十节 所得税会计相关的合并处理","税率选择","CH27-135","766","777"
"合并与计量","27","合并财务报表","第十一节 合并现金流量表的编制","合并现金流量范围","CH27-136","767","778"
"合并与计量","27","合并财务报表","第十一节 合并现金流量表的编制","内部现金流抵销","CH27-137","767","778"
"合并与计量","27","合并财务报表","第十一节 合并现金流量表的编制","取得子公司现金净额","CH27-138","767","778"
"合并与计量","27","合并财务报表","第十一节 合并现金流量表的编制","处置子公司现金净额","CH27-139","767","778"
"合并与计量","27","合并财务报表","第十一节 合并现金流量表的编制","购买少数股权现金流","CH27-140","768","779"
"合并与计量","27","合并财务报表","第十一节 合并现金流量表的编制","向少数股东支付股利","CH27-141","768","779"
"合并与计量","27","合并财务报表","第十一节 合并现金流量表的编制","内部购买固定资产现金流","CH27-142","768","779"
"合并与计量","28","每股收益","第一节 每股收益的基本概念","每股收益含义","CH28-001","769","780"
"合并与计量","28","每股收益","第一节 每股收益的基本概念","每股收益用途","CH28-002","769","780"
"合并与计量","28","每股收益","第一节 每股收益的基本概念","每股收益种类","CH28-003","769","780"
"合并与计量","28","每股收益","第一节 每股收益的基本概念","基本每股收益关注点","CH28-004","769","780"
"合并与计量","28","每股收益","第一节 每股收益的基本概念","稀释每股收益目的","CH28-005","769","780"
"合并与计量","28","每股收益","第二节 基本每股收益","基本每股收益公式","CH28-006","769","780"
"合并与计量","28","每股收益","第二节 基本每股收益","合并报表分子","CH28-007","770","781"
"合并与计量","28","每股收益","第二节 基本每股收益","不可累积优先股","CH28-008","770","781"
"合并与计量","28","每股收益","第二节 基本每股收益","累积优先股","CH28-009","770","781"
"合并与计量","28","每股收益","第二节 基本每股收益","库存股处理","CH28-010","770","781"
"合并与计量","28","每股收益","第二节 基本每股收益","时间加权","CH28-011","770","781"
"合并与计量","28","每股收益","第二节 基本每股收益","加权股数简算","CH28-012","770","781"
"合并与计量","28","每股收益","第二节 基本每股收益","回购股份加权","CH28-013","770","781"
"合并与计量","28","每股收益","第二节 基本每股收益","现金发行计入时点","CH28-014","770","781"
"合并与计量","28","每股收益","第二节 基本每股收益","合并对价股份时点","CH28-015","770","781"
"合并与计量","28","每股收益","第二节 基本每股收益","亏损每股收益","CH28-016","770","781"
"合并与计量","28","每股收益","第三节 稀释每股收益","潜在普通股定义","CH28-017","771","782"
"合并与计量","28","每股收益","第三节 稀释每股收益","稀释性判断","CH28-018","771","782"
"合并与计量","28","每股收益","第三节 稀释每股收益","持续经营标准","CH28-019","771","782"
"合并与计量","28","每股收益","第三节 稀释每股收益","稀释分子调整","CH28-020","771","782"
"合并与计量","28","每股收益","第三节 稀释每股收益","稀释分母调整","CH28-021","771","782"
"合并与计量","28","每股收益","第三节 稀释每股收益","潜在股转换时点","CH28-022","772","783"
"合并与计量","28","每股收益","第三节 稀释每股收益","当期发行潜在股","CH28-023","772","783"
"合并与计量","28","每股收益","第三节 稀释每股收益","可转债假设转换法","CH28-024","772","783"
"合并与计量","28","每股收益","第三节 稀释每股收益","可转债增量每股收益","CH28-025","772","783"
"合并与计量","28","每股收益","第三节 稀释每股收益","期权稀释条件","CH28-026","773","784"
"合并与计量","28","每股收益","第三节 稀释每股收益","库存股法分子","CH28-027","773","784"
"合并与计量","28","每股收益","第三节 稀释每股收益","期权净增加股数","CH28-028","773","784"
"合并与计量","28","每股收益","第三节 稀释每股收益","亏损企业期权","CH28-029","773","784"
"合并与计量","28","每股收益","第三节 稀释每股收益","限制性股票基本分母","CH28-030","774","785"
"合并与计量","28","每股收益","第三节 稀释每股收益","可撤销现金股利","CH28-031","774","785"
"合并与计量","28","每股收益","第三节 稀释每股收益","不可撤销现金股利","CH28-032","774","785"
"合并与计量","28","每股收益","第三节 稀释每股收益","限制性股票稀释行权价","CH28-033","775","786"
"合并与计量","28","每股收益","第三节 稀释每股收益","业绩条件判断","CH28-034","775","786"
"合并与计量","28","每股收益","第三节 稀释每股收益","股份回购合同稀释","CH28-035","776","787"
"合并与计量","28","每股收益","第三节 稀释每股收益","回购合同净增股数","CH28-036","776","787"
"合并与计量","28","每股收益","第三节 稀释每股收益","多项潜在股排序","CH28-037","777","788"
"合并与计量","28","每股收益","第三节 稀释每股收益","逐项稀释测试","CH28-038","777","788"
"合并与计量","28","每股收益","第三节 稀释每股收益","被投资单位潜在股","CH28-039","779","790"
"合并与计量","28","每股收益","第三节 稀释每股收益","合营联营潜在股","CH28-040","779","790"
"合并与计量","28","每股收益","第四节 每股收益的列报","股票股利追溯","CH28-041","780","791"
"合并与计量","28","每股收益","第四节 每股收益的列报","资本公积转增","CH28-042","780","791"
"合并与计量","28","每股收益","第四节 每股收益的列报","拆股并股","CH28-043","780","791"
"合并与计量","28","每股收益","第四节 每股收益的列报","配股送股因素","CH28-044","781","792"
"合并与计量","28","每股收益","第四节 每股收益的列报","理论除权价格","CH28-045","781","792"
"合并与计量","28","每股收益","第四节 每股收益的列报","配股调整系数","CH28-046","781","792"
"合并与计量","28","每股收益","第四节 每股收益的列报","定向低价发行","CH28-047","782","793"
"合并与计量","28","每股收益","第四节 每股收益的列报","以前损益重述","CH28-048","782","793"
"合并与计量","28","每股收益","第四节 每股收益的列报","利润表列报","CH28-049","782","793"
"合并与计量","28","每股收益","第四节 每股收益的列报","合并列报基础","CH28-050","782","793"
"合并与计量","28","每股收益","第四节 每股收益的列报","每股收益附注","CH28-051","782","793"
"合并与计量","29","公允价值计量","第一节 公允价值概述","公允价值定义","CH29-001","783","794"
"合并与计量","29","公允价值计量","第一节 公允价值概述","脱手价格","CH29-002","783","794"
"合并与计量","29","公允价值计量","第一节 公允价值概述","计量日概念","CH29-003","783","794"
"合并与计量","29","公允价值计量","第一节 公允价值概述","资产特征","CH29-004","784","795"
"合并与计量","29","公允价值计量","第一节 公允价值概述","资产位置","CH29-005","784","795"
"合并与计量","29","公允价值计量","第一节 公允价值概述","限售特征","CH29-006","784","795"
"合并与计量","29","公允价值计量","第一节 公允价值概述","主体特有限制","CH29-007","784","795"
"合并与计量","29","公允价值计量","第一节 公允价值概述","计量单元","CH29-008","784","795"
"合并与计量","29","公允价值计量","第一节 公允价值概述","有序交易","CH29-009","785","796"
"合并与计量","29","公允价值计量","第一节 公允价值概述","被迫交易","CH29-010","785","796"
"合并与计量","29","公允价值计量","第一节 公允价值概述","主要市场","CH29-011","786","797"
"合并与计量","29","公允价值计量","第一节 公允价值概述","最有利市场","CH29-012","786","797"
"合并与计量","29","公允价值计量","第一节 公允价值概述","市场优先顺序","CH29-013","786","797"
"合并与计量","29","公允价值计量","第一节 公允价值概述","可进入市场","CH29-014","786","797"
"合并与计量","29","公允价值计量","第一节 公允价值概述","交易费用","CH29-015","787","798"
"合并与计量","29","公允价值计量","第一节 公允价值概述","运输费用","CH29-016","787","798"
"合并与计量","29","公允价值计量","第一节 公允价值概述","市场参与者特征","CH29-017","787","798"
"合并与计量","29","公允价值计量","第一节 公允价值概述","市场参与者假设","CH29-018","788","799"
"合并与计量","29","公允价值计量","第二节 公允价值计量基本方法","初始交易价格","CH29-019","788","799"
"合并与计量","29","公允价值计量","第二节 公允价值计量基本方法","关联方交易价格","CH29-020","789","800"
"合并与计量","29","公允价值计量","第二节 公允价值计量基本方法","计量单元不同","CH29-021","789","800"
"合并与计量","29","公允价值计量","第二节 公允价值计量基本方法","市场法","CH29-022","789","800"
"合并与计量","29","公允价值计量","第二节 公允价值计量基本方法","收益法","CH29-023","790","801"
"合并与计量","29","公允价值计量","第二节 公允价值计量基本方法","现金流折现因素","CH29-024","790","801"
"合并与计量","29","公允价值计量","第二节 公允价值计量基本方法","成本法","CH29-025","792","803"
"合并与计量","29","公允价值计量","第二节 公允价值计量基本方法","多种估值技术","CH29-026","792","803"
"合并与计量","29","公允价值计量","第二节 公允价值计量基本方法","估值技术目标","CH29-027","792","803"
"合并与计量","29","公允价值计量","第二节 公允价值计量基本方法","估值模型校准","CH29-028","793","804"
"合并与计量","29","公允价值计量","第二节 公允价值计量基本方法","估值技术一致性","CH29-029","794","805"
"合并与计量","29","公允价值计量","第二节 公允价值计量基本方法","估值技术变更性质","CH29-030","794","805"
"合并与计量","29","公允价值计量","第二节 公允价值计量基本方法","可观察输入值","CH29-031","794","805"
"合并与计量","29","公允价值计量","第二节 公允价值计量基本方法","不可观察输入值","CH29-032","794","805"
"合并与计量","29","公允价值计量","第二节 公允价值计量基本方法","出价要价","CH29-033","795","806"
"合并与计量","29","公允价值计量","第二节 公允价值计量基本方法","第一层次输入值","CH29-034","795","806"
"合并与计量","29","公允价值计量","第二节 公允价值计量基本方法","大宗持有量","CH29-035","796","807"
"合并与计量","29","公允价值计量","第二节 公允价值计量基本方法","第二层次输入值","CH29-036","796","807"
"合并与计量","29","公允价值计量","第二节 公允价值计量基本方法","第三层次输入值","CH29-037","797","808"
"合并与计量","29","公允价值计量","第二节 公允价值计量基本方法","层次确定原则","CH29-038","797","808"
"合并与计量","29","公允价值计量","第二节 公允价值计量基本方法","第三方报价","CH29-039","798","809"
"合并与计量","29","公允价值计量","第三节 公允价值计量的具体应用","非金融资产最佳用途","CH29-040","798","809"
"合并与计量","29","公允价值计量","第三节 公允价值计量的具体应用","最佳用途三条件","CH29-041","798","809"
"合并与计量","29","公允价值计量","第三节 公允价值计量的具体应用","当前用途推定","CH29-042","799","810"
"合并与计量","29","公允价值计量","第三节 公允价值计量的具体应用","主体意图影响","CH29-043","799","810"
"合并与计量","29","公允价值计量","第三节 公允价值计量的具体应用","非金融资产估值前提","CH29-044","800","811"
"合并与计量","29","公允价值计量","第三节 公允价值计量的具体应用","组合使用但单项计量","CH29-045","800","811"
"合并与计量","29","公允价值计量","第三节 公允价值计量的具体应用","负债转移假设","CH29-046","801","812"
"合并与计量","29","公允价值计量","第三节 公允价值计量的具体应用","自身权益工具转移","CH29-047","801","812"
"合并与计量","29","公允价值计量","第三节 公允价值计量的具体应用","负债对应资产报价","CH29-048","801","812"
"合并与计量","29","公允价值计量","第三节 公允价值计量的具体应用","对应资产调整","CH29-049","802","813"
"合并与计量","29","公允价值计量","第三节 公允价值计量的具体应用","无对应资产负债","CH29-050","802","813"
"合并与计量","29","公允价值计量","第三节 公允价值计量的具体应用","不履约风险","CH29-051","803","814"
"合并与计量","29","公允价值计量","第三节 公允价值计量的具体应用","不履约风险转移","CH29-052","803","814"
"合并与计量","29","公允价值计量","第三节 公允价值计量的具体应用","负债转移限制","CH29-053","803","814"
"合并与计量","29","公允价值计量","第三节 公允价值计量的具体应用","随时偿还负债","CH29-054","804","815"
"合并与计量","29","公允价值计量","第三节 公允价值计量的具体应用","金融组合净敞口","CH29-055","804","815"
"合并与计量","29","公允价值计量","第三节 公允价值计量的具体应用","组合计量书面依据","CH29-056","804","815"
"合并与计量","29","公允价值计量","第三节 公允价值计量的具体应用","市场风险期限匹配","CH29-057","804","815"
"合并与计量","29","公允价值计量","第三节 公允价值计量的具体应用","信用风险净敞口","CH29-058","805","816"
"政府与非营利会计","30","政府及民间非营利组织会计","第一节 政府会计概述","政府会计含义","CH30-001","806","817"
"政府与非营利会计","30","政府及民间非营利组织会计","第一节 政府会计概述","政府会计标准体系","CH30-002","806","817"
"政府与非营利会计","30","政府及民间非营利组织会计","第一节 政府会计概述","政府会计基本准则","CH30-003","806","817"
"政府与非营利会计","30","政府及民间非营利组织会计","第一节 政府会计概述","政府会计具体准则","CH30-004","806","817"
"政府与非营利会计","30","政府及民间非营利组织会计","第一节 政府会计概述","政府会计制度","CH30-005","806","817"
"政府与非营利会计","30","政府及民间非营利组织会计","第一节 政府会计概述","适度分离含义","CH30-006","807","818"
"政府与非营利会计","30","政府及民间非营利组织会计","第一节 政府会计概述","双重功能","CH30-007","807","818"
"政府与非营利会计","30","政府及民间非营利组织会计","第一节 政府会计概述","双重基础","CH30-008","807","818"
"政府与非营利会计","30","政府及民间非营利组织会计","第一节 政府会计概述","双报告","CH30-009","807","818"
"政府与非营利会计","30","政府及民间非营利组织会计","第一节 政府会计概述","相互衔接","CH30-010","807","818"
"政府与非营利会计","30","政府及民间非营利组织会计","第一节 政府会计概述","预算会计要素","CH30-011","808","819"
"政府与非营利会计","30","政府及民间非营利组织会计","第一节 政府会计概述","财务会计要素","CH30-012","808","819"
"政府与非营利会计","30","政府及民间非营利组织会计","第一节 政府会计概述","预算收入","CH30-013","808","819"
"政府与非营利会计","30","政府及民间非营利组织会计","第一节 政府会计概述","预算支出","CH30-014","808","819"
"政府与非营利会计","30","政府及民间非营利组织会计","第一节 政府会计概述","净资产含义","CH30-015","808","819"
"政府与非营利会计","30","政府及民间非营利组织会计","第一节 政府会计概述","政府财务报告目标","CH30-016","809","820"
"政府与非营利会计","30","政府及民间非营利组织会计","第一节 政府会计概述","财务报表组成","CH30-017","809","820"
"政府与非营利会计","30","政府及民间非营利组织会计","第一节 政府会计概述","政府决算报告目标","CH30-018","810","821"
"政府与非营利会计","30","政府及民间非营利组织会计","第二节 政府单位特定业务的会计核算","单位会计双重功能","CH30-019","810","821"
"政府与非营利会计","30","政府及民间非营利组织会计","第二节 政府单位特定业务的会计核算","资金结存用途","CH30-020","810","821"
"政府与非营利会计","30","政府及民间非营利组织会计","第二节 政府单位特定业务的会计核算","资金结存明细","CH30-021","810","821"
"政府与非营利会计","30","政府及民间非营利组织会计","第二节 政府单位特定业务的会计核算","平行记账范围","CH30-022","810","821"
"政府与非营利会计","30","政府及民间非营利组织会计","第二节 政府单位特定业务的会计核算","受托代理预算处理","CH30-023","811","822"
"政府与非营利会计","30","政府及民间非营利组织会计","第二节 政府单位特定业务的会计核算","行政单位费用科目","CH30-024","811","822"
"政府与非营利会计","30","政府及民间非营利组织会计","第二节 政府单位特定业务的会计核算","事业单位费用划分","CH30-025","811","822"
"政府与非营利会计","30","政府及民间非营利组织会计","第二节 政府单位特定业务的会计核算","预算增值税","CH30-026","811","822"
"政府与非营利会计","30","政府及民间非营利组织会计","第二节 政府单位特定业务的会计核算","国库集中支付方式","CH30-027","812","823"
"政府与非营利会计","30","政府及民间非营利组织会计","第二节 政府单位特定业务的会计核算","直接支付入账","CH30-028","812","823"
"政府与非营利会计","30","政府及民间非营利组织会计","第二节 政府单位特定业务的会计核算","直接支付预算分录","CH30-029","812","823"
"政府与非营利会计","30","政府及民间非营利组织会计","第二节 政府单位特定业务的会计核算","直接支付年末差额","CH30-030","812","823"
"政府与非营利会计","30","政府及民间非营利组织会计","第二节 政府单位特定业务的会计核算","授权支付到账","CH30-031","813","824"
"政府与非营利会计","30","政府及民间非营利组织会计","第二节 政府单位特定业务的会计核算","授权支付预算到账","CH30-032","813","824"
"政府与非营利会计","30","政府及民间非营利组织会计","第二节 政府单位特定业务的会计核算","授权支付支用","CH30-033","813","824"
"政府与非营利会计","30","政府及民间非营利组织会计","第二节 政府单位特定业务的会计核算","授权支付年末注销","CH30-034","813","824"
"政府与非营利会计","30","政府及民间非营利组织会计","第二节 政府单位特定业务的会计核算","授权支付下年恢复","CH30-035","813","824"
"政府与非营利会计","30","政府及民间非营利组织会计","第二节 政府单位特定业务的会计核算","预算一体化科目变化","CH30-036","814","825"
"政府与非营利会计","30","政府及民间非营利组织会计","第二节 政府单位特定业务的会计核算","本年指标支付","CH30-037","815","826"
"政府与非营利会计","30","政府及民间非营利组织会计","第二节 政府单位特定业务的会计核算","划转实有账户","CH30-038","815","826"
"政府与非营利会计","30","政府及民间非营利组织会计","第二节 政府单位特定业务的会计核算","事业收入确认","CH30-039","816","827"
"政府与非营利会计","30","政府及民间非营利组织会计","第二节 政府单位特定业务的会计核算","预收事业款","CH30-040","817","828"
"政府与非营利会计","30","政府及民间非营利组织会计","第二节 政府单位特定业务的会计核算","接受捐赠财务核算","CH30-041","818","829"
"政府与非营利会计","30","政府及民间非营利组织会计","第二节 政府单位特定业务的会计核算","捐赠预算核算","CH30-042","818","829"
"政府与非营利会计","30","政府及民间非营利组织会计","第二节 政府单位特定业务的会计核算","借款预算收入","CH30-043","819","830"
"政府与非营利会计","30","政府及民间非营利组织会计","第二节 政府单位特定业务的会计核算","偿还借款本金","CH30-044","819","830"
"政府与非营利会计","30","政府及民间非营利组织会计","第二节 政府单位特定业务的会计核算","取得投资预算处理","CH30-045","819","830"
"政府与非营利会计","30","政府及民间非营利组织会计","第二节 政府单位特定业务的会计核算","收回投资预算处理","CH30-046","820","831"
"政府与非营利会计","30","政府及民间非营利组织会计","第二节 政府单位特定业务的会计核算","财政拨款结转","CH30-047","821","832"
"政府与非营利会计","30","政府及民间非营利组织会计","第二节 政府单位特定业务的会计核算","财政拨款结余","CH30-048","822","833"
"政府与非营利会计","30","政府及民间非营利组织会计","第二节 政府单位特定业务的会计核算","财政拨款年末结转","CH30-049","822","833"
"政府与非营利会计","30","政府及民间非营利组织会计","第二节 政府单位特定业务的会计核算","非财政拨款结转","CH30-050","823","834"
"政府与非营利会计","30","政府及民间非营利组织会计","第二节 政府单位特定业务的会计核算","专项资金结项","CH30-051","824","835"
"政府与非营利会计","30","政府及民间非营利组织会计","第二节 政府单位特定业务的会计核算","缴回专项结余","CH30-052","825","836"
"政府与非营利会计","30","政府及民间非营利组织会计","第二节 政府单位特定业务的会计核算","专用结余","CH30-053","826","837"
"政府与非营利会计","30","政府及民间非营利组织会计","第二节 政府单位特定业务的会计核算","经营结余","CH30-054","827","838"
"政府与非营利会计","30","政府及民间非营利组织会计","第二节 政府单位特定业务的会计核算","其他结余","CH30-055","827","838"
"政府与非营利会计","30","政府及民间非营利组织会计","第二节 政府单位特定业务的会计核算","非财政拨款结余分配","CH30-056","827","838"
"政府与非营利会计","30","政府及民间非营利组织会计","第二节 政府单位特定业务的会计核算","本期盈余","CH30-057","828","839"
"政府与非营利会计","30","政府及民间非营利组织会计","第二节 政府单位特定业务的会计核算","本年盈余分配","CH30-058","828","839"
"政府与非营利会计","30","政府及民间非营利组织会计","第二节 政府单位特定业务的会计核算","专用基金","CH30-059","828","839"
"政府与非营利会计","30","政府及民间非营利组织会计","第二节 政府单位特定业务的会计核算","无偿调拨净资产","CH30-060","829","840"
"政府与非营利会计","30","政府及民间非营利组织会计","第二节 政府单位特定业务的会计核算","权益法调整","CH30-061","831","842"
"政府与非营利会计","30","政府及民间非营利组织会计","第二节 政府单位特定业务的会计核算","以前年度盈余调整","CH30-062","831","842"
"政府与非营利会计","30","政府及民间非营利组织会计","第二节 政府单位特定业务的会计核算","累计盈余","CH30-063","831","842"
"政府与非营利会计","30","政府及民间非营利组织会计","第二节 政府单位特定业务的会计核算","资产初始计量","CH30-064","831","842"
"政府与非营利会计","30","政府及民间非营利组织会计","第二节 政府单位特定业务的会计核算","无偿取得资产","CH30-065","832","843"
"政府与非营利会计","30","政府及民间非营利组织会计","第二节 政府单位特定业务的会计核算","资产相关税费预算","CH30-066","832","843"
"政府与非营利会计","30","政府及民间非营利组织会计","第二节 政府单位特定业务的会计核算","应收款坏账","CH30-067","833","844"
"政府与非营利会计","30","政府及民间非营利组织会计","第二节 政府单位特定业务的会计核算","库存物品发出计价","CH30-068","833","844"
"政府与非营利会计","30","政府及民间非营利组织会计","第二节 政府单位特定业务的会计核算","无偿调出库存物品","CH30-069","834","845"
"政府与非营利会计","30","政府及民间非营利组织会计","第二节 政府单位特定业务的会计核算","固定资产确认","CH30-070","835","846"
"政府与非营利会计","30","政府及民间非营利组织会计","第二节 政府单位特定业务的会计核算","固定资产折旧","CH30-071","835","846"
"政府与非营利会计","30","政府及民间非营利组织会计","第二节 政府单位特定业务的会计核算","固定资产折旧费用","CH30-072","836","847"
"政府与非营利会计","30","政府及民间非营利组织会计","第二节 政府单位特定业务的会计核算","融资租入资产","CH30-073","837","848"
"政府与非营利会计","30","政府及民间非营利组织会计","第二节 政府单位特定业务的会计核算","自行研发阶段","CH30-074","839","850"
"政府与非营利会计","30","政府及民间非营利组织会计","第二节 政府单位特定业务的会计核算","开发支出资本化","CH30-075","839","850"
"政府与非营利会计","30","政府及民间非营利组织会计","第二节 政府单位特定业务的会计核算","短期投资","CH30-076","840","851"
"政府与非营利会计","30","政府及民间非营利组织会计","第二节 政府单位特定业务的会计核算","债券投资利息","CH30-077","840","851"
"政府与非营利会计","30","政府及民间非营利组织会计","第二节 政府单位特定业务的会计核算","长期股权投资成本法","CH30-078","841","852"
"政府与非营利会计","30","政府及民间非营利组织会计","第二节 政府单位特定业务的会计核算","长期股权投资权益法","CH30-079","842","853"
"政府与非营利会计","30","政府及民间非营利组织会计","第二节 政府单位特定业务的会计核算","公共基础设施","CH30-080","843","854"
"政府与非营利会计","30","政府及民间非营利组织会计","第二节 政府单位特定业务的会计核算","公共基础设施记账主体","CH30-081","844","855"
"政府与非营利会计","30","政府及民间非营利组织会计","第二节 政府单位特定业务的会计核算","政府储备物资","CH30-082","844","855"
"政府与非营利会计","30","政府及民间非营利组织会计","第二节 政府单位特定业务的会计核算","文物资源确认","CH30-083","845","856"
"政府与非营利会计","30","政府及民间非营利组织会计","第二节 政府单位特定业务的会计核算","文物资源计量困难","CH30-084","846","857"
"政府与非营利会计","30","政府及民间非营利组织会计","第二节 政府单位特定业务的会计核算","受托代理资产定义","CH30-085","848","859"
"政府与非营利会计","30","政府及民间非营利组织会计","第二节 政府单位特定业务的会计核算","受托代理配比","CH30-086","848","859"
"政府与非营利会计","30","政府及民间非营利组织会计","第二节 政府单位特定业务的会计核算","应缴财政款","CH30-087","849","860"
"政府与非营利会计","30","政府及民间非营利组织会计","第二节 政府单位特定业务的会计核算","应缴财政款预算","CH30-088","849","860"
"政府与非营利会计","30","政府及民间非营利组织会计","第二节 政府单位特定业务的会计核算","职工薪酬确认","CH30-089","849","860"
"政府与非营利会计","30","政府及民间非营利组织会计","第二节 政府单位特定业务的会计核算","工资支付预算","CH30-090","850","861"
"政府与非营利会计","30","政府及民间非营利组织会计","第二节 政府单位特定业务的会计核算","政府债券负债主体","CH30-091","850","861"
"政府与非营利会计","30","政府及民间非营利组织会计","第二节 政府单位特定业务的会计核算","债券置换原负债","CH30-092","851","862"
"政府与非营利会计","30","政府及民间非营利组织会计","第二节 政府单位特定业务的会计核算","专项债偿还义务","CH30-093","851","862"
"政府与非营利会计","30","政府及民间非营利组织会计","第二节 政府单位特定业务的会计核算","专项债本金科目","CH30-094","851","862"
"政府与非营利会计","30","政府及民间非营利组织会计","第二节 政府单位特定业务的会计核算","专项债利息确认","CH30-095","852","863"
"政府与非营利会计","30","政府及民间非营利组织会计","第二节 政府单位特定业务的会计核算","年末暂付款","CH30-096","852","863"
"政府与非营利会计","30","政府及民间非营利组织会计","第二节 政府单位特定业务的会计核算","下年暂收款","CH30-097","852","863"
"政府与非营利会计","30","政府及民间非营利组织会计","第二节 政府单位特定业务的会计核算","不纳预算暂收付","CH30-098","853","864"
"政府与非营利会计","30","政府及民间非营利组织会计","第二节 政府单位特定业务的会计核算","部门合并范围基础","CH30-099","853","864"
"政府与非营利会计","30","政府及民间非营利组织会计","第二节 政府单位特定业务的会计核算","部门合并内部债权","CH30-100","853","864"
"政府与非营利会计","30","政府及民间非营利组织会计","第二节 政府单位特定业务的会计核算","部门合并内部收支","CH30-101","854","865"
"政府与非营利会计","30","政府及民间非营利组织会计","第三节 民间非营利组织会计","民间非营利组织概念","CH30-102","854","865"
"政府与非营利会计","30","政府及民间非营利组织会计","第三节 民间非营利组织会计","非营利目的","CH30-103","854","865"
"政府与非营利会计","30","政府及民间非营利组织会计","第三节 民间非营利组织会计","资源提供者回报","CH30-104","854","865"
"政府与非营利会计","30","政府及民间非营利组织会计","第三节 民间非营利组织会计","财产权利","CH30-105","854","865"
"政府与非营利会计","30","政府及民间非营利组织会计","第三节 民间非营利组织会计","适用组织示例","CH30-106","854","865"
"政府与非营利会计","30","政府及民间非营利组织会计","第三节 民间非营利组织会计","核算基础","CH30-107","854","865"
"政府与非营利会计","30","政府及民间非营利组织会计","第三节 民间非营利组织会计","计量基础","CH30-108","855","866"
"政府与非营利会计","30","政府及民间非营利组织会计","第三节 民间非营利组织会计","无所有者权益利润","CH30-109","855","866"
"政府与非营利会计","30","政府及民间非营利组织会计","第三节 民间非营利组织会计","财务状况要素","CH30-110","855","866"
"政府与非营利会计","30","政府及民间非营利组织会计","第三节 民间非营利组织会计","业务活动要素","CH30-111","856","867"
"政府与非营利会计","30","政府及民间非营利组织会计","第三节 民间非营利组织会计","限定性净资产","CH30-112","855","866"
"政府与非营利会计","30","政府及民间非营利组织会计","第三节 民间非营利组织会计","时间限制","CH30-113","855","866"
"政府与非营利会计","30","政府及民间非营利组织会计","第三节 民间非营利组织会计","用途限制","CH30-114","855","866"
"政府与非营利会计","30","政府及民间非营利组织会计","第三节 民间非营利组织会计","内部限制","CH30-115","855","866"
"政府与非营利会计","30","政府及民间非营利组织会计","第三节 民间非营利组织会计","注册资金分类","CH30-116","856","867"
"政府与非营利会计","30","政府及民间非营利组织会计","第三节 民间非营利组织会计","收入定义","CH30-117","856","867"
"政府与非营利会计","30","政府及民间非营利组织会计","第三节 民间非营利组织会计","交换交易","CH30-118","856","867"
"政府与非营利会计","30","政府及民间非营利组织会计","第三节 民间非营利组织会计","非交换交易","CH30-119","856","867"
"政府与非营利会计","30","政府及民间非营利组织会计","第三节 民间非营利组织会计","政府购买服务","CH30-120","856","867"
"政府与非营利会计","30","政府及民间非营利组织会计","第三节 民间非营利组织会计","非交换收入条件","CH30-121","857","868"
"政府与非营利会计","30","政府及民间非营利组织会计","第三节 民间非营利组织会计","无条件捐赠收入","CH30-122","857","868"
"政府与非营利会计","30","政府及民间非营利组织会计","第三节 民间非营利组织会计","附条件资源偿还义务","CH30-123","857","868"
"政府与非营利会计","30","政府及民间非营利组织会计","第三节 民间非营利组织会计","收入限定分类","CH30-124","857","868"
"政府与非营利会计","30","政府及民间非营利组织会计","第三节 民间非营利组织会计","收入期末结转","CH30-125","857","868"
"政府与非营利会计","30","政府及民间非营利组织会计","第三节 民间非营利组织会计","费用分类","CH30-126","857","868"
"政府与非营利会计","30","政府及民间非营利组织会计","第三节 民间非营利组织会计","业务活动成本含义","CH30-127","857","868"
"政府与非营利会计","30","政府及民间非营利组织会计","第三节 民间非营利组织会计","管理费用含义","CH30-128","857","868"
"政府与非营利会计","30","政府及民间非营利组织会计","第三节 民间非营利组织会计","筹资费用含义","CH30-129","858","869"
"政府与非营利会计","30","政府及民间非营利组织会计","第三节 民间非营利组织会计","共同费用分配","CH30-130","858","869"
"政府与非营利会计","30","政府及民间非营利组织会计","第三节 民间非营利组织会计","费用期末结转","CH30-131","858","869"
"政府与非营利会计","30","政府及民间非营利组织会计","第三节 民间非营利组织会计","非营利报表","CH30-132","858","869"
"政府与非营利会计","30","政府及民间非营利组织会计","第三节 民间非营利组织会计","中期报告","CH30-133","858","869"
"政府与非营利会计","30","政府及民间非营利组织会计","第三节 民间非营利组织会计","捐赠特征","CH30-134","858","869"
"政府与非营利会计","30","政府及民间非营利组织会计","第三节 民间非营利组织会计","现金捐赠计量","CH30-135","859","870"
"政府与非营利会计","30","政府及民间非营利组织会计","第三节 民间非营利组织会计","非现金捐赠计量","CH30-136","859","870"
"政府与非营利会计","30","政府及民间非营利组织会计","第三节 民间非营利组织会计","捐赠承诺","CH30-137","859","870"
"政府与非营利会计","30","政府及民间非营利组织会计","第三节 民间非营利组织会计","劳务捐赠","CH30-138","859","870"
"政府与非营利会计","30","政府及民间非营利组织会计","第三节 民间非营利组织会计","捐赠附带成本","CH30-139","859","870"
"政府与非营利会计","30","政府及民间非营利组织会计","第三节 民间非营利组织会计","当期解除限制","CH30-140","860","871"
"政府与非营利会计","30","政府及民间非营利组织会计","第三节 民间非营利组织会计","受托代理业务","CH30-141","862","873"
"政府与非营利会计","30","政府及民间非营利组织会计","第三节 民间非营利组织会计","受托代理净资产","CH30-142","862","873"
"政府与非营利会计","30","政府及民间非营利组织会计","第三节 民间非营利组织会计","受托代理科目","CH30-143","862","873"
"政府与非营利会计","30","政府及民间非营利组织会计","第三节 民间非营利组织会计","受托现金列报","CH30-144","863","874"
"政府与非营利会计","30","政府及民间非营利组织会计","第三节 民间非营利组织会计","会费收入性质","CH30-145","863","874"
"政府与非营利会计","30","政府及民间非营利组织会计","第三节 民间非营利组织会计","会费限定性","CH30-146","863","874"
"政府与非营利会计","30","政府及民间非营利组织会计","第三节 民间非营利组织会计","服务预收款","CH30-147","864","875"
"政府与非营利会计","30","政府及民间非营利组织会计","第三节 民间非营利组织会计","政府补助收入","CH30-148","864","875"
"政府与非营利会计","30","政府及民间非营利组织会计","第三节 民间非营利组织会计","商品销售收入","CH30-149","865","876"
"政府与非营利会计","30","政府及民间非营利组织会计","第三节 民间非营利组织会计","销售退回","CH30-150","865","876"
"政府与非营利会计","30","政府及民间非营利组织会计","第三节 民间非营利组织会计","业务活动成本明细","CH30-151","866","877"
"政府与非营利会计","30","政府及民间非营利组织会计","第三节 民间非营利组织会计","业务成本结转","CH30-152","866","877"
"政府与非营利会计","30","政府及民间非营利组织会计","第三节 民间非营利组织会计","限定性净资产来源","CH30-153","867","878"
"政府与非营利会计","30","政府及民间非营利组织会计","第三节 民间非营利组织会计","限制解除条件","CH30-154","868","879"
"政府与非营利会计","30","政府及民间非营利组织会计","第三节 民间非营利组织会计","净资产重分类","CH30-155","868","879"
"政府与非营利会计","30","政府及民间非营利组织会计","第三节 民间非营利组织会计","非限定性净资产结转","CH30-156","869","880"
