科目,学习模块,章序,章名,知识节,知识点,对应题号,题目批次,教材阅读范围,PDF阅读范围,来源名称,来源链接,原题号
经济法,法律基础,1,法律基本原理,第一节 法律基本概念,法的形成,LAW-00001,原有起步题,3—5,12—14,2026年注册会计师全国统一考试辅导教材《经济法》,,law-01-01
经济法,法律基础,1,法律基本原理,第一节 法律基本概念,法律与道德,LAW-00002,原有起步题,3—5,12—14,2026年注册会计师全国统一考试辅导教材《经济法》,,law-01-02
经济法,法律基础,1,法律基本原理,第一节 法律基本概念,法的基本特征,LAW-00003,原有起步题,3—5,12—14,2026年注册会计师全国统一考试辅导教材《经济法》,,law-01-03
经济法,法律基础,1,法律基本原理,第一节 法律基本概念,法律意识,LAW-00004,原有起步题,3—5,12—14,2026年注册会计师全国统一考试辅导教材《经济法》,,law-01-04
经济法,法律基础,1,法律基本原理,第一节 法律基本概念,法的特征,LAW-00005,逐节扩充题,3—10,12—19,2026年注册会计师全国统一考试辅导教材《经济法》,,law-full-01-01-001
经济法,法律基础,1,法律基本原理,第一节 法律基本概念,法律体系与法律部门,LAW-00006,逐节扩充题,3—10,12—19,2026年注册会计师全国统一考试辅导教材《经济法》,,law-full-01-01-002
经济法,法律基础,1,法律基本原理,第一节 法律基本概念,法律渊源与效力,LAW-00007,逐节扩充题,3—10,12—19,2026年注册会计师全国统一考试辅导教材《经济法》,,law-full-01-01-003
经济法,法律基础,1,法律基本原理,第一节 法律基本概念,法律规范类型,LAW-00008,逐节扩充题,3—10,12—19,2026年注册会计师全国统一考试辅导教材《经济法》,,law-full-01-01-004
经济法,法律基础,1,法律基本原理,第二节 法律关系,法律关系三要素,LAW-00009,逐节扩充题,11—14,20—23,2026年注册会计师全国统一考试辅导教材《经济法》,,law-full-01-02-001
经济法,法律基础,1,法律基本原理,第二节 法律关系,法律主体资格,LAW-00010,逐节扩充题,11—14,20—23,2026年注册会计师全国统一考试辅导教材《经济法》,,law-full-01-02-002
经济法,法律基础,1,法律基本原理,第二节 法律关系,法律事实,LAW-00011,逐节扩充题,11—14,20—23,2026年注册会计师全国统一考试辅导教材《经济法》,,law-full-01-02-003
经济法,法律基础,1,法律基本原理,第三节 习近平法治思想引领全面依法治国基本方略,全面依法治国,LAW-00012,逐节扩充题,15—17,24—26,2026年注册会计师全国统一考试辅导教材《经济法》,,law-full-01-03-001
经济法,法律基础,1,法律基本原理,第三节 习近平法治思想引领全面依法治国基本方略,法治体系,LAW-00013,逐节扩充题,15—17,24—26,2026年注册会计师全国统一考试辅导教材《经济法》,,law-full-01-03-002
经济法,法律基础,1,法律基本原理,第四节 市场经济的法律调整与经济法律制度,市场与法治,LAW-00014,逐节扩充题,18—28,27—37,2026年注册会计师全国统一考试辅导教材《经济法》,,law-full-01-04-001
经济法,法律基础,1,法律基本原理,第四节 市场经济的法律调整与经济法律制度,营商环境,LAW-00015,逐节扩充题,18—28,27—37,2026年注册会计师全国统一考试辅导教材《经济法》,,law-full-01-04-002
经济法,法律基础,1,法律基本原理,第四节 市场经济的法律调整与经济法律制度,经济法律制度结构,LAW-00016,逐节扩充题,18—28,27—37,2026年注册会计师全国统一考试辅导教材《经济法》,,law-full-01-04-003
经济法,法律基础,2,基本民事法律制度,第一节 民事法律行为制度,意思表示,LAW-00017,原有起步题,29—31,38—40,2026年注册会计师全国统一考试辅导教材《经济法》,,law-02-01
经济法,法律基础,2,基本民事法律制度,第一节 民事法律行为制度,民事法律行为的目的,LAW-00018,原有起步题,29—31,38—40,2026年注册会计师全国统一考试辅导教材《经济法》,,law-02-02
经济法,法律基础,2,基本民事法律制度,第一节 民事法律行为制度,民事法律行为,LAW-00019,原有起步题,29—31,38—40,2026年注册会计师全国统一考试辅导教材《经济法》,,law-02-03
经济法,法律基础,2,基本民事法律制度,第一节 民事法律行为制度,意思表示与动机,LAW-00020,原有起步题,29—31,38—40,2026年注册会计师全国统一考试辅导教材《经济法》,,law-02-04
经济法,法律基础,2,基本民事法律制度,第一节 民事法律行为制度,意思表示,LAW-00021,逐节扩充题,29—37,38—46,2026年注册会计师全国统一考试辅导教材《经济法》,,law-full-02-01-001
经济法,法律基础,2,基本民事法律制度,第一节 民事法律行为制度,法律行为有效条件,LAW-00022,逐节扩充题,29—37,38—46,2026年注册会计师全国统一考试辅导教材《经济法》,,law-full-02-01-002
经济法,法律基础,2,基本民事法律制度,第一节 民事法律行为制度,无效与可撤销,LAW-00023,逐节扩充题,29—37,38—46,2026年注册会计师全国统一考试辅导教材《经济法》,,law-full-02-01-003
经济法,法律基础,2,基本民事法律制度,第一节 民事法律行为制度,重大误解与欺诈,LAW-00024,逐节扩充题,29—37,38—46,2026年注册会计师全国统一考试辅导教材《经济法》,,law-full-02-01-004
经济法,法律基础,2,基本民事法律制度,第一节 民事法律行为制度,胁迫与显失公平,LAW-00025,逐节扩充题,29—37,38—46,2026年注册会计师全国统一考试辅导教材《经济法》,,law-full-02-01-005
经济法,法律基础,2,基本民事法律制度,第一节 民事法律行为制度,附条件与附期限,LAW-00026,逐节扩充题,29—37,38—46,2026年注册会计师全国统一考试辅导教材《经济法》,,law-full-02-01-006
经济法,法律基础,2,基本民事法律制度,第一节 民事法律行为制度,效力待定,LAW-00027,逐节扩充题,29—37,38—46,2026年注册会计师全国统一考试辅导教材《经济法》,,law-full-02-01-007
经济法,法律基础,2,基本民事法律制度,第二节 代理制度,代理法律效果,LAW-00028,逐节扩充题,38—41,47—50,2026年注册会计师全国统一考试辅导教材《经济法》,,law-full-02-02-001
经济法,法律基础,2,基本民事法律制度,第二节 代理制度,无权代理与追认,LAW-00029,逐节扩充题,38—41,47—50,2026年注册会计师全国统一考试辅导教材《经济法》,,law-full-02-02-002
经济法,法律基础,2,基本民事法律制度,第二节 代理制度,表见代理,LAW-00030,逐节扩充题,38—41,47—50,2026年注册会计师全国统一考试辅导教材《经济法》,,law-full-02-02-003
经济法,法律基础,2,基本民事法律制度,第二节 代理制度,自己代理与双方代理,LAW-00031,逐节扩充题,38—41,47—50,2026年注册会计师全国统一考试辅导教材《经济法》,,law-full-02-02-004
经济法,法律基础,2,基本民事法律制度,第二节 代理制度,转委托,LAW-00032,逐节扩充题,38—41,47—50,2026年注册会计师全国统一考试辅导教材《经济法》,,law-full-02-02-005
经济法,法律基础,2,基本民事法律制度,第三节 诉讼时效制度,诉讼时效效果,LAW-00033,逐节扩充题,42—46,51—55,2026年注册会计师全国统一考试辅导教材《经济法》,,law-full-02-03-001
经济法,法律基础,2,基本民事法律制度,第三节 诉讼时效制度,一般诉讼时效,LAW-00034,逐节扩充题,42—46,51—55,2026年注册会计师全国统一考试辅导教材《经济法》,,law-full-02-03-002
经济法,法律基础,2,基本民事法律制度,第三节 诉讼时效制度,时效起算,LAW-00035,逐节扩充题,42—46,51—55,2026年注册会计师全国统一考试辅导教材《经济法》,,law-full-02-03-003
经济法,法律基础,2,基本民事法律制度,第三节 诉讼时效制度,时效中止与中断,LAW-00036,逐节扩充题,42—46,51—55,2026年注册会计师全国统一考试辅导教材《经济法》,,law-full-02-03-004
经济法,法律基础,2,基本民事法律制度,第三节 诉讼时效制度,不适用诉讼时效,LAW-00037,逐节扩充题,42—46,51—55,2026年注册会计师全国统一考试辅导教材《经济法》,,law-full-02-03-005
经济法,财产与合同,3,物权法律制度,第一节 物权法律制度概述,物权调整对象,LAW-00038,原有起步题,47—49,56—58,2026年注册会计师全国统一考试辅导教材《经济法》,,law-03-01
经济法,财产与合同,3,物权法律制度,第一节 物权法律制度概述,物权与债权,LAW-00039,原有起步题,47—49,56—58,2026年注册会计师全国统一考试辅导教材《经济法》,,law-03-02
经济法,财产与合同,3,物权法律制度,第一节 物权法律制度概述,物权类型,LAW-00040,原有起步题,47—49,56—58,2026年注册会计师全国统一考试辅导教材《经济法》,,law-03-03
经济法,财产与合同,3,物权法律制度,第一节 物权法律制度概述,物权与债权辨析,LAW-00041,原有起步题,47—49,56—58,2026年注册会计师全国统一考试辅导教材《经济法》,,law-03-04
经济法,财产与合同,3,物权法律制度,第一节 物权法律制度概述,物权与债权,LAW-00042,逐节扩充题,47—51,56—60,2026年注册会计师全国统一考试辅导教材《经济法》,,law-full-03-01-001
经济法,财产与合同,3,物权法律制度,第一节 物权法律制度概述,物权法定,LAW-00043,逐节扩充题,47—51,56—60,2026年注册会计师全国统一考试辅导教材《经济法》,,law-full-03-01-002
经济法,财产与合同,3,物权法律制度,第一节 物权法律制度概述,物的分类,LAW-00044,逐节扩充题,47—51,56—60,2026年注册会计师全国统一考试辅导教材《经济法》,,law-full-03-01-003
经济法,财产与合同,3,物权法律制度,第一节 物权法律制度概述,物权公示,LAW-00045,逐节扩充题,47—51,56—60,2026年注册会计师全国统一考试辅导教材《经济法》,,law-full-03-01-004
经济法,财产与合同,3,物权法律制度,第二节 物权变动,合同与物权变动,LAW-00046,逐节扩充题,52—56,61—65,2026年注册会计师全国统一考试辅导教材《经济法》,,law-full-03-02-001
经济法,财产与合同,3,物权法律制度,第二节 物权变动,动产交付方式,LAW-00047,逐节扩充题,52—56,61—65,2026年注册会计师全国统一考试辅导教材《经济法》,,law-full-03-02-002
经济法,财产与合同,3,物权法律制度,第二节 物权变动,登记对抗与登记生效,LAW-00048,逐节扩充题,52—56,61—65,2026年注册会计师全国统一考试辅导教材《经济法》,,law-full-03-02-003
经济法,财产与合同,3,物权法律制度,第二节 物权变动,非法律行为物权变动,LAW-00049,逐节扩充题,52—56,61—65,2026年注册会计师全国统一考试辅导教材《经济法》,,law-full-03-02-004
经济法,财产与合同,3,物权法律制度,第三节 所有权,按份共有与共同共有,LAW-00050,逐节扩充题,57—65,66—74,2026年注册会计师全国统一考试辅导教材《经济法》,,law-full-03-03-001
经济法,财产与合同,3,物权法律制度,第三节 所有权,善意取得,LAW-00051,逐节扩充题,57—65,66—74,2026年注册会计师全国统一考试辅导教材《经济法》,,law-full-03-03-002
经济法,财产与合同,3,物权法律制度,第三节 所有权,遗失物,LAW-00052,逐节扩充题,57—65,66—74,2026年注册会计师全国统一考试辅导教材《经济法》,,law-full-03-03-003
经济法,财产与合同,3,物权法律制度,第三节 所有权,添附与孳息,LAW-00053,逐节扩充题,57—65,66—74,2026年注册会计师全国统一考试辅导教材《经济法》,,law-full-03-03-004
经济法,财产与合同,3,物权法律制度,第四节 用益物权,用益物权,LAW-00054,逐节扩充题,66—69,75—78,2026年注册会计师全国统一考试辅导教材《经济法》,,law-full-03-04-001
经济法,财产与合同,3,物权法律制度,第四节 用益物权,建设用地使用权,LAW-00055,逐节扩充题,66—69,75—78,2026年注册会计师全国统一考试辅导教材《经济法》,,law-full-03-04-002
经济法,财产与合同,3,物权法律制度,第四节 用益物权,居住权,LAW-00056,逐节扩充题,66—69,75—78,2026年注册会计师全国统一考试辅导教材《经济法》,,law-full-03-04-003
经济法,财产与合同,3,物权法律制度,第五节 担保物权,担保物权从属性,LAW-00057,逐节扩充题,70—85,79—94,2026年注册会计师全国统一考试辅导教材《经济法》,,law-full-03-05-001
经济法,财产与合同,3,物权法律制度,第五节 担保物权,抵押与质押,LAW-00058,逐节扩充题,70—85,79—94,2026年注册会计师全国统一考试辅导教材《经济法》,,law-full-03-05-002
经济法,财产与合同,3,物权法律制度,第五节 担保物权,抵押财产范围,LAW-00059,逐节扩充题,70—85,79—94,2026年注册会计师全国统一考试辅导教材《经济法》,,law-full-03-05-003
经济法,财产与合同,3,物权法律制度,第五节 担保物权,抵押权顺位,LAW-00060,逐节扩充题,70—85,79—94,2026年注册会计师全国统一考试辅导教材《经济法》,,law-full-03-05-004
经济法,财产与合同,3,物权法律制度,第五节 担保物权,抵押物转让,LAW-00061,逐节扩充题,70—85,79—94,2026年注册会计师全国统一考试辅导教材《经济法》,,law-full-03-05-005
经济法,财产与合同,3,物权法律制度,第五节 担保物权,最高额抵押,LAW-00062,逐节扩充题,70—85,79—94,2026年注册会计师全国统一考试辅导教材《经济法》,,law-full-03-05-006
经济法,财产与合同,3,物权法律制度,第五节 担保物权,权利质押,LAW-00063,逐节扩充题,70—85,79—94,2026年注册会计师全国统一考试辅导教材《经济法》,,law-full-03-05-007
经济法,财产与合同,3,物权法律制度,第五节 担保物权,留置权,LAW-00064,逐节扩充题,70—85,79—94,2026年注册会计师全国统一考试辅导教材《经济法》,,law-full-03-05-008
经济法,财产与合同,3,物权法律制度,第五节 担保物权,流押流质,LAW-00065,逐节扩充题,70—85,79—94,2026年注册会计师全国统一考试辅导教材《经济法》,,law-full-03-05-009
经济法,财产与合同,4,合同法律制度,第一节 合同的基本理论,合同的主体地位,LAW-00066,原有起步题,86—88,95—97,2026年注册会计师全国统一考试辅导教材《经济法》,,law-04-01
经济法,财产与合同,4,合同法律制度,第一节 合同的基本理论,合同成立的意思要素,LAW-00067,原有起步题,86—88,95—97,2026年注册会计师全国统一考试辅导教材《经济法》,,law-04-02
经济法,财产与合同,4,合同法律制度,第一节 合同的基本理论,合同基本概念,LAW-00068,原有起步题,86—88,95—97,2026年注册会计师全国统一考试辅导教材《经济法》,,law-04-03
经济法,财产与合同,4,合同法律制度,第一节 合同的基本理论,意思自治,LAW-00069,原有起步题,86—88,95—97,2026年注册会计师全国统一考试辅导教材《经济法》,,law-04-04
经济法,财产与合同,4,合同法律制度,第一节 合同的基本理论,合同相对性,LAW-00070,逐节扩充题,86—88,95—97,2026年注册会计师全国统一考试辅导教材《经济法》,,law-full-04-01-001
经济法,财产与合同,4,合同法律制度,第一节 合同的基本理论,合同分类,LAW-00071,逐节扩充题,86—88,95—97,2026年注册会计师全国统一考试辅导教材《经济法》,,law-full-04-01-002
经济法,财产与合同,4,合同法律制度,第二节 合同的订立,要约与要约邀请,LAW-00072,逐节扩充题,89—92,98—101,2026年注册会计师全国统一考试辅导教材《经济法》,,law-full-04-02-001
经济法,财产与合同,4,合同法律制度,第二节 合同的订立,要约撤回与撤销,LAW-00073,逐节扩充题,89—92,98—101,2026年注册会计师全国统一考试辅导教材《经济法》,,law-full-04-02-002
经济法,财产与合同,4,合同法律制度,第二节 合同的订立,承诺内容,LAW-00074,逐节扩充题,89—92,98—101,2026年注册会计师全国统一考试辅导教材《经济法》,,law-full-04-02-003
经济法,财产与合同,4,合同法律制度,第二节 合同的订立,格式条款,LAW-00075,逐节扩充题,89—92,98—101,2026年注册会计师全国统一考试辅导教材《经济法》,,law-full-04-02-004
经济法,财产与合同,4,合同法律制度,第二节 合同的订立,缔约过失,LAW-00076,逐节扩充题,89—92,98—101,2026年注册会计师全国统一考试辅导教材《经济法》,,law-full-04-02-005
经济法,财产与合同,4,合同法律制度,第三节 合同的效力,成立与生效,LAW-00077,逐节扩充题,93,102,2026年注册会计师全国统一考试辅导教材《经济法》,,law-full-04-03-001
经济法,财产与合同,4,合同法律制度,第三节 合同的效力,效力判断层次,LAW-00078,逐节扩充题,93,102,2026年注册会计师全国统一考试辅导教材《经济法》,,law-full-04-03-002
经济法,财产与合同,4,合同法律制度,第四节 合同的履行,履行补充规则,LAW-00079,逐节扩充题,94—97,103—106,2026年注册会计师全国统一考试辅导教材《经济法》,,law-full-04-04-001
经济法,财产与合同,4,合同法律制度,第四节 合同的履行,同时履行抗辩,LAW-00080,逐节扩充题,94—97,103—106,2026年注册会计师全国统一考试辅导教材《经济法》,,law-full-04-04-002
经济法,财产与合同,4,合同法律制度,第四节 合同的履行,不安抗辩,LAW-00081,逐节扩充题,94—97,103—106,2026年注册会计师全国统一考试辅导教材《经济法》,,law-full-04-04-003
经济法,财产与合同,4,合同法律制度,第四节 合同的履行,连带与按份债务,LAW-00082,逐节扩充题,94—97,103—106,2026年注册会计师全国统一考试辅导教材《经济法》,,law-full-04-04-004
经济法,财产与合同,4,合同法律制度,第四节 合同的履行,情势变更,LAW-00083,逐节扩充题,94—97,103—106,2026年注册会计师全国统一考试辅导教材《经济法》,,law-full-04-04-005
经济法,财产与合同,4,合同法律制度,第五节 合同的保全,债权人代位权,LAW-00084,逐节扩充题,98—100,107—109,2026年注册会计师全国统一考试辅导教材《经济法》,,law-full-04-05-001
经济法,财产与合同,4,合同法律制度,第五节 合同的保全,债权人撤销权,LAW-00085,逐节扩充题,98—100,107—109,2026年注册会计师全国统一考试辅导教材《经济法》,,law-full-04-05-002
经济法,财产与合同,4,合同法律制度,第六节 合同的担保,保证方式,LAW-00086,逐节扩充题,101—107,110—116,2026年注册会计师全国统一考试辅导教材《经济法》,,law-full-04-06-001
经济法,财产与合同,4,合同法律制度,第六节 合同的担保,保证期间与时效,LAW-00087,逐节扩充题,101—107,110—116,2026年注册会计师全国统一考试辅导教材《经济法》,,law-full-04-06-002
经济法,财产与合同,4,合同法律制度,第六节 合同的担保,定金限额与效力,LAW-00088,逐节扩充题,101—107,110—116,2026年注册会计师全国统一考试辅导教材《经济法》,,law-full-04-06-003
经济法,财产与合同,4,合同法律制度,第六节 合同的担保,定金罚则,LAW-00089,逐节扩充题,101—107,110—116,2026年注册会计师全国统一考试辅导教材《经济法》,,law-full-04-06-004
经济法,财产与合同,4,合同法律制度,第六节 合同的担保,定金与违约金,LAW-00090,逐节扩充题,101—107,110—116,2026年注册会计师全国统一考试辅导教材《经济法》,,law-full-04-06-005
经济法,财产与合同,4,合同法律制度,第七节 合同的变更和转让,债权转让通知,LAW-00091,逐节扩充题,108—110,117—119,2026年注册会计师全国统一考试辅导教材《经济法》,,law-full-04-07-001
经济法,财产与合同,4,合同法律制度,第七节 合同的变更和转让,债务转移,LAW-00092,逐节扩充题,108—110,117—119,2026年注册会计师全国统一考试辅导教材《经济法》,,law-full-04-07-002
经济法,财产与合同,4,合同法律制度,第七节 合同的变更和转让,债务加入,LAW-00093,逐节扩充题,108—110,117—119,2026年注册会计师全国统一考试辅导教材《经济法》,,law-full-04-07-003
经济法,财产与合同,4,合同法律制度,第七节 合同的变更和转让,概括移转,LAW-00094,逐节扩充题,108—110,117—119,2026年注册会计师全国统一考试辅导教材《经济法》,,law-full-04-07-004
经济法,财产与合同,4,合同法律制度,第八节 合同的权利义务终止,抵销,LAW-00095,逐节扩充题,111—115,120—124,2026年注册会计师全国统一考试辅导教材《经济法》,,law-full-04-08-001
经济法,财产与合同,4,合同法律制度,第八节 合同的权利义务终止,提存,LAW-00096,逐节扩充题,111—115,120—124,2026年注册会计师全国统一考试辅导教材《经济法》,,law-full-04-08-002
经济法,财产与合同,4,合同法律制度,第八节 合同的权利义务终止,免除与混同,LAW-00097,逐节扩充题,111—115,120—124,2026年注册会计师全国统一考试辅导教材《经济法》,,law-full-04-08-003
经济法,财产与合同,4,合同法律制度,第八节 合同的权利义务终止,合同解除,LAW-00098,逐节扩充题,111—115,120—124,2026年注册会计师全国统一考试辅导教材《经济法》,,law-full-04-08-004
经济法,财产与合同,4,合同法律制度,第九节 违约责任,违约责任方式,LAW-00099,逐节扩充题,116—119,125—128,2026年注册会计师全国统一考试辅导教材《经济法》,,law-full-04-09-001
经济法,财产与合同,4,合同法律制度,第九节 违约责任,损失赔偿范围,LAW-00100,逐节扩充题,116—119,125—128,2026年注册会计师全国统一考试辅导教材《经济法》,,law-full-04-09-002
经济法,财产与合同,4,合同法律制度,第九节 违约责任,不可抗力,LAW-00101,逐节扩充题,116—119,125—128,2026年注册会计师全国统一考试辅导教材《经济法》,,law-full-04-09-003
经济法,财产与合同,4,合同法律制度,第九节 违约责任,减损义务,LAW-00102,逐节扩充题,116—119,125—128,2026年注册会计师全国统一考试辅导教材《经济法》,,law-full-04-09-004
经济法,财产与合同,4,合同法律制度,第十节 几类主要的典型合同,买卖风险与所有权,LAW-00103,逐节扩充题,120—146,129—155,2026年注册会计师全国统一考试辅导教材《经济法》,,law-full-04-10-001
经济法,财产与合同,4,合同法律制度,第十节 几类主要的典型合同,所有权保留,LAW-00104,逐节扩充题,120—146,129—155,2026年注册会计师全国统一考试辅导教材《经济法》,,law-full-04-10-002
经济法,财产与合同,4,合同法律制度,第十节 几类主要的典型合同,赠与撤销,LAW-00105,逐节扩充题,120—146,129—155,2026年注册会计师全国统一考试辅导教材《经济法》,,law-full-04-10-003
经济法,财产与合同,4,合同法律制度,第十节 几类主要的典型合同,借款利息,LAW-00106,逐节扩充题,120—146,129—155,2026年注册会计师全国统一考试辅导教材《经济法》,,law-full-04-10-004
经济法,财产与合同,4,合同法律制度,第十节 几类主要的典型合同,租赁与转租,LAW-00107,逐节扩充题,120—146,129—155,2026年注册会计师全国统一考试辅导教材《经济法》,,law-full-04-10-005
经济法,财产与合同,4,合同法律制度,第十节 几类主要的典型合同,融资租赁,LAW-00108,逐节扩充题,120—146,129—155,2026年注册会计师全国统一考试辅导教材《经济法》,,law-full-04-10-006
经济法,财产与合同,4,合同法律制度,第十节 几类主要的典型合同,承揽与建设工程,LAW-00109,逐节扩充题,120—146,129—155,2026年注册会计师全国统一考试辅导教材《经济法》,,law-full-04-10-007
经济法,财产与合同,4,合同法律制度,第十节 几类主要的典型合同,委托、中介与行纪,LAW-00110,逐节扩充题,120—146,129—155,2026年注册会计师全国统一考试辅导教材《经济法》,,law-full-04-10-008
经济法,财产与合同,4,合同法律制度,第十节 几类主要的典型合同,技术合同,LAW-00111,逐节扩充题,120—146,129—155,2026年注册会计师全国统一考试辅导教材《经济法》,,law-full-04-10-009
经济法,财产与合同,4,合同法律制度,第十节 几类主要的典型合同,物业服务合同,LAW-00112,逐节扩充题,120—146,129—155,2026年注册会计师全国统一考试辅导教材《经济法》,,law-full-04-10-010
经济法,企业组织,5,合伙企业法律制度,第一节 合伙企业法律制度概述,普通合伙人责任,LAW-00113,原有起步题,147—149,156—158,2026年注册会计师全国统一考试辅导教材《经济法》,,law-05-01
经济法,企业组织,5,合伙企业法律制度,第一节 合伙企业法律制度概述,有限合伙人责任,LAW-00114,原有起步题,147—149,156—158,2026年注册会计师全国统一考试辅导教材《经济法》,,law-05-02
经济法,企业组织,5,合伙企业法律制度,第一节 合伙企业法律制度概述,合伙企业类型与特征,LAW-00115,原有起步题,147—149,156—158,2026年注册会计师全国统一考试辅导教材《经济法》,,law-05-03
经济法,企业组织,5,合伙企业法律制度,第一节 合伙企业法律制度概述,合伙与保本回报,LAW-00116,原有起步题,147—149,156—158,2026年注册会计师全国统一考试辅导教材《经济法》,,law-05-04
经济法,企业组织,5,合伙企业法律制度,第一节 合伙企业法律制度概述,合伙与公司,LAW-00117,逐节扩充题,147—150,156—159,2026年注册会计师全国统一考试辅导教材《经济法》,,law-full-05-01-001
经济法,企业组织,5,合伙企业法律制度,第一节 合伙企业法律制度概述,合伙类型,LAW-00118,逐节扩充题,147—150,156—159,2026年注册会计师全国统一考试辅导教材《经济法》,,law-full-05-01-002
经济法,企业组织,5,合伙企业法律制度,第一节 合伙企业法律制度概述,登记与公示,LAW-00119,逐节扩充题,147—150,156—159,2026年注册会计师全国统一考试辅导教材《经济法》,,law-full-05-01-003
经济法,企业组织,5,合伙企业法律制度,第二节 普通合伙企业,普通合伙责任,LAW-00120,逐节扩充题,151—163,160—172,2026年注册会计师全国统一考试辅导教材《经济法》,,law-full-05-02-001
经济法,企业组织,5,合伙企业法律制度,第二节 普通合伙企业,合伙出资,LAW-00121,逐节扩充题,151—163,160—172,2026年注册会计师全国统一考试辅导教材《经济法》,,law-full-05-02-002
经济法,企业组织,5,合伙企业法律制度,第二节 普通合伙企业,事务执行与监督,LAW-00122,逐节扩充题,151—163,160—172,2026年注册会计师全国统一考试辅导教材《经济法》,,law-full-05-02-003
经济法,企业组织,5,合伙企业法律制度,第二节 普通合伙企业,竞业与自我交易,LAW-00123,逐节扩充题,151—163,160—172,2026年注册会计师全国统一考试辅导教材《经济法》,,law-full-05-02-004
经济法,企业组织,5,合伙企业法律制度,第二节 普通合伙企业,损益分配,LAW-00124,逐节扩充题,151—163,160—172,2026年注册会计师全国统一考试辅导教材《经济法》,,law-full-05-02-005
经济法,企业组织,5,合伙企业法律制度,第二节 普通合伙企业,入伙与退伙债务,LAW-00125,逐节扩充题,151—163,160—172,2026年注册会计师全国统一考试辅导教材《经济法》,,law-full-05-02-006
经济法,企业组织,5,合伙企业法律制度,第二节 普通合伙企业,特殊普通合伙,LAW-00126,逐节扩充题,151—163,160—172,2026年注册会计师全国统一考试辅导教材《经济法》,,law-full-05-02-007
经济法,企业组织,5,合伙企业法律制度,第三节 有限合伙企业,有限合伙责任与出资,LAW-00127,逐节扩充题,164—169,173—178,2026年注册会计师全国统一考试辅导教材《经济法》,,law-full-05-03-001
经济法,企业组织,5,合伙企业法律制度,第三节 有限合伙企业,有限合伙事务执行,LAW-00128,逐节扩充题,164—169,173—178,2026年注册会计师全国统一考试辅导教材《经济法》,,law-full-05-03-002
经济法,企业组织,5,合伙企业法律制度,第三节 有限合伙企业,身份误认与责任,LAW-00129,逐节扩充题,164—169,173—178,2026年注册会计师全国统一考试辅导教材《经济法》,,law-full-05-03-003
经济法,企业组织,5,合伙企业法律制度,第三节 有限合伙企业,份额转让与出质,LAW-00130,逐节扩充题,164—169,173—178,2026年注册会计师全国统一考试辅导教材《经济法》,,law-full-05-03-004
经济法,企业组织,5,合伙企业法律制度,第三节 有限合伙企业,身份转换,LAW-00131,逐节扩充题,164—169,173—178,2026年注册会计师全国统一考试辅导教材《经济法》,,law-full-05-03-005
经济法,企业组织,5,合伙企业法律制度,第四节 合伙企业的解散和清算,解散与清算,LAW-00132,逐节扩充题,170—172,179—181,2026年注册会计师全国统一考试辅导教材《经济法》,,law-full-05-04-001
经济法,企业组织,5,合伙企业法律制度,第四节 合伙企业的解散和清算,清算后责任,LAW-00133,逐节扩充题,170—172,179—181,2026年注册会计师全国统一考试辅导教材《经济法》,,law-full-05-04-002
经济法,企业组织,6,公司法律制度,第一节 公司概述,公司法人财产,LAW-00134,原有起步题,173—175,182—184,2026年注册会计师全国统一考试辅导教材《经济法》,,law-06-01
经济法,企业组织,6,公司法律制度,第一节 公司概述,有限责任,LAW-00135,原有起步题,173—175,182—184,2026年注册会计师全国统一考试辅导教材《经济法》,,law-06-02
经济法,企业组织,6,公司法律制度,第一节 公司概述,公司基本特征,LAW-00136,原有起步题,173—175,182—184,2026年注册会计师全国统一考试辅导教材《经济法》,,law-06-03
经济法,企业组织,6,公司法律制度,第一节 公司概述,财产独立,LAW-00137,原有起步题,173—175,182—184,2026年注册会计师全国统一考试辅导教材《经济法》,,law-06-04
经济法,企业组织,6,公司法律制度,第一节 公司概述,公司独立人格,LAW-00138,逐节扩充题,173—174,182—183,2026年注册会计师全国统一考试辅导教材《经济法》,,law-full-06-01-001
经济法,企业组织,6,公司法律制度,第一节 公司概述,有限责任边界,LAW-00139,逐节扩充题,173—174,182—183,2026年注册会计师全国统一考试辅导教材《经济法》,,law-full-06-01-002
经济法,企业组织,6,公司法律制度,第二节 公司基本法律制度,公司设立阶段责任,LAW-00140,逐节扩充题,175—199,184—208,2026年注册会计师全国统一考试辅导教材《经济法》,,law-full-06-02-001
经济法,企业组织,6,公司法律制度,第二节 公司基本法律制度,公司对外担保,LAW-00141,逐节扩充题,175—199,184—208,2026年注册会计师全国统一考试辅导教材《经济法》,,law-full-06-02-002
经济法,企业组织,6,公司法律制度,第二节 公司基本法律制度,股东出资期限,LAW-00142,逐节扩充题,175—199,184—208,2026年注册会计师全国统一考试辅导教材《经济法》,,law-full-06-02-003
经济法,企业组织,6,公司法律制度,第二节 公司基本法律制度,非货币出资,LAW-00143,逐节扩充题,175—199,184—208,2026年注册会计师全国统一考试辅导教材《经济法》,,law-full-06-02-004
经济法,企业组织,6,公司法律制度,第二节 公司基本法律制度,出资不足与抽逃,LAW-00144,逐节扩充题,175—199,184—208,2026年注册会计师全国统一考试辅导教材《经济法》,,law-full-06-02-005
经济法,企业组织,6,公司法律制度,第二节 公司基本法律制度,股东失权,LAW-00145,逐节扩充题,175—199,184—208,2026年注册会计师全国统一考试辅导教材《经济法》,,law-full-06-02-006
经济法,企业组织,6,公司法律制度,第二节 公司基本法律制度,出资加速到期,LAW-00146,逐节扩充题,175—199,184—208,2026年注册会计师全国统一考试辅导教材《经济法》,,law-full-06-02-007
经济法,企业组织,6,公司法律制度,第二节 公司基本法律制度,股东知情权,LAW-00147,逐节扩充题,175—199,184—208,2026年注册会计师全国统一考试辅导教材《经济法》,,law-full-06-02-008
经济法,企业组织,6,公司法律制度,第二节 公司基本法律制度,股东代表诉讼,LAW-00148,逐节扩充题,175—199,184—208,2026年注册会计师全国统一考试辅导教材《经济法》,,law-full-06-02-009
经济法,企业组织,6,公司法律制度,第二节 公司基本法律制度,董监高忠实与勤勉,LAW-00149,逐节扩充题,175—199,184—208,2026年注册会计师全国统一考试辅导教材《经济法》,,law-full-06-02-010
经济法,企业组织,6,公司法律制度,第二节 公司基本法律制度,决议瑕疵,LAW-00150,逐节扩充题,175—199,184—208,2026年注册会计师全国统一考试辅导教材《经济法》,,law-full-06-02-011
经济法,企业组织,6,公司法律制度,第三节 股份有限公司,股份公司设立,LAW-00151,逐节扩充题,200—218,209—227,2026年注册会计师全国统一考试辅导教材《经济法》,,law-full-06-03-001
经济法,企业组织,6,公司法律制度,第三节 股份有限公司,股东会与董事会,LAW-00152,逐节扩充题,200—218,209—227,2026年注册会计师全国统一考试辅导教材《经济法》,,law-full-06-03-002
经济法,企业组织,6,公司法律制度,第三节 股份有限公司,类别股,LAW-00153,逐节扩充题,200—218,209—227,2026年注册会计师全国统一考试辅导教材《经济法》,,law-full-06-03-003
经济法,企业组织,6,公司法律制度,第三节 股份有限公司,上市公司独立董事,LAW-00154,逐节扩充题,200—218,209—227,2026年注册会计师全国统一考试辅导教材《经济法》,,law-full-06-03-004
经济法,企业组织,6,公司法律制度,第三节 股份有限公司,股份回购限制,LAW-00155,逐节扩充题,200—218,209—227,2026年注册会计师全国统一考试辅导教材《经济法》,,law-full-06-03-005
经济法,企业组织,6,公司法律制度,第三节 股份有限公司,股份转让限制,LAW-00156,逐节扩充题,200—218,209—227,2026年注册会计师全国统一考试辅导教材《经济法》,,law-full-06-03-006
经济法,企业组织,6,公司法律制度,第四节 有限责任公司,有限责任公司组织,LAW-00157,逐节扩充题,219—224,228—233,2026年注册会计师全国统一考试辅导教材《经济法》,,law-full-06-04-001
经济法,企业组织,6,公司法律制度,第四节 有限责任公司,对外股权转让,LAW-00158,逐节扩充题,219—224,228—233,2026年注册会计师全国统一考试辅导教材《经济法》,,law-full-06-04-002
经济法,企业组织,6,公司法律制度,第四节 有限责任公司,未届期出资股权转让,LAW-00159,逐节扩充题,219—224,228—233,2026年注册会计师全国统一考试辅导教材《经济法》,,law-full-06-04-003
经济法,企业组织,6,公司法律制度,第四节 有限责任公司,异议股东回购请求,LAW-00160,逐节扩充题,219—224,228—233,2026年注册会计师全国统一考试辅导教材《经济法》,,law-full-06-04-004
经济法,企业组织,6,公司法律制度,第四节 有限责任公司,组织形式变更,LAW-00161,逐节扩充题,219—224,228—233,2026年注册会计师全国统一考试辅导教材《经济法》,,law-full-06-04-005
经济法,企业组织,6,公司法律制度,第五节 国家出资公司组织机构的特别规定,国家出资公司范围,LAW-00162,逐节扩充题,225,234,2026年注册会计师全国统一考试辅导教材《经济法》,,law-full-06-05-001
经济法,企业组织,6,公司法律制度,第五节 国家出资公司组织机构的特别规定,履行出资人职责,LAW-00163,逐节扩充题,225,234,2026年注册会计师全国统一考试辅导教材《经济法》,,law-full-06-05-002
经济法,企业组织,6,公司法律制度,第五节 国家出资公司组织机构的特别规定,党组织与公司治理,LAW-00164,逐节扩充题,225,234,2026年注册会计师全国统一考试辅导教材《经济法》,,law-full-06-05-003
经济法,企业组织,6,公司法律制度,第五节 国家出资公司组织机构的特别规定,国有独资治理,LAW-00165,逐节扩充题,225,234,2026年注册会计师全国统一考试辅导教材《经济法》,,law-full-06-05-004
经济法,企业组织,6,公司法律制度,第六节 公司的财务、会计,财务会计报告,LAW-00166,逐节扩充题,226—229,235—238,2026年注册会计师全国统一考试辅导教材《经济法》,,law-full-06-06-001
经济法,企业组织,6,公司法律制度,第六节 公司的财务、会计,利润分配顺序,LAW-00167,逐节扩充题,226—229,235—238,2026年注册会计师全国统一考试辅导教材《经济法》,,law-full-06-06-002
经济法,企业组织,6,公司法律制度,第六节 公司的财务、会计,公积金用途,LAW-00168,逐节扩充题,226—229,235—238,2026年注册会计师全国统一考试辅导教材《经济法》,,law-full-06-06-003
经济法,企业组织,6,公司法律制度,第六节 公司的财务、会计,违法分配责任,LAW-00169,逐节扩充题,226—229,235—238,2026年注册会计师全国统一考试辅导教材《经济法》,,law-full-06-06-004
经济法,企业组织,6,公司法律制度,第七节 公司重大变更,公司合并债务,LAW-00170,逐节扩充题,230—236,239—245,2026年注册会计师全国统一考试辅导教材《经济法》,,law-full-06-07-001
经济法,企业组织,6,公司法律制度,第七节 公司重大变更,公司分立保护,LAW-00171,逐节扩充题,230—236,239—245,2026年注册会计师全国统一考试辅导教材《经济法》,,law-full-06-07-002
经济法,企业组织,6,公司法律制度,第七节 公司重大变更,增资与股东权利,LAW-00172,逐节扩充题,230—236,239—245,2026年注册会计师全国统一考试辅导教材《经济法》,,law-full-06-07-003
经济法,企业组织,6,公司法律制度,第七节 公司重大变更,减资与债权人,LAW-00173,逐节扩充题,230—236,239—245,2026年注册会计师全国统一考试辅导教材《经济法》,,law-full-06-07-004
经济法,企业组织,6,公司法律制度,第七节 公司重大变更,违法减资,LAW-00174,逐节扩充题,230—236,239—245,2026年注册会计师全国统一考试辅导教材《经济法》,,law-full-06-07-005
经济法,企业组织,6,公司法律制度,第八节 公司解散和清算,公司解散原因,LAW-00175,逐节扩充题,237—241,246—250,2026年注册会计师全国统一考试辅导教材《经济法》,,law-full-06-08-001
经济法,企业组织,6,公司法律制度,第八节 公司解散和清算,司法解散,LAW-00176,逐节扩充题,237—241,246—250,2026年注册会计师全国统一考试辅导教材《经济法》,,law-full-06-08-002
经济法,企业组织,6,公司法律制度,第八节 公司解散和清算,清算义务,LAW-00177,逐节扩充题,237—241,246—250,2026年注册会计师全国统一考试辅导教材《经济法》,,law-full-06-08-003
经济法,企业组织,6,公司法律制度,第八节 公司解散和清算,清算与破产衔接,LAW-00178,逐节扩充题,237—241,246—250,2026年注册会计师全国统一考试辅导教材《经济法》,,law-full-06-08-004
经济法,资本市场与退出,7,证券法律制度,第一节 证券法律制度概述,直接融资,LAW-00179,原有起步题,242—244,251—253,2026年注册会计师全国统一考试辅导教材《经济法》,,law-07-01
经济法,资本市场与退出,7,证券法律制度,第一节 证券法律制度概述,信息披露的作用,LAW-00180,原有起步题,242—244,251—253,2026年注册会计师全国统一考试辅导教材《经济法》,,law-07-02
经济法,资本市场与退出,7,证券法律制度,第一节 证券法律制度概述,证券形式,LAW-00181,原有起步题,242—244,251—253,2026年注册会计师全国统一考试辅导教材《经济法》,,law-07-03
经济法,资本市场与退出,7,证券法律制度,第一节 证券法律制度概述,披露与风险,LAW-00182,原有起步题,242—244,251—253,2026年注册会计师全国统一考试辅导教材《经济法》,,law-07-04
经济法,资本市场与退出,7,证券法律制度,第一节 证券法律制度概述,证券与投资风险,LAW-00183,逐节扩充题,242—266,251—275,2026年注册会计师全国统一考试辅导教材《经济法》,,law-full-07-01-001
经济法,资本市场与退出,7,证券法律制度,第一节 证券法律制度概述,注册制与披露,LAW-00184,逐节扩充题,242—266,251—275,2026年注册会计师全国统一考试辅导教材《经济法》,,law-full-07-01-002
经济法,资本市场与退出,7,证券法律制度,第一节 证券法律制度概述,重大信息披露,LAW-00185,逐节扩充题,242—266,251—275,2026年注册会计师全国统一考试辅导教材《经济法》,,law-full-07-01-003
经济法,资本市场与退出,7,证券法律制度,第一节 证券法律制度概述,投资者适当性,LAW-00186,逐节扩充题,242—266,251—275,2026年注册会计师全国统一考试辅导教材《经济法》,,law-full-07-01-004
经济法,资本市场与退出,7,证券法律制度,第一节 证券法律制度概述,证券市场看门人,LAW-00187,逐节扩充题,242—266,251—275,2026年注册会计师全国统一考试辅导教材《经济法》,,law-full-07-01-005
经济法,资本市场与退出,7,证券法律制度,第二节 股票的发行,公开与非公开发行,LAW-00188,逐节扩充题,267—290,276—299,2026年注册会计师全国统一考试辅导教材《经济法》,,law-full-07-02-001
经济法,资本市场与退出,7,证券法律制度,第二节 股票的发行,IPO与再融资,LAW-00189,逐节扩充题,267—290,276—299,2026年注册会计师全国统一考试辅导教材《经济法》,,law-full-07-02-002
经济法,资本市场与退出,7,证券法律制度,第二节 股票的发行,非上市公众公司,LAW-00190,逐节扩充题,267—290,276—299,2026年注册会计师全国统一考试辅导教材《经济法》,,law-full-07-02-003
经济法,资本市场与退出,7,证券法律制度,第二节 股票的发行,承销方式,LAW-00191,逐节扩充题,267—290,276—299,2026年注册会计师全国统一考试辅导教材《经济法》,,law-full-07-02-004
经济法,资本市场与退出,7,证券法律制度,第二节 股票的发行,保荐责任,LAW-00192,逐节扩充题,267—290,276—299,2026年注册会计师全国统一考试辅导教材《经济法》,,law-full-07-02-005
经济法,资本市场与退出,7,证券法律制度,第二节 股票的发行,优先股投资,LAW-00193,逐节扩充题,267—290,276—299,2026年注册会计师全国统一考试辅导教材《经济法》,,law-full-07-02-006
经济法,资本市场与退出,7,证券法律制度,第三节 公司债券的发行与交易,公司债券发行,LAW-00194,逐节扩充题,291—300,300—309,2026年注册会计师全国统一考试辅导教材《经济法》,,law-full-07-03-001
经济法,资本市场与退出,7,证券法律制度,第三节 公司债券的发行与交易,债券持有人会议,LAW-00195,逐节扩充题,291—300,300—309,2026年注册会计师全国统一考试辅导教材《经济法》,,law-full-07-03-002
经济法,资本市场与退出,7,证券法律制度,第三节 公司债券的发行与交易,受托管理人,LAW-00196,逐节扩充题,291—300,300—309,2026年注册会计师全国统一考试辅导教材《经济法》,,law-full-07-03-003
经济法,资本市场与退出,7,证券法律制度,第四节 股票的公开交易,股票上市与交易,LAW-00197,逐节扩充题,301—309,310—318,2026年注册会计师全国统一考试辅导教材《经济法》,,law-full-07-04-001
经济法,资本市场与退出,7,证券法律制度,第四节 股票的公开交易,持续上市与退市,LAW-00198,逐节扩充题,301—309,310—318,2026年注册会计师全国统一考试辅导教材《经济法》,,law-full-07-04-002
经济法,资本市场与退出,7,证券法律制度,第四节 股票的公开交易,内幕交易,LAW-00199,逐节扩充题,301—309,310—318,2026年注册会计师全国统一考试辅导教材《经济法》,,law-full-07-04-003
经济法,资本市场与退出,7,证券法律制度,第四节 股票的公开交易,操纵市场,LAW-00200,逐节扩充题,301—309,310—318,2026年注册会计师全国统一考试辅导教材《经济法》,,law-full-07-04-004
经济法,资本市场与退出,7,证券法律制度,第五节 上市公司收购和重组,上市公司收购方式,LAW-00201,逐节扩充题,310—332,319—341,2026年注册会计师全国统一考试辅导教材《经济法》,,law-full-07-05-001
经济法,资本市场与退出,7,证券法律制度,第五节 上市公司收购和重组,一致行动人,LAW-00202,逐节扩充题,310—332,319—341,2026年注册会计师全国统一考试辅导教材《经济法》,,law-full-07-05-002
经济法,资本市场与退出,7,证券法律制度,第五节 上市公司收购和重组,收购信息披露,LAW-00203,逐节扩充题,310—332,319—341,2026年注册会计师全国统一考试辅导教材《经济法》,,law-full-07-05-003
经济法,资本市场与退出,7,证券法律制度,第五节 上市公司收购和重组,重大资产重组,LAW-00204,逐节扩充题,310—332,319—341,2026年注册会计师全国统一考试辅导教材《经济法》,,law-full-07-05-004
经济法,资本市场与退出,7,证券法律制度,第六节 证券欺诈的法律责任,虚假陈述责任,LAW-00205,逐节扩充题,333—352,342—361,2026年注册会计师全国统一考试辅导教材《经济法》,,law-full-07-06-001
经济法,资本市场与退出,7,证券法律制度,第六节 证券欺诈的法律责任,证券民事赔偿,LAW-00206,逐节扩充题,333—352,342—361,2026年注册会计师全国统一考试辅导教材《经济法》,,law-full-07-06-002
经济法,资本市场与退出,7,证券法律制度,第六节 证券欺诈的法律责任,中介机构责任,LAW-00207,逐节扩充题,333—352,342—361,2026年注册会计师全国统一考试辅导教材《经济法》,,law-full-07-06-003
经济法,资本市场与退出,8,企业破产法律制度,第一节 破产法律制度概述,破产清算目标,LAW-00208,原有起步题,353—355,362—364,2026年注册会计师全国统一考试辅导教材《经济法》,,law-08-01
经济法,资本市场与退出,8,企业破产法律制度,第一节 破产法律制度概述,广义破产制度,LAW-00209,原有起步题,353—355,362—364,2026年注册会计师全国统一考试辅导教材《经济法》,,law-08-02
经济法,资本市场与退出,8,企业破产法律制度,第一节 破产法律制度概述,破产制度构成,LAW-00210,原有起步题,353—355,362—364,2026年注册会计师全国统一考试辅导教材《经济法》,,law-08-03
经济法,资本市场与退出,8,企业破产法律制度,第一节 破产法律制度概述,集体清偿,LAW-00211,原有起步题,353—355,362—364,2026年注册会计师全国统一考试辅导教材《经济法》,,law-08-04
经济法,资本市场与退出,8,企业破产法律制度,第一节 破产法律制度概述,破产原因,LAW-00212,逐节扩充题,353—356,362—365,2026年注册会计师全国统一考试辅导教材《经济法》,,law-full-08-01-001
经济法,资本市场与退出,8,企业破产法律制度,第一节 破产法律制度概述,破产三种程序,LAW-00213,逐节扩充题,353—356,362—365,2026年注册会计师全国统一考试辅导教材《经济法》,,law-full-08-01-002
经济法,资本市场与退出,8,企业破产法律制度,第二节 破产申请与受理,破产申请主体,LAW-00214,逐节扩充题,357—371,366—380,2026年注册会计师全国统一考试辅导教材《经济法》,,law-full-08-02-001
经济法,资本市场与退出,8,企业破产法律制度,第二节 破产申请与受理,受理与个别清偿,LAW-00215,逐节扩充题,357—371,366—380,2026年注册会计师全国统一考试辅导教材《经济法》,,law-full-08-02-002
经济法,资本市场与退出,8,企业破产法律制度,第二节 破产申请与受理,未履行完毕合同,LAW-00216,逐节扩充题,357—371,366—380,2026年注册会计师全国统一考试辅导教材《经济法》,,law-full-08-02-003
经济法,资本市场与退出,8,企业破产法律制度,第二节 破产申请与受理,诉讼与执行衔接,LAW-00217,逐节扩充题,357—371,366—380,2026年注册会计师全国统一考试辅导教材《经济法》,,law-full-08-02-004
经济法,资本市场与退出,8,企业破产法律制度,第三节 管理人制度,管理人职责,LAW-00218,逐节扩充题,372—378,381—387,2026年注册会计师全国统一考试辅导教材《经济法》,,law-full-08-03-001
经济法,资本市场与退出,8,企业破产法律制度,第三节 管理人制度,管理人资格与更换,LAW-00219,逐节扩充题,372—378,381—387,2026年注册会计师全国统一考试辅导教材《经济法》,,law-full-08-03-002
经济法,资本市场与退出,8,企业破产法律制度,第四节 债务人财产,债务人财产,LAW-00220,逐节扩充题,379—390,388—399,2026年注册会计师全国统一考试辅导教材《经济法》,,law-full-08-04-001
经济法,资本市场与退出,8,企业破产法律制度,第四节 债务人财产,破产撤销权,LAW-00221,逐节扩充题,379—390,388—399,2026年注册会计师全国统一考试辅导教材《经济法》,,law-full-08-04-002
经济法,资本市场与退出,8,企业破产法律制度,第四节 债务人财产,无效行为与追回,LAW-00222,逐节扩充题,379—390,388—399,2026年注册会计师全国统一考试辅导教材《经济法》,,law-full-08-04-003
经济法,资本市场与退出,8,企业破产法律制度,第四节 债务人财产,取回权,LAW-00223,逐节扩充题,379—390,388—399,2026年注册会计师全国统一考试辅导教材《经济法》,,law-full-08-04-004
经济法,资本市场与退出,8,企业破产法律制度,第四节 债务人财产,抵销权,LAW-00224,逐节扩充题,379—390,388—399,2026年注册会计师全国统一考试辅导教材《经济法》,,law-full-08-04-005
经济法,资本市场与退出,8,企业破产法律制度,第四节 债务人财产,破产费用与共益债务,LAW-00225,逐节扩充题,379—390,388—399,2026年注册会计师全国统一考试辅导教材《经济法》,,law-full-08-04-006
经济法,资本市场与退出,8,企业破产法律制度,第五节 破产债权,债权申报,LAW-00226,逐节扩充题,391—396,400—405,2026年注册会计师全国统一考试辅导教材《经济法》,,law-full-08-05-001
经济法,资本市场与退出,8,企业破产法律制度,第五节 破产债权,附条件及未到期债权,LAW-00227,逐节扩充题,391—396,400—405,2026年注册会计师全国统一考试辅导教材《经济法》,,law-full-08-05-002
经济法,资本市场与退出,8,企业破产法律制度,第五节 破产债权,职工债权,LAW-00228,逐节扩充题,391—396,400—405,2026年注册会计师全国统一考试辅导教材《经济法》,,law-full-08-05-003
经济法,资本市场与退出,8,企业破产法律制度,第六节 债权人会议,债权人会议,LAW-00229,逐节扩充题,397—400,406—409,2026年注册会计师全国统一考试辅导教材《经济法》,,law-full-08-06-001
经济法,资本市场与退出,8,企业破产法律制度,第六节 债权人会议,有担保债权表决,LAW-00230,逐节扩充题,397—400,406—409,2026年注册会计师全国统一考试辅导教材《经济法》,,law-full-08-06-002
经济法,资本市场与退出,8,企业破产法律制度,第七节 重整程序,重整计划,LAW-00231,逐节扩充题,401—413,410—422,2026年注册会计师全国统一考试辅导教材《经济法》,,law-full-08-07-001
经济法,资本市场与退出,8,企业破产法律制度,第七节 重整程序,自行管理,LAW-00232,逐节扩充题,401—413,410—422,2026年注册会计师全国统一考试辅导教材《经济法》,,law-full-08-07-002
经济法,资本市场与退出,8,企业破产法律制度,第七节 重整程序,重整失败,LAW-00233,逐节扩充题,401—413,410—422,2026年注册会计师全国统一考试辅导教材《经济法》,,law-full-08-07-003
经济法,资本市场与退出,8,企业破产法律制度,第八节 和解制度,和解申请与效力,LAW-00234,逐节扩充题,414—415,423—424,2026年注册会计师全国统一考试辅导教材《经济法》,,law-full-08-08-001
经济法,资本市场与退出,8,企业破产法律制度,第九节 破产清算程序,破产清偿顺序,LAW-00235,逐节扩充题,416—423,425—432,2026年注册会计师全国统一考试辅导教材《经济法》,,law-full-08-09-001
经济法,资本市场与退出,8,企业破产法律制度,第九节 破产清算程序,担保优先受偿,LAW-00236,逐节扩充题,416—423,425—432,2026年注册会计师全国统一考试辅导教材《经济法》,,law-full-08-09-002
经济法,资本市场与退出,8,企业破产法律制度,第九节 破产清算程序,破产程序终结,LAW-00237,逐节扩充题,416—423,425—432,2026年注册会计师全国统一考试辅导教材《经济法》,,law-full-08-09-003
经济法,资本市场与退出,8,企业破产法律制度,第十节 关联企业合并破产,关联企业合并破产,LAW-00238,逐节扩充题,424—427,433—436,2026年注册会计师全国统一考试辅导教材《经济法》,,law-full-08-10-001
经济法,资本市场与退出,9,票据与支付结算法律制度,第一节 支付结算概述,支付结算,LAW-00239,原有起步题,428—430,437—439,2026年注册会计师全国统一考试辅导教材《经济法》,,law-09-01
经济法,资本市场与退出,9,票据与支付结算法律制度,第一节 支付结算概述,现金与非现金结算,LAW-00240,原有起步题,428—430,437—439,2026年注册会计师全国统一考试辅导教材《经济法》,,law-09-02
经济法,资本市场与退出,9,票据与支付结算法律制度,第一节 支付结算概述,结算方式,LAW-00241,原有起步题,428—430,437—439,2026年注册会计师全国统一考试辅导教材《经济法》,,law-09-03
经济法,资本市场与退出,9,票据与支付结算法律制度,第一节 支付结算概述,支付结算参与者,LAW-00242,原有起步题,428—430,437—439,2026年注册会计师全国统一考试辅导教材《经济法》,,law-09-04
经济法,资本市场与退出,9,票据与支付结算法律制度,第一节 支付结算概述,支付结算原则,LAW-00243,逐节扩充题,428—433,437—442,2026年注册会计师全国统一考试辅导教材《经济法》,,law-full-09-01-001
经济法,资本市场与退出,9,票据与支付结算法律制度,第一节 支付结算概述,银行结算账户,LAW-00244,逐节扩充题,428—433,437—442,2026年注册会计师全国统一考试辅导教材《经济法》,,law-full-09-01-002
经济法,资本市场与退出,9,票据与支付结算法律制度,第二节 票据法律制度,票据特征,LAW-00245,逐节扩充题,434—477,443—486,2026年注册会计师全国统一考试辅导教材《经济法》,,law-full-09-02-001
经济法,资本市场与退出,9,票据与支付结算法律制度,第二节 票据法律制度,票据与基础关系,LAW-00246,逐节扩充题,434—477,443—486,2026年注册会计师全国统一考试辅导教材《经济法》,,law-full-09-02-002
经济法,资本市场与退出,9,票据与支付结算法律制度,第二节 票据法律制度,票据签章,LAW-00247,逐节扩充题,434—477,443—486,2026年注册会计师全国统一考试辅导教材《经济法》,,law-full-09-02-003
经济法,资本市场与退出,9,票据与支付结算法律制度,第二节 票据法律制度,票据伪造与变造,LAW-00248,逐节扩充题,434—477,443—486,2026年注册会计师全国统一考试辅导教材《经济法》,,law-full-09-02-004
经济法,资本市场与退出,9,票据与支付结算法律制度,第二节 票据法律制度,背书连续,LAW-00249,逐节扩充题,434—477,443—486,2026年注册会计师全国统一考试辅导教材《经济法》,,law-full-09-02-005
经济法,资本市场与退出,9,票据与支付结算法律制度,第二节 票据法律制度,汇票承兑,LAW-00250,逐节扩充题,434—477,443—486,2026年注册会计师全国统一考试辅导教材《经济法》,,law-full-09-02-006
经济法,资本市场与退出,9,票据与支付结算法律制度,第二节 票据法律制度,票据保证,LAW-00251,逐节扩充题,434—477,443—486,2026年注册会计师全国统一考试辅导教材《经济法》,,law-full-09-02-007
经济法,资本市场与退出,9,票据与支付结算法律制度,第二节 票据法律制度,提示付款与追索,LAW-00252,逐节扩充题,434—477,443—486,2026年注册会计师全国统一考试辅导教材《经济法》,,law-full-09-02-008
经济法,资本市场与退出,9,票据与支付结算法律制度,第二节 票据法律制度,本票与支票,LAW-00253,逐节扩充题,434—477,443—486,2026年注册会计师全国统一考试辅导教材《经济法》,,law-full-09-02-009
经济法,资本市场与退出,9,票据与支付结算法律制度,第二节 票据法律制度,票据抗辩,LAW-00254,逐节扩充题,434—477,443—486,2026年注册会计师全国统一考试辅导教材《经济法》,,law-full-09-02-010
经济法,资本市场与退出,9,票据与支付结算法律制度,第二节 票据法律制度,票据丧失救济,LAW-00255,逐节扩充题,434—477,443—486,2026年注册会计师全国统一考试辅导教材《经济法》,,law-full-09-02-011
经济法,资本市场与退出,9,票据与支付结算法律制度,第三节 非票据结算方式,汇兑与委托收款,LAW-00256,逐节扩充题,478—494,487—503,2026年注册会计师全国统一考试辅导教材《经济法》,,law-full-09-03-001
经济法,资本市场与退出,9,票据与支付结算法律制度,第三节 非票据结算方式,银行卡与预付卡,LAW-00257,逐节扩充题,478—494,487—503,2026年注册会计师全国统一考试辅导教材《经济法》,,law-full-09-03-002
经济法,资本市场与退出,9,票据与支付结算法律制度,第三节 非票据结算方式,国内信用证,LAW-00258,逐节扩充题,478—494,487—503,2026年注册会计师全国统一考试辅导教材《经济法》,,law-full-09-03-003
经济法,资本市场与退出,9,票据与支付结算法律制度,第三节 非票据结算方式,网络支付,LAW-00259,逐节扩充题,478—494,487—503,2026年注册会计师全国统一考试辅导教材《经济法》,,law-full-09-03-004
经济法,经济监管与涉外,10,企业国有资产法律制度,第一节 企业国有资产法律制度概述,企业国有资产,LAW-00260,原有起步题,495—497,504—506,2026年注册会计师全国统一考试辅导教材《经济法》,,law-10-01
经济法,经济监管与涉外,10,企业国有资产法律制度,第一节 企业国有资产法律制度概述,出资权益与法人财产,LAW-00261,原有起步题,495—497,504—506,2026年注册会计师全国统一考试辅导教材《经济法》,,law-10-02
经济法,经济监管与涉外,10,企业国有资产法律制度,第一节 企业国有资产法律制度概述,出资形式,LAW-00262,原有起步题,495—497,504—506,2026年注册会计师全国统一考试辅导教材《经济法》,,law-10-03
经济法,经济监管与涉外,10,企业国有资产法律制度,第一节 企业国有资产法律制度概述,政企分开,LAW-00263,原有起步题,495—497,504—506,2026年注册会计师全国统一考试辅导教材《经济法》,,law-10-04
经济法,经济监管与涉外,10,企业国有资产法律制度,第一节 企业国有资产法律制度概述,企业国有资产,LAW-00264,逐节扩充题,495—500,504—509,2026年注册会计师全国统一考试辅导教材《经济法》,,law-full-10-01-001
经济法,经济监管与涉外,10,企业国有资产法律制度,第一节 企业国有资产法律制度概述,国资出资人职责,LAW-00265,逐节扩充题,495—500,504—509,2026年注册会计师全国统一考试辅导教材《经济法》,,law-full-10-01-002
经济法,经济监管与涉外,10,企业国有资产法律制度,第二节 企业国有资产产权登记制度,产权登记分类,LAW-00266,逐节扩充题,501—504,510—513,2026年注册会计师全国统一考试辅导教材《经济法》,,law-full-10-02-001
经济法,经济监管与涉外,10,企业国有资产法律制度,第二节 企业国有资产产权登记制度,登记信息真实性,LAW-00267,逐节扩充题,501—504,510—513,2026年注册会计师全国统一考试辅导教材《经济法》,,law-full-10-02-002
经济法,经济监管与涉外,10,企业国有资产法律制度,第三节 企业国有资产评估管理制度,资产评估目的,LAW-00268,逐节扩充题,505—509,514—518,2026年注册会计师全国统一考试辅导教材《经济法》,,law-full-10-03-001
经济法,经济监管与涉外,10,企业国有资产法律制度,第三节 企业国有资产评估管理制度,核准与备案,LAW-00269,逐节扩充题,505—509,514—518,2026年注册会计师全国统一考试辅导教材《经济法》,,law-full-10-03-002
经济法,经济监管与涉外,10,企业国有资产法律制度,第四节 企业国有资产交易管理制度,国有产权交易,LAW-00270,逐节扩充题,510—523,519—532,2026年注册会计师全国统一考试辅导教材《经济法》,,law-full-10-04-001
经济法,经济监管与涉外,10,企业国有资产法律制度,第四节 企业国有资产交易管理制度,企业增资与资产转让,LAW-00271,逐节扩充题,510—523,519—532,2026年注册会计师全国统一考试辅导教材《经济法》,,law-full-10-04-002
经济法,经济监管与涉外,10,企业国有资产法律制度,第四节 企业国有资产交易管理制度,关联交易风险,LAW-00272,逐节扩充题,510—523,519—532,2026年注册会计师全国统一考试辅导教材《经济法》,,law-full-10-04-003
经济法,经济监管与涉外,11,反垄断法律制度,第一节 反垄断法律制度概述,反垄断目标,LAW-00273,原有起步题,524—526,533—535,2026年注册会计师全国统一考试辅导教材《经济法》,,law-11-01
经济法,经济监管与涉外,11,反垄断法律制度,第一节 反垄断法律制度概述,域外行为,LAW-00274,原有起步题,524—526,533—535,2026年注册会计师全国统一考试辅导教材《经济法》,,law-11-02
经济法,经济监管与涉外,11,反垄断法律制度,第一节 反垄断法律制度概述,主要规制领域,LAW-00275,原有起步题,524—526,533—535,2026年注册会计师全国统一考试辅导教材《经济法》,,law-11-03
经济法,经济监管与涉外,11,反垄断法律制度,第一节 反垄断法律制度概述,竞争与效率,LAW-00276,原有起步题,524—526,533—535,2026年注册会计师全国统一考试辅导教材《经济法》,,law-11-04
经济法,经济监管与涉外,11,反垄断法律制度,第一节 反垄断法律制度概述,反垄断适用范围,LAW-00277,逐节扩充题,524—535,533—544,2026年注册会计师全国统一考试辅导教材《经济法》,,law-full-11-01-001
经济法,经济监管与涉外,11,反垄断法律制度,第一节 反垄断法律制度概述,相关市场,LAW-00278,逐节扩充题,524—535,533—544,2026年注册会计师全国统一考试辅导教材《经济法》,,law-full-11-01-002
经济法,经济监管与涉外,11,反垄断法律制度,第一节 反垄断法律制度概述,反垄断与知识产权,LAW-00279,逐节扩充题,524—535,533—544,2026年注册会计师全国统一考试辅导教材《经济法》,,law-full-11-01-003
经济法,经济监管与涉外,11,反垄断法律制度,第二节 垄断协议规制制度,横向垄断协议,LAW-00280,逐节扩充题,536—544,545—553,2026年注册会计师全国统一考试辅导教材《经济法》,,law-full-11-02-001
经济法,经济监管与涉外,11,反垄断法律制度,第二节 垄断协议规制制度,纵向限制,LAW-00281,逐节扩充题,536—544,545—553,2026年注册会计师全国统一考试辅导教材《经济法》,,law-full-11-02-002
经济法,经济监管与涉外,11,反垄断法律制度,第二节 垄断协议规制制度,协同行为,LAW-00282,逐节扩充题,536—544,545—553,2026年注册会计师全国统一考试辅导教材《经济法》,,law-full-11-02-003
经济法,经济监管与涉外,11,反垄断法律制度,第二节 垄断协议规制制度,豁免与宽大,LAW-00283,逐节扩充题,536—544,545—553,2026年注册会计师全国统一考试辅导教材《经济法》,,law-full-11-02-004
经济法,经济监管与涉外,11,反垄断法律制度,第三节 滥用市场支配地位规制制度,支配地位与滥用,LAW-00284,逐节扩充题,545—552,554—561,2026年注册会计师全国统一考试辅导教材《经济法》,,law-full-11-03-001
经济法,经济监管与涉外,11,反垄断法律制度,第三节 滥用市场支配地位规制制度,滥用行为类型,LAW-00285,逐节扩充题,545—552,554—561,2026年注册会计师全国统一考试辅导教材《经济法》,,law-full-11-03-002
经济法,经济监管与涉外,11,反垄断法律制度,第三节 滥用市场支配地位规制制度,集体支配地位,LAW-00286,逐节扩充题,545—552,554—561,2026年注册会计师全国统一考试辅导教材《经济法》,,law-full-11-03-003
经济法,经济监管与涉外,11,反垄断法律制度,第四节 经营者集中反垄断审查制度,经营者集中,LAW-00287,逐节扩充题,553—558,562—567,2026年注册会计师全国统一考试辅导教材《经济法》,,law-full-11-04-001
经济法,经济监管与涉外,11,反垄断法律制度,第四节 经营者集中反垄断审查制度,集中申报,LAW-00288,逐节扩充题,553—558,562—567,2026年注册会计师全国统一考试辅导教材《经济法》,,law-full-11-04-002
经济法,经济监管与涉外,11,反垄断法律制度,第四节 经营者集中反垄断审查制度,审查结果,LAW-00289,逐节扩充题,553—558,562—567,2026年注册会计师全国统一考试辅导教材《经济法》,,law-full-11-04-003
经济法,经济监管与涉外,11,反垄断法律制度,第五节 滥用行政权力排除、限制竞争规制制度,行政性垄断,LAW-00290,逐节扩充题,559—565,568—574,2026年注册会计师全国统一考试辅导教材《经济法》,,law-full-11-05-001
经济法,经济监管与涉外,11,反垄断法律制度,第五节 滥用行政权力排除、限制竞争规制制度,公平竞争审查,LAW-00291,逐节扩充题,559—565,568—574,2026年注册会计师全国统一考试辅导教材《经济法》,,law-full-11-05-002
经济法,经济监管与涉外,12,涉外经济法律制度,第一节 涉外投资法律制度,涉外经济关系,LAW-00292,原有起步题,566—568,575—577,2026年注册会计师全国统一考试辅导教材《经济法》,,law-12-01
经济法,经济监管与涉外,12,涉外经济法律制度,第一节 涉外投资法律制度,涉外投资方向,LAW-00293,原有起步题,566—568,575—577,2026年注册会计师全国统一考试辅导教材《经济法》,,law-12-02
经济法,经济监管与涉外,12,涉外经济法律制度,第一节 涉外投资法律制度,涉外经济制度构成,LAW-00294,原有起步题,566—568,575—577,2026年注册会计师全国统一考试辅导教材《经济法》,,law-12-03
经济法,经济监管与涉外,12,涉外经济法律制度,第一节 涉外投资法律制度,涉外投资与贸易,LAW-00295,原有起步题,566—568,575—577,2026年注册会计师全国统一考试辅导教材《经济法》,,law-12-04
经济法,经济监管与涉外,12,涉外经济法律制度,第一节 涉外投资法律制度,外商投资准入,LAW-00296,逐节扩充题,566—578,575—587,2026年注册会计师全国统一考试辅导教材《经济法》,,law-full-12-01-001
经济法,经济监管与涉外,12,涉外经济法律制度,第一节 涉外投资法律制度,投资保护与征收,LAW-00297,逐节扩充题,566—578,575—587,2026年注册会计师全国统一考试辅导教材《经济法》,,law-full-12-01-002
经济法,经济监管与涉外,12,涉外经济法律制度,第一节 涉外投资法律制度,外商投资安全审查,LAW-00298,逐节扩充题,566—578,575—587,2026年注册会计师全国统一考试辅导教材《经济法》,,law-full-12-01-003
经济法,经济监管与涉外,12,涉外经济法律制度,第一节 涉外投资法律制度,境外投资管理,LAW-00299,逐节扩充题,566—578,575—587,2026年注册会计师全国统一考试辅导教材《经济法》,,law-full-12-01-004
经济法,经济监管与涉外,12,涉外经济法律制度,第二节 对外贸易法律制度,对外贸易经营,LAW-00300,逐节扩充题,579—590,588—599,2026年注册会计师全国统一考试辅导教材《经济法》,,law-full-12-02-001
经济法,经济监管与涉外,12,涉外经济法律制度,第二节 对外贸易法律制度,反倾销、反补贴与保障措施,LAW-00301,逐节扩充题,579—590,588—599,2026年注册会计师全国统一考试辅导教材《经济法》,,law-full-12-02-002
经济法,经济监管与涉外,12,涉外经济法律制度,第二节 对外贸易法律制度,服务贸易与技术贸易,LAW-00302,逐节扩充题,579—590,588—599,2026年注册会计师全国统一考试辅导教材《经济法》,,law-full-12-02-003
经济法,经济监管与涉外,12,涉外经济法律制度,第三节 外汇管理法律制度,经常项目与资本项目,LAW-00303,逐节扩充题,591—600,600—609,2026年注册会计师全国统一考试辅导教材《经济法》,,law-full-12-03-001
经济法,经济监管与涉外,12,涉外经济法律制度,第三节 外汇管理法律制度,外汇真实性审核,LAW-00304,逐节扩充题,591—600,600—609,2026年注册会计师全国统一考试辅导教材《经济法》,,law-full-12-03-002
经济法,经济监管与涉外,12,涉外经济法律制度,第三节 外汇管理法律制度,外债与境外担保,LAW-00305,逐节扩充题,591—600,600—609,2026年注册会计师全国统一考试辅导教材《经济法》,,law-full-12-03-003
财务成本管理,财务与估值基础,1,财务管理概述,第一节 财务管理的主要内容,财务管理内容,FIN-00001,原有起步题,1—3,10—12,2026年注册会计师全国统一考试辅导教材《财务成本管理》,,finance-01-01
财务成本管理,财务与估值基础,1,财务管理概述,第一节 财务管理的主要内容,长期筹资,FIN-00002,原有起步题,1—3,10—12,2026年注册会计师全国统一考试辅导教材《财务成本管理》,,finance-01-02
财务成本管理,财务与估值基础,1,财务管理概述,第一节 财务管理的主要内容,长期资本,FIN-00003,原有起步题,1—3,10—12,2026年注册会计师全国统一考试辅导教材《财务成本管理》,,finance-01-03
财务成本管理,财务与估值基础,1,财务管理概述,第一节 财务管理的主要内容,投资与筹资,FIN-00004,原有起步题,1—3,10—12,2026年注册会计师全国统一考试辅导教材《财务成本管理》,,finance-01-04
财务成本管理,财务与估值基础,1,财务管理概述,第一节 财务管理的主要内容,长期投资与经营资产,FIN-00005,逐节扩充题,1—3,10—12,2026年注册会计师全国统一考试辅导教材《财务成本管理》,,finance-full-01-01-001
财务成本管理,财务与估值基础,1,财务管理概述,第一节 财务管理的主要内容,长期筹资与资本结构,FIN-00006,逐节扩充题,1—3,10—12,2026年注册会计师全国统一考试辅导教材《财务成本管理》,,finance-full-01-01-002
财务成本管理,财务与估值基础,1,财务管理概述,第一节 财务管理的主要内容,营运资本的含义,FIN-00007,逐节扩充题,1—3,10—12,2026年注册会计师全国统一考试辅导教材《财务成本管理》,,finance-full-01-01-003
财务成本管理,财务与估值基础,1,财务管理概述,第二节 财务管理的目标与利益相关者的要求,利润最大化的局限,FIN-00008,逐节扩充题,4—8,13—17,2026年注册会计师全国统一考试辅导教材《财务成本管理》,,finance-full-01-02-001
财务成本管理,财务与估值基础,1,财务管理概述,第二节 财务管理的目标与利益相关者的要求,每股收益目标,FIN-00009,逐节扩充题,4—8,13—17,2026年注册会计师全国统一考试辅导教材《财务成本管理》,,finance-full-01-02-002
财务成本管理,财务与估值基础,1,财务管理概述,第二节 财务管理的目标与利益相关者的要求,股东财富与股价,FIN-00010,逐节扩充题,4—8,13—17,2026年注册会计师全国统一考试辅导教材《财务成本管理》,,finance-full-01-02-003
财务成本管理,财务与估值基础,1,财务管理概述,第二节 财务管理的目标与利益相关者的要求,股东与债权人冲突,FIN-00011,逐节扩充题,4—8,13—17,2026年注册会计师全国统一考试辅导教材《财务成本管理》,,finance-full-01-02-004
财务成本管理,财务与估值基础,1,财务管理概述,第二节 财务管理的目标与利益相关者的要求,股东与经营者冲突,FIN-00012,逐节扩充题,4—8,13—17,2026年注册会计师全国统一考试辅导教材《财务成本管理》,,finance-full-01-02-005
财务成本管理,财务与估值基础,1,财务管理概述,第二节 财务管理的目标与利益相关者的要求,可持续发展与ESG,FIN-00013,逐节扩充题,4—8,13—17,2026年注册会计师全国统一考试辅导教材《财务成本管理》,,finance-full-01-02-006
财务成本管理,财务与估值基础,1,财务管理概述,第三节 财务管理的基础概念和基本理论,时间价值与风险价值,FIN-00014,逐节扩充题,9—11,18—20,2026年注册会计师全国统一考试辅导教材《财务成本管理》,,finance-full-01-03-001
财务成本管理,财务与估值基础,1,财务管理概述,第三节 财务管理的基础概念和基本理论,资本成本理论,FIN-00015,逐节扩充题,9—11,18—20,2026年注册会计师全国统一考试辅导教材《财务成本管理》,,finance-full-01-03-002
财务成本管理,财务与估值基础,1,财务管理概述,第三节 财务管理的基础概念和基本理论,投资组合思想,FIN-00016,逐节扩充题,9—11,18—20,2026年注册会计师全国统一考试辅导教材《财务成本管理》,,finance-full-01-03-003
财务成本管理,财务与估值基础,1,财务管理概述,第四节 金融工具与金融市场,金融工具分类,FIN-00017,逐节扩充题,12—24,21—33,2026年注册会计师全国统一考试辅导教材《财务成本管理》,,finance-full-01-04-001
财务成本管理,财务与估值基础,1,财务管理概述,第四节 金融工具与金融市场,货币市场与资本市场,FIN-00018,逐节扩充题,12—24,21—33,2026年注册会计师全国统一考试辅导教材《财务成本管理》,,finance-full-01-04-002
财务成本管理,财务与估值基础,1,财务管理概述,第四节 金融工具与金融市场,一级与二级市场,FIN-00019,逐节扩充题,12—24,21—33,2026年注册会计师全国统一考试辅导教材《财务成本管理》,,finance-full-01-04-003
财务成本管理,财务与估值基础,1,财务管理概述,第四节 金融工具与金融市场,场内与场外市场,FIN-00020,逐节扩充题,12—24,21—33,2026年注册会计师全国统一考试辅导教材《财务成本管理》,,finance-full-01-04-004
财务成本管理,财务与估值基础,1,财务管理概述,第四节 金融工具与金融市场,金融市场功能,FIN-00021,逐节扩充题,12—24,21—33,2026年注册会计师全国统一考试辅导教材《财务成本管理》,,finance-full-01-04-005
财务成本管理,财务与估值基础,1,财务管理概述,第四节 金融工具与金融市场,有效市场层次,FIN-00022,逐节扩充题,12—24,21—33,2026年注册会计师全国统一考试辅导教材《财务成本管理》,,finance-full-01-04-006
财务成本管理,财务与估值基础,1,财务管理概述,第四节 金融工具与金融市场,市场效率与主动投资,FIN-00023,逐节扩充题,12—24,21—33,2026年注册会计师全国统一考试辅导教材《财务成本管理》,,finance-full-01-04-007
财务成本管理,财务与估值基础,1,财务管理概述,第四节 金融工具与金融市场,金融中介与直接融资,FIN-00024,逐节扩充题,12—24,21—33,2026年注册会计师全国统一考试辅导教材《财务成本管理》,,finance-full-01-04-008
财务成本管理,财务与估值基础,1,财务管理概述,第五节 跨国财务管理,外汇风险分类,FIN-00025,逐节扩充题,25—30,34—39,2026年注册会计师全国统一考试辅导教材《财务成本管理》,,finance-full-01-05-001
财务成本管理,财务与估值基础,1,财务管理概述,第五节 跨国财务管理,外汇套期保值,FIN-00026,逐节扩充题,25—30,34—39,2026年注册会计师全国统一考试辅导教材《财务成本管理》,,finance-full-01-05-002
财务成本管理,财务与估值基础,1,财务管理概述,第五节 跨国财务管理,跨国资金来源,FIN-00027,逐节扩充题,25—30,34—39,2026年注册会计师全国统一考试辅导教材《财务成本管理》,,finance-full-01-05-003
财务成本管理,财务与估值基础,1,财务管理概述,第五节 跨国财务管理,外国债券与欧洲债券,FIN-00028,逐节扩充题,25—30,34—39,2026年注册会计师全国统一考试辅导教材《财务成本管理》,,finance-full-01-05-004
财务成本管理,财务与估值基础,1,财务管理概述,第五节 跨国财务管理,跨国资本预算,FIN-00029,逐节扩充题,25—30,34—39,2026年注册会计师全国统一考试辅导教材《财务成本管理》,,finance-full-01-05-005
财务成本管理,财务与估值基础,1,财务管理概述,第六节 信息技术与财务管理,信息技术与财务决策,FIN-00030,逐节扩充题,31—32,40—41,2026年注册会计师全国统一考试辅导教材《财务成本管理》,,finance-full-01-06-001
财务成本管理,财务与估值基础,1,财务管理概述,第六节 信息技术与财务管理,信息技术的应用领域,FIN-00031,逐节扩充题,31—32,40—41,2026年注册会计师全国统一考试辅导教材《财务成本管理》,,finance-full-01-06-002
财务成本管理,财务与估值基础,2,财务报表分析和财务预测,第一节 财务报表分析的框架与方法,趋势分析,FIN-00032,原有起步题,33—35,42—44,2026年注册会计师全国统一考试辅导教材《财务成本管理》,,finance-02-01
财务成本管理,财务与估值基础,2,财务报表分析和财务预测,第一节 财务报表分析的框架与方法,横向分析,FIN-00033,原有起步题,33—35,42—44,2026年注册会计师全国统一考试辅导教材《财务成本管理》,,finance-02-02
财务成本管理,财务与估值基础,2,财务报表分析和财务预测,第一节 财务报表分析的框架与方法,分析框架,FIN-00034,原有起步题,33—35,42—44,2026年注册会计师全国统一考试辅导教材《财务成本管理》,,finance-02-03
财务成本管理,财务与估值基础,2,财务报表分析和财务预测,第一节 财务报表分析的框架与方法,预算差异,FIN-00035,原有起步题,33—35,42—44,2026年注册会计师全国统一考试辅导教材《财务成本管理》,,finance-02-04
财务成本管理,财务与估值基础,2,财务报表分析和财务预测,第一节 财务报表分析的框架与方法,比较分析与因素分析,FIN-00036,逐节扩充题,33—37,42—46,2026年注册会计师全国统一考试辅导教材《财务成本管理》,,finance-full-02-01-001
财务成本管理,财务与估值基础,2,财务报表分析和财务预测,第一节 财务报表分析的框架与方法,连环替代法,FIN-00037,逐节扩充题,33—37,42—46,2026年注册会计师全国统一考试辅导教材《财务成本管理》,,finance-full-02-01-002
财务成本管理,财务与估值基础,2,财务报表分析和财务预测,第一节 财务报表分析的框架与方法,财务报表分析局限,FIN-00038,逐节扩充题,33—37,42—46,2026年注册会计师全国统一考试辅导教材《财务成本管理》,,finance-full-02-01-003
财务成本管理,财务与估值基础,2,财务报表分析和财务预测,第二节 财务比率分析,流动比率,FIN-00039,逐节扩充题,38—67,47—76,2026年注册会计师全国统一考试辅导教材《财务成本管理》,,finance-full-02-02-001
财务成本管理,财务与估值基础,2,财务报表分析和财务预测,第二节 财务比率分析,速动比率,FIN-00040,逐节扩充题,38—67,47—76,2026年注册会计师全国统一考试辅导教材《财务成本管理》,,finance-full-02-02-002
财务成本管理,财务与估值基础,2,财务报表分析和财务预测,第二节 财务比率分析,现金比率,FIN-00041,逐节扩充题,38—67,47—76,2026年注册会计师全国统一考试辅导教材《财务成本管理》,,finance-full-02-02-003
财务成本管理,财务与估值基础,2,财务报表分析和财务预测,第二节 财务比率分析,资产负债率,FIN-00042,逐节扩充题,38—67,47—76,2026年注册会计师全国统一考试辅导教材《财务成本管理》,,finance-full-02-02-004
财务成本管理,财务与估值基础,2,财务报表分析和财务预测,第二节 财务比率分析,产权比率与权益乘数,FIN-00043,逐节扩充题,38—67,47—76,2026年注册会计师全国统一考试辅导教材《财务成本管理》,,finance-full-02-02-005
财务成本管理,财务与估值基础,2,财务报表分析和财务预测,第二节 财务比率分析,利息保障倍数,FIN-00044,逐节扩充题,38—67,47—76,2026年注册会计师全国统一考试辅导教材《财务成本管理》,,finance-full-02-02-006
财务成本管理,财务与估值基础,2,财务报表分析和财务预测,第二节 财务比率分析,应收账款周转率,FIN-00045,逐节扩充题,38—67,47—76,2026年注册会计师全国统一考试辅导教材《财务成本管理》,,finance-full-02-02-007
财务成本管理,财务与估值基础,2,财务报表分析和财务预测,第二节 财务比率分析,存货周转率,FIN-00046,逐节扩充题,38—67,47—76,2026年注册会计师全国统一考试辅导教材《财务成本管理》,,finance-full-02-02-008
财务成本管理,财务与估值基础,2,财务报表分析和财务预测,第二节 财务比率分析,总资产周转率,FIN-00047,逐节扩充题,38—67,47—76,2026年注册会计师全国统一考试辅导教材《财务成本管理》,,finance-full-02-02-009
财务成本管理,财务与估值基础,2,财务报表分析和财务预测,第二节 财务比率分析,盈利能力比率,FIN-00048,逐节扩充题,38—67,47—76,2026年注册会计师全国统一考试辅导教材《财务成本管理》,,finance-full-02-02-010
财务成本管理,财务与估值基础,2,财务报表分析和财务预测,第二节 财务比率分析,市盈率、市净率、市销率,FIN-00049,逐节扩充题,38—67,47—76,2026年注册会计师全国统一考试辅导教材《财务成本管理》,,finance-full-02-02-011
财务成本管理,财务与估值基础,2,财务报表分析和财务预测,第二节 财务比率分析,杜邦分解,FIN-00050,逐节扩充题,38—67,47—76,2026年注册会计师全国统一考试辅导教材《财务成本管理》,,finance-full-02-02-012
财务成本管理,财务与估值基础,2,财务报表分析和财务预测,第二节 财务比率分析,经营与金融项目,FIN-00051,逐节扩充题,38—67,47—76,2026年注册会计师全国统一考试辅导教材《财务成本管理》,,finance-full-02-02-013
财务成本管理,财务与估值基础,2,财务报表分析和财务预测,第二节 财务比率分析,实体现金流量,FIN-00052,逐节扩充题,38—67,47—76,2026年注册会计师全国统一考试辅导教材《财务成本管理》,,finance-full-02-02-014
财务成本管理,财务与估值基础,2,财务报表分析和财务预测,第二节 财务比率分析,管理用权益净利率,FIN-00053,逐节扩充题,38—67,47—76,2026年注册会计师全国统一考试辅导教材《财务成本管理》,,finance-full-02-02-015
财务成本管理,财务与估值基础,2,财务报表分析和财务预测,第三节 财务预测的意义、步骤和方法,销售百分比法,FIN-00054,逐节扩充题,68—71,77—80,2026年注册会计师全国统一考试辅导教材《财务成本管理》,,finance-full-02-03-001
财务成本管理,财务与估值基础,2,财务报表分析和财务预测,第三节 财务预测的意义、步骤和方法,外部融资需求,FIN-00055,逐节扩充题,68—71,77—80,2026年注册会计师全国统一考试辅导教材《财务成本管理》,,finance-full-02-03-002
财务成本管理,财务与估值基础,2,财务报表分析和财务预测,第三节 财务预测的意义、步骤和方法,财务预测步骤,FIN-00056,逐节扩充题,68—71,77—80,2026年注册会计师全国统一考试辅导教材《财务成本管理》,,finance-full-02-03-003
财务成本管理,财务与估值基础,2,财务报表分析和财务预测,第四节 增长率与资本需求的测算,内含增长率,FIN-00057,逐节扩充题,72—79,81—88,2026年注册会计师全国统一考试辅导教材《财务成本管理》,,finance-full-02-04-001
财务成本管理,财务与估值基础,2,财务报表分析和财务预测,第四节 增长率与资本需求的测算,可持续增长率,FIN-00058,逐节扩充题,72—79,81—88,2026年注册会计师全国统一考试辅导教材《财务成本管理》,,finance-full-02-04-002
财务成本管理,财务与估值基础,2,财务报表分析和财务预测,第四节 增长率与资本需求的测算,增长与现金短缺,FIN-00059,逐节扩充题,72—79,81—88,2026年注册会计师全国统一考试辅导教材《财务成本管理》,,finance-full-02-04-003
财务成本管理,财务与估值基础,3,价值评估基础,第一节 利率,利率计算,FIN-00060,原有起步题,80—82,89—91,2026年注册会计师全国统一考试辅导教材《财务成本管理》,,finance-03-01
财务成本管理,财务与估值基础,3,价值评估基础,第一节 利率,基准利率,FIN-00061,原有起步题,80—82,89—91,2026年注册会计师全国统一考试辅导教材《财务成本管理》,,finance-03-02
财务成本管理,财务与估值基础,3,价值评估基础,第一节 利率,利率影响因素,FIN-00062,原有起步题,80—82,89—91,2026年注册会计师全国统一考试辅导教材《财务成本管理》,,finance-03-03
财务成本管理,财务与估值基础,3,价值评估基础,第一节 利率,单期利息,FIN-00063,原有起步题,80—82,89—91,2026年注册会计师全国统一考试辅导教材《财务成本管理》,,finance-03-04
财务成本管理,财务与估值基础,3,价值评估基础,第一节 利率,名义利率构成,FIN-00064,逐节扩充题,80—82,89—91,2026年注册会计师全国统一考试辅导教材《财务成本管理》,,finance-full-03-01-001
财务成本管理,财务与估值基础,3,价值评估基础,第一节 利率,利率期限结构,FIN-00065,逐节扩充题,80—82,89—91,2026年注册会计师全国统一考试辅导教材《财务成本管理》,,finance-full-03-01-002
财务成本管理,财务与估值基础,3,价值评估基础,第一节 利率,基准利率,FIN-00066,逐节扩充题,80—82,89—91,2026年注册会计师全国统一考试辅导教材《财务成本管理》,,finance-full-03-01-003
财务成本管理,财务与估值基础,3,价值评估基础,第二节 货币时间价值,复利终值,FIN-00067,逐节扩充题,83—90,92—99,2026年注册会计师全国统一考试辅导教材《财务成本管理》,,finance-full-03-02-001
财务成本管理,财务与估值基础,3,价值评估基础,第二节 货币时间价值,复利现值,FIN-00068,逐节扩充题,83—90,92—99,2026年注册会计师全国统一考试辅导教材《财务成本管理》,,finance-full-03-02-002
财务成本管理,财务与估值基础,3,价值评估基础,第二节 货币时间价值,普通年金,FIN-00069,逐节扩充题,83—90,92—99,2026年注册会计师全国统一考试辅导教材《财务成本管理》,,finance-full-03-02-003
财务成本管理,财务与估值基础,3,价值评估基础,第二节 货币时间价值,预付年金,FIN-00070,逐节扩充题,83—90,92—99,2026年注册会计师全国统一考试辅导教材《财务成本管理》,,finance-full-03-02-004
财务成本管理,财务与估值基础,3,价值评估基础,第二节 货币时间价值,永续年金,FIN-00071,逐节扩充题,83—90,92—99,2026年注册会计师全国统一考试辅导教材《财务成本管理》,,finance-full-03-02-005
财务成本管理,财务与估值基础,3,价值评估基础,第二节 货币时间价值,递延年金,FIN-00072,逐节扩充题,83—90,92—99,2026年注册会计师全国统一考试辅导教材《财务成本管理》,,finance-full-03-02-006
财务成本管理,财务与估值基础,3,价值评估基础,第二节 货币时间价值,名义与有效年利率,FIN-00073,逐节扩充题,83—90,92—99,2026年注册会计师全国统一考试辅导教材《财务成本管理》,,finance-full-03-02-007
财务成本管理,财务与估值基础,3,价值评估基础,第二节 货币时间价值,报价利率与通胀,FIN-00074,逐节扩充题,83—90,92—99,2026年注册会计师全国统一考试辅导教材《财务成本管理》,,finance-full-03-02-008
财务成本管理,财务与估值基础,3,价值评估基础,第三节 风险与报酬,期望报酬率,FIN-00075,逐节扩充题,91—109,100—118,2026年注册会计师全国统一考试辅导教材《财务成本管理》,,finance-full-03-03-001
财务成本管理,财务与估值基础,3,价值评估基础,第三节 风险与报酬,标准差与变异系数,FIN-00076,逐节扩充题,91—109,100—118,2026年注册会计师全国统一考试辅导教材《财务成本管理》,,finance-full-03-03-002
财务成本管理,财务与估值基础,3,价值评估基础,第三节 风险与报酬,投资组合报酬,FIN-00077,逐节扩充题,91—109,100—118,2026年注册会计师全国统一考试辅导教材《财务成本管理》,,finance-full-03-03-003
财务成本管理,财务与估值基础,3,价值评估基础,第三节 风险与报酬,相关性与分散风险,FIN-00078,逐节扩充题,91—109,100—118,2026年注册会计师全国统一考试辅导教材《财务成本管理》,,finance-full-03-03-004
财务成本管理,财务与估值基础,3,价值评估基础,第三节 风险与报酬,系统与非系统风险,FIN-00079,逐节扩充题,91—109,100—118,2026年注册会计师全国统一考试辅导教材《财务成本管理》,,finance-full-03-03-005
财务成本管理,财务与估值基础,3,价值评估基础,第三节 风险与报酬,贝塔系数,FIN-00080,逐节扩充题,91—109,100—118,2026年注册会计师全国统一考试辅导教材《财务成本管理》,,finance-full-03-03-006
财务成本管理,财务与估值基础,3,价值评估基础,第三节 风险与报酬,资本资产定价模型,FIN-00081,逐节扩充题,91—109,100—118,2026年注册会计师全国统一考试辅导教材《财务成本管理》,,finance-full-03-03-007
财务成本管理,财务与估值基础,3,价值评估基础,第三节 风险与报酬,证券市场线,FIN-00082,逐节扩充题,91—109,100—118,2026年注册会计师全国统一考试辅导教材《财务成本管理》,,finance-full-03-03-008
财务成本管理,财务与估值基础,3,价值评估基础,第四节 债券、股票价值评估,债券估值,FIN-00083,逐节扩充题,110—123,119—132,2026年注册会计师全国统一考试辅导教材《财务成本管理》,,finance-full-03-04-001
财务成本管理,财务与估值基础,3,价值评估基础,第四节 债券、股票价值评估,利率与债券价值,FIN-00084,逐节扩充题,110—123,119—132,2026年注册会计师全国统一考试辅导教材《财务成本管理》,,finance-full-03-04-002
财务成本管理,财务与估值基础,3,价值评估基础,第四节 债券、股票价值评估,债券溢价与折价,FIN-00085,逐节扩充题,110—123,119—132,2026年注册会计师全国统一考试辅导教材《财务成本管理》,,finance-full-03-04-003
财务成本管理,财务与估值基础,3,价值评估基础,第四节 债券、股票价值评估,股票零增长模型,FIN-00086,逐节扩充题,110—123,119—132,2026年注册会计师全国统一考试辅导教材《财务成本管理》,,finance-full-03-04-004
财务成本管理,财务与估值基础,3,价值评估基础,第四节 债券、股票价值评估,股票固定增长模型,FIN-00087,逐节扩充题,110—123,119—132,2026年注册会计师全国统一考试辅导教材《财务成本管理》,,finance-full-03-04-005
财务成本管理,财务与估值基础,3,价值评估基础,第四节 债券、股票价值评估,优先股估值,FIN-00088,逐节扩充题,110—123,119—132,2026年注册会计师全国统一考试辅导教材《财务成本管理》,,finance-full-03-04-006
财务成本管理,财务与估值基础,3,价值评估基础,第四节 债券、股票价值评估,多阶段股票估值,FIN-00089,逐节扩充题,110—123,119—132,2026年注册会计师全国统一考试辅导教材《财务成本管理》,,finance-full-03-04-007
财务成本管理,财务与估值基础,4,资本成本,第一节 资本成本的概念、应用和影响因素,资本成本概念,FIN-00090,原有起步题,124—126,133—135,2026年注册会计师全国统一考试辅导教材《财务成本管理》,,finance-04-01
财务成本管理,财务与估值基础,4,资本成本,第一节 资本成本的概念、应用和影响因素,必要报酬率,FIN-00091,原有起步题,124—126,133—135,2026年注册会计师全国统一考试辅导教材《财务成本管理》,,finance-04-02
财务成本管理,财务与估值基础,4,资本成本,第一节 资本成本的概念、应用和影响因素,资本成本应用,FIN-00092,原有起步题,124—126,133—135,2026年注册会计师全国统一考试辅导教材《财务成本管理》,,finance-04-03
财务成本管理,财务与估值基础,4,资本成本,第一节 资本成本的概念、应用和影响因素,等风险机会成本,FIN-00093,原有起步题,124—126,133—135,2026年注册会计师全国统一考试辅导教材《财务成本管理》,,finance-04-04
财务成本管理,财务与估值基础,4,资本成本,第一节 资本成本的概念、应用和影响因素,公司与项目资本成本,FIN-00094,逐节扩充题,124—127,133—136,2026年注册会计师全国统一考试辅导教材《财务成本管理》,,finance-full-04-01-001
财务成本管理,财务与估值基础,4,资本成本,第一节 资本成本的概念、应用和影响因素,资本成本用途,FIN-00095,逐节扩充题,124—127,133—136,2026年注册会计师全国统一考试辅导教材《财务成本管理》,,finance-full-04-01-002
财务成本管理,财务与估值基础,4,资本成本,第一节 资本成本的概念、应用和影响因素,资本成本影响因素,FIN-00096,逐节扩充题,124—127,133—136,2026年注册会计师全国统一考试辅导教材《财务成本管理》,,finance-full-04-01-003
财务成本管理,财务与估值基础,4,资本成本,第二节 债务资本成本的估计,税前与税后债务成本,FIN-00097,逐节扩充题,128—131,137—140,2026年注册会计师全国统一考试辅导教材《财务成本管理》,,finance-full-04-02-001
财务成本管理,财务与估值基础,4,资本成本,第二节 债务资本成本的估计,历史利率与新增筹资,FIN-00098,逐节扩充题,128—131,137—140,2026年注册会计师全国统一考试辅导教材《财务成本管理》,,finance-full-04-02-002
财务成本管理,财务与估值基础,4,资本成本,第二节 债务资本成本的估计,债务成本估计方法,FIN-00099,逐节扩充题,128—131,137—140,2026年注册会计师全国统一考试辅导教材《财务成本管理》,,finance-full-04-02-003
财务成本管理,财务与估值基础,4,资本成本,第三节 普通股资本成本的估计,权益资本成本方法,FIN-00100,逐节扩充题,132—139,141—148,2026年注册会计师全国统一考试辅导教材《财务成本管理》,,finance-full-04-03-001
财务成本管理,财务与估值基础,4,资本成本,第三节 普通股资本成本的估计,股利增长法筹资成本,FIN-00101,逐节扩充题,132—139,141—148,2026年注册会计师全国统一考试辅导教材《财务成本管理》,,finance-full-04-03-002
财务成本管理,财务与估值基础,4,资本成本,第三节 普通股资本成本的估计,发行费用,FIN-00102,逐节扩充题,132—139,141—148,2026年注册会计师全国统一考试辅导教材《财务成本管理》,,finance-full-04-03-003
财务成本管理,财务与估值基础,4,资本成本,第三节 普通股资本成本的估计,无风险利率与贝塔估计,FIN-00103,逐节扩充题,132—139,141—148,2026年注册会计师全国统一考试辅导教材《财务成本管理》,,finance-full-04-03-004
财务成本管理,财务与估值基础,4,资本成本,第四节 混合筹资资本成本的估计,优先股资本成本,FIN-00104,逐节扩充题,140—141,149—150,2026年注册会计师全国统一考试辅导教材《财务成本管理》,,finance-full-04-04-001
财务成本管理,财务与估值基础,4,资本成本,第四节 混合筹资资本成本的估计,永续债资本成本,FIN-00105,逐节扩充题,140—141,149—150,2026年注册会计师全国统一考试辅导教材《财务成本管理》,,finance-full-04-04-002
财务成本管理,财务与估值基础,4,资本成本,第五节 加权平均资本成本的计算,加权平均资本成本,FIN-00106,逐节扩充题,142—143,151—152,2026年注册会计师全国统一考试辅导教材《财务成本管理》,,finance-full-04-05-001
财务成本管理,财务与估值基础,4,资本成本,第五节 加权平均资本成本的计算,资本权重选择,FIN-00107,逐节扩充题,142—143,151—152,2026年注册会计师全国统一考试辅导教材《财务成本管理》,,finance-full-04-05-002
财务成本管理,投资与价值评估,5,投资项目资本预算,第一节 投资项目的类型和评价程序,独立项目,FIN-00108,原有起步题,144—146,153—155,2026年注册会计师全国统一考试辅导教材《财务成本管理》,,finance-05-01
财务成本管理,投资与价值评估,5,投资项目资本预算,第一节 投资项目的类型和评价程序,互斥项目,FIN-00109,原有起步题,144—146,153—155,2026年注册会计师全国统一考试辅导教材《财务成本管理》,,finance-05-02
财务成本管理,投资与价值评估,5,投资项目资本预算,第一节 投资项目的类型和评价程序,项目评价程序,FIN-00110,原有起步题,144—146,153—155,2026年注册会计师全国统一考试辅导教材《财务成本管理》,,finance-05-03
财务成本管理,投资与价值评估,5,投资项目资本预算,第一节 投资项目的类型和评价程序,净现值,FIN-00111,原有起步题,145,154,2026年注册会计师全国统一考试辅导教材《财务成本管理》,,finance-05-04
财务成本管理,投资与价值评估,5,投资项目资本预算,第一节 投资项目的类型和评价程序,独立与互斥项目,FIN-00112,逐节扩充题,144,153,2026年注册会计师全国统一考试辅导教材《财务成本管理》,,finance-full-05-01-001
财务成本管理,投资与价值评估,5,投资项目资本预算,第一节 投资项目的类型和评价程序,资本预算程序,FIN-00113,逐节扩充题,144,153,2026年注册会计师全国统一考试辅导教材《财务成本管理》,,finance-full-05-01-002
财务成本管理,投资与价值评估,5,投资项目资本预算,第二节 投资项目的评价方法,净现值决策,FIN-00114,逐节扩充题,145—154,154—163,2026年注册会计师全国统一考试辅导教材《财务成本管理》,,finance-full-05-02-001
财务成本管理,投资与价值评估,5,投资项目资本预算,第二节 投资项目的评价方法,现值指数,FIN-00115,逐节扩充题,145—154,154—163,2026年注册会计师全国统一考试辅导教材《财务成本管理》,,finance-full-05-02-002
财务成本管理,投资与价值评估,5,投资项目资本预算,第二节 投资项目的评价方法,内含报酬率,FIN-00116,逐节扩充题,145—154,154—163,2026年注册会计师全国统一考试辅导教材《财务成本管理》,,finance-full-05-02-003
财务成本管理,投资与价值评估,5,投资项目资本预算,第二节 投资项目的评价方法,回收期局限,FIN-00117,逐节扩充题,145—154,154—163,2026年注册会计师全国统一考试辅导教材《财务成本管理》,,finance-full-05-02-004
财务成本管理,投资与价值评估,5,投资项目资本预算,第二节 投资项目的评价方法,互斥项目评价,FIN-00118,逐节扩充题,145—154,154—163,2026年注册会计师全国统一考试辅导教材《财务成本管理》,,finance-full-05-02-005
财务成本管理,投资与价值评估,5,投资项目资本预算,第二节 投资项目的评价方法,不同寿命项目,FIN-00119,逐节扩充题,145—154,154—163,2026年注册会计师全国统一考试辅导教材《财务成本管理》,,finance-full-05-02-006
财务成本管理,投资与价值评估,5,投资项目资本预算,第二节 投资项目的评价方法,资本限额,FIN-00120,逐节扩充题,145—154,154—163,2026年注册会计师全国统一考试辅导教材《财务成本管理》,,finance-full-05-02-007
财务成本管理,投资与价值评估,5,投资项目资本预算,第三节 投资项目现金流量的估计,增量现金流,FIN-00121,逐节扩充题,155—166,164—175,2026年注册会计师全国统一考试辅导教材《财务成本管理》,,finance-full-05-03-001
财务成本管理,投资与价值评估,5,投资项目资本预算,第三节 投资项目现金流量的估计,沉没成本与机会成本,FIN-00122,逐节扩充题,155—166,164—175,2026年注册会计师全国统一考试辅导教材《财务成本管理》,,finance-full-05-03-002
财务成本管理,投资与价值评估,5,投资项目资本预算,第三节 投资项目现金流量的估计,营运资本投资,FIN-00123,逐节扩充题,155—166,164—175,2026年注册会计师全国统一考试辅导教材《财务成本管理》,,finance-full-05-03-003
财务成本管理,投资与价值评估,5,投资项目资本预算,第三节 投资项目现金流量的估计,折旧抵税,FIN-00124,逐节扩充题,155—166,164—175,2026年注册会计师全国统一考试辅导教材《财务成本管理》,,finance-full-05-03-004
财务成本管理,投资与价值评估,5,投资项目资本预算,第三节 投资项目现金流量的估计,营业现金流,FIN-00125,逐节扩充题,155—166,164—175,2026年注册会计师全国统一考试辅导教材《财务成本管理》,,finance-full-05-03-005
财务成本管理,投资与价值评估,5,投资项目资本预算,第三节 投资项目现金流量的估计,终结现金流,FIN-00126,逐节扩充题,155—166,164—175,2026年注册会计师全国统一考试辅导教材《财务成本管理》,,finance-full-05-03-006
财务成本管理,投资与价值评估,5,投资项目资本预算,第三节 投资项目现金流量的估计,通胀与现金流,FIN-00127,逐节扩充题,155—166,164—175,2026年注册会计师全国统一考试辅导教材《财务成本管理》,,finance-full-05-03-007
财务成本管理,投资与价值评估,5,投资项目资本预算,第四节 投资项目折现率的估计,项目折现率适用条件,FIN-00128,逐节扩充题,167—168,176—177,2026年注册会计师全国统一考试辅导教材《财务成本管理》,,finance-full-05-04-001
财务成本管理,投资与价值评估,5,投资项目资本预算,第四节 投资项目折现率的估计,可比公司贝塔,FIN-00129,逐节扩充题,167—168,176—177,2026年注册会计师全国统一考试辅导教材《财务成本管理》,,finance-full-05-04-002
财务成本管理,投资与价值评估,5,投资项目资本预算,第五节 投资项目的敏感分析,敏感性分析,FIN-00130,逐节扩充题,169—173,178—182,2026年注册会计师全国统一考试辅导教材《财务成本管理》,,finance-full-05-05-001
财务成本管理,投资与价值评估,5,投资项目资本预算,第五节 投资项目的敏感分析,敏感性与概率,FIN-00131,逐节扩充题,169—173,178—182,2026年注册会计师全国统一考试辅导教材《财务成本管理》,,finance-full-05-05-002
财务成本管理,投资与价值评估,6,期权价值评估,第一节 衍生工具概述,衍生工具,FIN-00132,原有起步题,174—176,183—185,2026年注册会计师全国统一考试辅导教材《财务成本管理》,,finance-06-01
财务成本管理,投资与价值评估,6,期权价值评估,第一节 衍生工具概述,期货合约,FIN-00133,原有起步题,174—176,183—185,2026年注册会计师全国统一考试辅导教材《财务成本管理》,,finance-06-02
财务成本管理,投资与价值评估,6,期权价值评估,第一节 衍生工具概述,衍生工具类型,FIN-00134,原有起步题,174—176,183—185,2026年注册会计师全国统一考试辅导教材《财务成本管理》,,finance-06-03
财务成本管理,投资与价值评估,6,期权价值评估,第一节 衍生工具概述,远期合同,FIN-00135,原有起步题,174—176,183—185,2026年注册会计师全国统一考试辅导教材《财务成本管理》,,finance-06-04
财务成本管理,投资与价值评估,6,期权价值评估,第一节 衍生工具概述,衍生工具种类,FIN-00136,逐节扩充题,174—176,183—185,2026年注册会计师全国统一考试辅导教材《财务成本管理》,,finance-full-06-01-001
财务成本管理,投资与价值评估,6,期权价值评估,第一节 衍生工具概述,远期与期货,FIN-00137,逐节扩充题,174—176,183—185,2026年注册会计师全国统一考试辅导教材《财务成本管理》,,finance-full-06-01-002
财务成本管理,投资与价值评估,6,期权价值评估,第一节 衍生工具概述,套期保值、投机与套利,FIN-00138,逐节扩充题,174—176,183—185,2026年注册会计师全国统一考试辅导教材《财务成本管理》,,finance-full-06-01-003
财务成本管理,投资与价值评估,6,期权价值评估,第二节 期权的概念、类型和投资策略,期权权利义务,FIN-00139,逐节扩充题,177—187,186—196,2026年注册会计师全国统一考试辅导教材《财务成本管理》,,finance-full-06-02-001
财务成本管理,投资与价值评估,6,期权价值评估,第二节 期权的概念、类型和投资策略,看涨与看跌期权,FIN-00140,逐节扩充题,177—187,186—196,2026年注册会计师全国统一考试辅导教材《财务成本管理》,,finance-full-06-02-002
财务成本管理,投资与价值评估,6,期权价值评估,第二节 期权的概念、类型和投资策略,欧式与美式期权,FIN-00141,逐节扩充题,177—187,186—196,2026年注册会计师全国统一考试辅导教材《财务成本管理》,,finance-full-06-02-003
财务成本管理,投资与价值评估,6,期权价值评估,第二节 期权的概念、类型和投资策略,看涨期权到期价值,FIN-00142,逐节扩充题,177—187,186—196,2026年注册会计师全国统一考试辅导教材《财务成本管理》,,finance-full-06-02-004
财务成本管理,投资与价值评估,6,期权价值评估,第二节 期权的概念、类型和投资策略,看跌期权到期价值,FIN-00143,逐节扩充题,177—187,186—196,2026年注册会计师全国统一考试辅导教材《财务成本管理》,,finance-full-06-02-005
财务成本管理,投资与价值评估,6,期权价值评估,第二节 期权的概念、类型和投资策略,期权卖方损益,FIN-00144,逐节扩充题,177—187,186—196,2026年注册会计师全国统一考试辅导教材《财务成本管理》,,finance-full-06-02-006
财务成本管理,投资与价值评估,6,期权价值评估,第二节 期权的概念、类型和投资策略,保护性看跌期权,FIN-00145,逐节扩充题,177—187,186—196,2026年注册会计师全国统一考试辅导教材《财务成本管理》,,finance-full-06-02-007
财务成本管理,投资与价值评估,6,期权价值评估,第二节 期权的概念、类型和投资策略,抛补性看涨期权,FIN-00146,逐节扩充题,177—187,186—196,2026年注册会计师全国统一考试辅导教材《财务成本管理》,,finance-full-06-02-008
财务成本管理,投资与价值评估,6,期权价值评估,第二节 期权的概念、类型和投资策略,多头对敲,FIN-00147,逐节扩充题,177—187,186—196,2026年注册会计师全国统一考试辅导教材《财务成本管理》,,finance-full-06-02-009
财务成本管理,投资与价值评估,6,期权价值评估,第三节 金融期权价值评估,内在价值与时间溢价,FIN-00148,逐节扩充题,188—207,197—216,2026年注册会计师全国统一考试辅导教材《财务成本管理》,,finance-full-06-03-001
财务成本管理,投资与价值评估,6,期权价值评估,第三节 金融期权价值评估,期权价值影响因素,FIN-00149,逐节扩充题,188—207,197—216,2026年注册会计师全国统一考试辅导教材《财务成本管理》,,finance-full-06-03-002
财务成本管理,投资与价值评估,6,期权价值评估,第三节 金融期权价值评估,执行价格影响,FIN-00150,逐节扩充题,188—207,197—216,2026年注册会计师全国统一考试辅导教材《财务成本管理》,,finance-full-06-03-003
财务成本管理,投资与价值评估,6,期权价值评估,第三节 金融期权价值评估,复制原理,FIN-00151,逐节扩充题,188—207,197—216,2026年注册会计师全国统一考试辅导教材《财务成本管理》,,finance-full-06-03-004
财务成本管理,投资与价值评估,6,期权价值评估,第三节 金融期权价值评估,风险中性定价,FIN-00152,逐节扩充题,188—207,197—216,2026年注册会计师全国统一考试辅导教材《财务成本管理》,,finance-full-06-03-005
财务成本管理,投资与价值评估,6,期权价值评估,第三节 金融期权价值评估,二叉树模型,FIN-00153,逐节扩充题,188—207,197—216,2026年注册会计师全国统一考试辅导教材《财务成本管理》,,finance-full-06-03-006
财务成本管理,投资与价值评估,6,期权价值评估,第三节 金融期权价值评估,布莱克—斯科尔斯模型,FIN-00154,逐节扩充题,188—207,197—216,2026年注册会计师全国统一考试辅导教材《财务成本管理》,,finance-full-06-03-007
财务成本管理,投资与价值评估,6,期权价值评估,第三节 金融期权价值评估,看涨看跌平价,FIN-00155,逐节扩充题,188—207,197—216,2026年注册会计师全国统一考试辅导教材《财务成本管理》,,finance-full-06-03-008
财务成本管理,投资与价值评估,6,期权价值评估,第四节 实物期权价值评估,扩张期权,FIN-00156,逐节扩充题,208—217,217—226,2026年注册会计师全国统一考试辅导教材《财务成本管理》,,finance-full-06-04-001
财务成本管理,投资与价值评估,6,期权价值评估,第四节 实物期权价值评估,时机选择期权,FIN-00157,逐节扩充题,208—217,217—226,2026年注册会计师全国统一考试辅导教材《财务成本管理》,,finance-full-06-04-002
财务成本管理,投资与价值评估,6,期权价值评估,第四节 实物期权价值评估,放弃期权,FIN-00158,逐节扩充题,208—217,217—226,2026年注册会计师全国统一考试辅导教材《财务成本管理》,,finance-full-06-04-003
财务成本管理,投资与价值评估,7,企业价值评估,第一节 企业价值评估的目的和对象,估值对象,FIN-00159,原有起步题,218—220,227—229,2026年注册会计师全国统一考试辅导教材《财务成本管理》,,finance-07-01
财务成本管理,投资与价值评估,7,企业价值评估,第一节 企业价值评估的目的和对象,整体价值,FIN-00160,原有起步题,218—220,227—229,2026年注册会计师全国统一考试辅导教材《财务成本管理》,,finance-07-02
财务成本管理,投资与价值评估,7,企业价值评估,第一节 企业价值评估的目的和对象,估值用途,FIN-00161,原有起步题,218—220,227—229,2026年注册会计师全国统一考试辅导教材《财务成本管理》,,finance-07-03
财务成本管理,投资与价值评估,7,企业价值评估,第一节 企业价值评估的目的和对象,估值时效性,FIN-00162,原有起步题,218—220,227—229,2026年注册会计师全国统一考试辅导教材《财务成本管理》,,finance-07-04
财务成本管理,投资与价值评估,7,企业价值评估,第一节 企业价值评估的目的和对象,企业整体价值,FIN-00163,逐节扩充题,218—223,227—232,2026年注册会计师全国统一考试辅导教材《财务成本管理》,,finance-full-07-01-001
财务成本管理,投资与价值评估,7,企业价值评估,第一节 企业价值评估的目的和对象,实体价值与股权价值,FIN-00164,逐节扩充题,218—223,227—232,2026年注册会计师全国统一考试辅导教材《财务成本管理》,,finance-full-07-01-002
财务成本管理,投资与价值评估,7,企业价值评估,第一节 企业价值评估的目的和对象,持续经营与清算价值,FIN-00165,逐节扩充题,218—223,227—232,2026年注册会计师全国统一考试辅导教材《财务成本管理》,,finance-full-07-01-003
财务成本管理,投资与价值评估,7,企业价值评估,第一节 企业价值评估的目的和对象,公平市场价值,FIN-00166,逐节扩充题,218—223,227—232,2026年注册会计师全国统一考试辅导教材《财务成本管理》,,finance-full-07-01-004
财务成本管理,投资与价值评估,7,企业价值评估,第二节 企业价值评估方法,现金流与折现率匹配,FIN-00167,逐节扩充题,224—240,233—249,2026年注册会计师全国统一考试辅导教材《财务成本管理》,,finance-full-07-02-001
财务成本管理,投资与价值评估,7,企业价值评估,第二节 企业价值评估方法,永续增长终值,FIN-00168,逐节扩充题,224—240,233—249,2026年注册会计师全国统一考试辅导教材《财务成本管理》,,finance-full-07-02-002
财务成本管理,投资与价值评估,7,企业价值评估,第二节 企业价值评估方法,相对价值模型,FIN-00169,逐节扩充题,224—240,233—249,2026年注册会计师全国统一考试辅导教材《财务成本管理》,,finance-full-07-02-003
财务成本管理,投资与价值评估,7,企业价值评估,第二节 企业价值评估方法,市净率模型,FIN-00170,逐节扩充题,224—240,233—249,2026年注册会计师全国统一考试辅导教材《财务成本管理》,,finance-full-07-02-004
财务成本管理,投资与价值评估,7,企业价值评估,第二节 企业价值评估方法,市销率模型,FIN-00171,逐节扩充题,224—240,233—249,2026年注册会计师全国统一考试辅导教材《财务成本管理》,,finance-full-07-02-005
财务成本管理,投资与价值评估,7,企业价值评估,第二节 企业价值评估方法,预测期选择,FIN-00172,逐节扩充题,224—240,233—249,2026年注册会计师全国统一考试辅导教材《财务成本管理》,,finance-full-07-02-006
财务成本管理,筹资与分配,8,资本结构,第一节 资本结构理论,资本结构,FIN-00173,原有起步题,241—243,250—252,2026年注册会计师全国统一考试辅导教材《财务成本管理》,,finance-08-01
财务成本管理,筹资与分配,8,资本结构,第一节 资本结构理论,债务比例,FIN-00174,原有起步题,241—243,250—252,2026年注册会计师全国统一考试辅导教材《财务成本管理》,,finance-08-02
财务成本管理,筹资与分配,8,资本结构,第一节 资本结构理论,资本结构基础,FIN-00175,原有起步题,241—243,250—252,2026年注册会计师全国统一考试辅导教材《财务成本管理》,,finance-08-03
财务成本管理,筹资与分配,8,资本结构,第一节 资本结构理论,模型假设,FIN-00176,原有起步题,241—243,250—252,2026年注册会计师全国统一考试辅导教材《财务成本管理》,,finance-08-04
财务成本管理,筹资与分配,8,资本结构,第一节 资本结构理论,无税MM理论,FIN-00177,逐节扩充题,241—249,250—258,2026年注册会计师全国统一考试辅导教材《财务成本管理》,,finance-full-08-01-001
财务成本管理,筹资与分配,8,资本结构,第一节 资本结构理论,有税MM理论,FIN-00178,逐节扩充题,241—249,250—258,2026年注册会计师全国统一考试辅导教材《财务成本管理》,,finance-full-08-01-002
财务成本管理,筹资与分配,8,资本结构,第一节 资本结构理论,权衡理论,FIN-00179,逐节扩充题,241—249,250—258,2026年注册会计师全国统一考试辅导教材《财务成本管理》,,finance-full-08-01-003
财务成本管理,筹资与分配,8,资本结构,第一节 资本结构理论,代理理论,FIN-00180,逐节扩充题,241—249,250—258,2026年注册会计师全国统一考试辅导教材《财务成本管理》,,finance-full-08-01-004
财务成本管理,筹资与分配,8,资本结构,第一节 资本结构理论,优序融资理论,FIN-00181,逐节扩充题,241—249,250—258,2026年注册会计师全国统一考试辅导教材《财务成本管理》,,finance-full-08-01-005
财务成本管理,筹资与分配,8,资本结构,第二节 资本结构决策分析,每股收益无差别点,FIN-00182,逐节扩充题,250—255,259—264,2026年注册会计师全国统一考试辅导教材《财务成本管理》,,finance-full-08-02-001
财务成本管理,筹资与分配,8,资本结构,第二节 资本结构决策分析,企业价值比较法,FIN-00183,逐节扩充题,250—255,259—264,2026年注册会计师全国统一考试辅导教材《财务成本管理》,,finance-full-08-02-002
财务成本管理,筹资与分配,8,资本结构,第二节 资本结构决策分析,资本结构影响因素,FIN-00184,逐节扩充题,250—255,259—264,2026年注册会计师全国统一考试辅导教材《财务成本管理》,,finance-full-08-02-003
财务成本管理,筹资与分配,8,资本结构,第三节 杠杆系数的衡量,经营杠杆,FIN-00185,逐节扩充题,256—263,265—272,2026年注册会计师全国统一考试辅导教材《财务成本管理》,,finance-full-08-03-001
财务成本管理,筹资与分配,8,资本结构,第三节 杠杆系数的衡量,经营杠杆计算,FIN-00186,逐节扩充题,256—263,265—272,2026年注册会计师全国统一考试辅导教材《财务成本管理》,,finance-full-08-03-002
财务成本管理,筹资与分配,8,资本结构,第三节 杠杆系数的衡量,财务杠杆计算,FIN-00187,逐节扩充题,256—263,265—272,2026年注册会计师全国统一考试辅导教材《财务成本管理》,,finance-full-08-03-003
财务成本管理,筹资与分配,8,资本结构,第三节 杠杆系数的衡量,联合杠杆,FIN-00188,逐节扩充题,256—263,265—272,2026年注册会计师全国统一考试辅导教材《财务成本管理》,,finance-full-08-03-004
财务成本管理,筹资与分配,9,长期筹资,第一节 长期债务筹资,长期负债,FIN-00189,原有起步题,264—266,273—275,2026年注册会计师全国统一考试辅导教材《财务成本管理》,,finance-09-01
财务成本管理,筹资与分配,9,长期筹资,第一节 长期债务筹资,债务筹资特点,FIN-00190,原有起步题,264—266,273—275,2026年注册会计师全国统一考试辅导教材《财务成本管理》,,finance-09-02
财务成本管理,筹资与分配,9,长期筹资,第一节 长期债务筹资,长期债务筹资方式,FIN-00191,原有起步题,264—266,273—275,2026年注册会计师全国统一考试辅导教材《财务成本管理》,,finance-09-03
财务成本管理,筹资与分配,9,长期筹资,第一节 长期债务筹资,还款安排,FIN-00192,原有起步题,264—266,273—275,2026年注册会计师全国统一考试辅导教材《财务成本管理》,,finance-09-04
财务成本管理,筹资与分配,9,长期筹资,第一节 长期债务筹资,长期债务特点,FIN-00193,逐节扩充题,264—269,273—278,2026年注册会计师全国统一考试辅导教材《财务成本管理》,,finance-full-09-01-001
财务成本管理,筹资与分配,9,长期筹资,第一节 长期债务筹资,借款保护条款,FIN-00194,逐节扩充题,264—269,273—278,2026年注册会计师全国统一考试辅导教材《财务成本管理》,,finance-full-09-01-002
财务成本管理,筹资与分配,9,长期筹资,第一节 长期债务筹资,债券偿还安排,FIN-00195,逐节扩充题,264—269,273—278,2026年注册会计师全国统一考试辅导教材《财务成本管理》,,finance-full-09-01-003
财务成本管理,筹资与分配,9,长期筹资,第二节 普通股筹资,普通股筹资特点,FIN-00196,逐节扩充题,270—281,279—290,2026年注册会计师全国统一考试辅导教材《财务成本管理》,,finance-full-09-02-001
财务成本管理,筹资与分配,9,长期筹资,第二节 普通股筹资,股票发行方式,FIN-00197,逐节扩充题,270—281,279—290,2026年注册会计师全国统一考试辅导教材《财务成本管理》,,finance-full-09-02-002
财务成本管理,筹资与分配,9,长期筹资,第二节 普通股筹资,发行价格与发行费用,FIN-00198,逐节扩充题,270—281,279—290,2026年注册会计师全国统一考试辅导教材《财务成本管理》,,finance-full-09-02-003
财务成本管理,筹资与分配,9,长期筹资,第二节 普通股筹资,配股与增发,FIN-00199,逐节扩充题,270—281,279—290,2026年注册会计师全国统一考试辅导教材《财务成本管理》,,finance-full-09-02-004
财务成本管理,筹资与分配,9,长期筹资,第二节 普通股筹资,股权再融资与控制权,FIN-00200,逐节扩充题,270—281,279—290,2026年注册会计师全国统一考试辅导教材《财务成本管理》,,finance-full-09-02-005
财务成本管理,筹资与分配,9,长期筹资,第三节 混合筹资,优先股筹资,FIN-00201,逐节扩充题,282—296,291—305,2026年注册会计师全国统一考试辅导教材《财务成本管理》,,finance-full-09-03-001
财务成本管理,筹资与分配,9,长期筹资,第三节 混合筹资,永续债筹资,FIN-00202,逐节扩充题,282—296,291—305,2026年注册会计师全国统一考试辅导教材《财务成本管理》,,finance-full-09-03-002
财务成本管理,筹资与分配,9,长期筹资,第三节 混合筹资,认股权证,FIN-00203,逐节扩充题,282—296,291—305,2026年注册会计师全国统一考试辅导教材《财务成本管理》,,finance-full-09-03-003
财务成本管理,筹资与分配,9,长期筹资,第三节 混合筹资,可转换债券,FIN-00204,逐节扩充题,282—296,291—305,2026年注册会计师全国统一考试辅导教材《财务成本管理》,,finance-full-09-03-004
财务成本管理,筹资与分配,9,长期筹资,第三节 混合筹资,可转换债券价值,FIN-00205,逐节扩充题,282—296,291—305,2026年注册会计师全国统一考试辅导教材《财务成本管理》,,finance-full-09-03-005
财务成本管理,筹资与分配,9,长期筹资,第四节 租赁筹资,租赁融资动因,FIN-00206,逐节扩充题,297—306,306—315,2026年注册会计师全国统一考试辅导教材《财务成本管理》,,finance-full-09-04-001
财务成本管理,筹资与分配,9,长期筹资,第四节 租赁筹资,租赁决策,FIN-00207,逐节扩充题,297—306,306—315,2026年注册会计师全国统一考试辅导教材《财务成本管理》,,finance-full-09-04-002
财务成本管理,筹资与分配,9,长期筹资,第四节 租赁筹资,售后租回,FIN-00208,逐节扩充题,297—306,306—315,2026年注册会计师全国统一考试辅导教材《财务成本管理》,,finance-full-09-04-003
财务成本管理,筹资与分配,10,股利分配、股票分割与股票回购,第一节 股利理论与股利政策,股利决策,FIN-00209,原有起步题,307—309,316—318,2026年注册会计师全国统一考试辅导教材《财务成本管理》,,finance-10-01
财务成本管理,筹资与分配,10,股利分配、股票分割与股票回购,第一节 股利理论与股利政策,股利无关论前提,FIN-00210,原有起步题,307—309,316—318,2026年注册会计师全国统一考试辅导教材《财务成本管理》,,finance-10-02
财务成本管理,筹资与分配,10,股利分配、股票分割与股票回购,第一节 股利理论与股利政策,理论假设,FIN-00211,原有起步题,307—309,316—318,2026年注册会计师全国统一考试辅导教材《财务成本管理》,,finance-10-03
财务成本管理,筹资与分配,10,股利分配、股票分割与股票回购,第一节 股利理论与股利政策,股利政策判断,FIN-00212,原有起步题,307—309,316—318,2026年注册会计师全国统一考试辅导教材《财务成本管理》,,finance-10-04
财务成本管理,筹资与分配,10,股利分配、股票分割与股票回购,第一节 股利理论与股利政策,股利无关理论,FIN-00213,逐节扩充题,307—315,316—324,2026年注册会计师全国统一考试辅导教材《财务成本管理》,,finance-full-10-01-001
财务成本管理,筹资与分配,10,股利分配、股票分割与股票回购,第一节 股利理论与股利政策,股利相关理论,FIN-00214,逐节扩充题,307—315,316—324,2026年注册会计师全国统一考试辅导教材《财务成本管理》,,finance-full-10-01-002
财务成本管理,筹资与分配,10,股利分配、股票分割与股票回购,第一节 股利理论与股利政策,剩余股利政策,FIN-00215,逐节扩充题,307—315,316—324,2026年注册会计师全国统一考试辅导教材《财务成本管理》,,finance-full-10-01-003
财务成本管理,筹资与分配,10,股利分配、股票分割与股票回购,第一节 股利理论与股利政策,固定股利与固定支付率,FIN-00216,逐节扩充题,307—315,316—324,2026年注册会计师全国统一考试辅导教材《财务成本管理》,,finance-full-10-01-004
财务成本管理,筹资与分配,10,股利分配、股票分割与股票回购,第一节 股利理论与股利政策,低正常股利加额外股利,FIN-00217,逐节扩充题,307—315,316—324,2026年注册会计师全国统一考试辅导教材《财务成本管理》,,finance-full-10-01-005
财务成本管理,筹资与分配,10,股利分配、股票分割与股票回购,第一节 股利理论与股利政策,股利限制因素,FIN-00218,逐节扩充题,307—315,316—324,2026年注册会计师全国统一考试辅导教材《财务成本管理》,,finance-full-10-01-006
财务成本管理,筹资与分配,10,股利分配、股票分割与股票回购,第二节 股利的种类、支付程序与分配方案,现金股利与股票股利,FIN-00219,逐节扩充题,316—320,325—329,2026年注册会计师全国统一考试辅导教材《财务成本管理》,,finance-full-10-02-001
财务成本管理,筹资与分配,10,股利分配、股票分割与股票回购,第二节 股利的种类、支付程序与分配方案,股利支付日期,FIN-00220,逐节扩充题,316—320,325—329,2026年注册会计师全国统一考试辅导教材《财务成本管理》,,finance-full-10-02-002
财务成本管理,筹资与分配,10,股利分配、股票分割与股票回购,第二节 股利的种类、支付程序与分配方案,股票股利影响,FIN-00221,逐节扩充题,316—320,325—329,2026年注册会计师全国统一考试辅导教材《财务成本管理》,,finance-full-10-02-003
财务成本管理,筹资与分配,10,股利分配、股票分割与股票回购,第三节 股票分割与股票回购,股票分割,FIN-00222,逐节扩充题,321—325,330—334,2026年注册会计师全国统一考试辅导教材《财务成本管理》,,finance-full-10-03-001
财务成本管理,筹资与分配,10,股利分配、股票分割与股票回购,第三节 股票分割与股票回购,股票回购,FIN-00223,逐节扩充题,321—325,330—334,2026年注册会计师全国统一考试辅导教材《财务成本管理》,,finance-full-10-03-002
财务成本管理,筹资与分配,10,股利分配、股票分割与股票回购,第三节 股票分割与股票回购,回购动机,FIN-00224,逐节扩充题,321—325,330—334,2026年注册会计师全国统一考试辅导教材《财务成本管理》,,finance-full-10-03-003
财务成本管理,营运资本,11,营运资本管理,第一节 营运资本管理策略,营运资本计算,FIN-00225,原有起步题,326—328,335—337,2026年注册会计师全国统一考试辅导教材《财务成本管理》,,finance-11-01
财务成本管理,营运资本,11,营运资本管理,第一节 营运资本管理策略,短缺成本,FIN-00226,原有起步题,326—328,335—337,2026年注册会计师全国统一考试辅导教材《财务成本管理》,,finance-11-02
财务成本管理,营运资本,11,营运资本管理,第一节 营运资本管理策略,营运资本管理,FIN-00227,原有起步题,326—328,335—337,2026年注册会计师全国统一考试辅导教材《财务成本管理》,,finance-11-03
财务成本管理,营运资本,11,营运资本管理,第一节 营运资本管理策略,持有成本,FIN-00228,原有起步题,326—328,335—337,2026年注册会计师全国统一考试辅导教材《财务成本管理》,,finance-11-04
财务成本管理,营运资本,11,营运资本管理,第一节 营运资本管理策略,营运资本投资策略,FIN-00229,逐节扩充题,326—332,335—341,2026年注册会计师全国统一考试辅导教材《财务成本管理》,,finance-full-11-01-001
财务成本管理,营运资本,11,营运资本管理,第一节 营运资本管理策略,筹资期限匹配,FIN-00230,逐节扩充题,326—332,335—341,2026年注册会计师全国统一考试辅导教材《财务成本管理》,,finance-full-11-01-002
财务成本管理,营运资本,11,营运资本管理,第一节 营运资本管理策略,易变现率,FIN-00231,逐节扩充题,326—332,335—341,2026年注册会计师全国统一考试辅导教材《财务成本管理》,,finance-full-11-01-003
财务成本管理,营运资本,11,营运资本管理,第一节 营运资本管理策略,司库管理,FIN-00232,逐节扩充题,326—332,335—341,2026年注册会计师全国统一考试辅导教材《财务成本管理》,,finance-full-11-01-004
财务成本管理,营运资本,11,营运资本管理,第二节 现金管理,现金持有动机,FIN-00233,逐节扩充题,333—338,342—347,2026年注册会计师全国统一考试辅导教材《财务成本管理》,,finance-full-11-02-001
财务成本管理,营运资本,11,营运资本管理,第二节 现金管理,存货模式现金管理,FIN-00234,逐节扩充题,333—338,342—347,2026年注册会计师全国统一考试辅导教材《财务成本管理》,,finance-full-11-02-002
财务成本管理,营运资本,11,营运资本管理,第二节 现金管理,随机模式控制线,FIN-00235,逐节扩充题,333—338,342—347,2026年注册会计师全国统一考试辅导教材《财务成本管理》,,finance-full-11-02-003
财务成本管理,营运资本,11,营运资本管理,第二节 现金管理,现金收支加速与延缓,FIN-00236,逐节扩充题,333—338,342—347,2026年注册会计师全国统一考试辅导教材《财务成本管理》,,finance-full-11-02-004
财务成本管理,营运资本,11,营运资本管理,第三节 应收款项管理,信用政策构成,FIN-00237,逐节扩充题,339—344,348—353,2026年注册会计师全国统一考试辅导教材《财务成本管理》,,finance-full-11-03-001
财务成本管理,营运资本,11,营运资本管理,第三节 应收款项管理,应收账款机会成本,FIN-00238,逐节扩充题,339—344,348—353,2026年注册会计师全国统一考试辅导教材《财务成本管理》,,finance-full-11-03-002
财务成本管理,营运资本,11,营运资本管理,第三节 应收款项管理,现金折扣决策,FIN-00239,逐节扩充题,339—344,348—353,2026年注册会计师全国统一考试辅导教材《财务成本管理》,,finance-full-11-03-003
财务成本管理,营运资本,11,营运资本管理,第三节 应收款项管理,账龄与坏账风险,FIN-00240,逐节扩充题,339—344,348—353,2026年注册会计师全国统一考试辅导教材《财务成本管理》,,finance-full-11-03-004
财务成本管理,营运资本,11,营运资本管理,第四节 存货管理,存货相关成本,FIN-00241,逐节扩充题,345—352,354—361,2026年注册会计师全国统一考试辅导教材《财务成本管理》,,finance-full-11-04-001
财务成本管理,营运资本,11,营运资本管理,第四节 存货管理,经济订货量,FIN-00242,逐节扩充题,345—352,354—361,2026年注册会计师全国统一考试辅导教材《财务成本管理》,,finance-full-11-04-002
财务成本管理,营运资本,11,营运资本管理,第四节 存货管理,再订货点,FIN-00243,逐节扩充题,345—352,354—361,2026年注册会计师全国统一考试辅导教材《财务成本管理》,,finance-full-11-04-003
财务成本管理,营运资本,11,营运资本管理,第四节 存货管理,保险储备,FIN-00244,逐节扩充题,345—352,354—361,2026年注册会计师全国统一考试辅导教材《财务成本管理》,,finance-full-11-04-004
财务成本管理,营运资本,11,营运资本管理,第四节 存货管理,数量折扣,FIN-00245,逐节扩充题,345—352,354—361,2026年注册会计师全国统一考试辅导教材《财务成本管理》,,finance-full-11-04-005
财务成本管理,营运资本,11,营运资本管理,第四节 存货管理,陆续供应与使用,FIN-00246,逐节扩充题,345—352,354—361,2026年注册会计师全国统一考试辅导教材《财务成本管理》,,finance-full-11-04-006
财务成本管理,营运资本,11,营运资本管理,第五节 短期债务管理,商业信用,FIN-00247,逐节扩充题,353—359,362—368,2026年注册会计师全国统一考试辅导教材《财务成本管理》,,finance-full-11-05-001
财务成本管理,营运资本,11,营运资本管理,第五节 短期债务管理,放弃现金折扣成本,FIN-00248,逐节扩充题,353—359,362—368,2026年注册会计师全国统一考试辅导教材《财务成本管理》,,finance-full-11-05-002
财务成本管理,营运资本,11,营运资本管理,第五节 短期债务管理,补偿性余额,FIN-00249,逐节扩充题,353—359,362—368,2026年注册会计师全国统一考试辅导教材《财务成本管理》,,finance-full-11-05-003
财务成本管理,营运资本,11,营运资本管理,第五节 短期债务管理,短期借款付息方式,FIN-00250,逐节扩充题,353—359,362—368,2026年注册会计师全国统一考试辅导教材《财务成本管理》,,finance-full-11-05-004
财务成本管理,成本核算,12,成本管理会计的基础概念和基本理论,第一节 成本概念与分类,成本对象,FIN-00251,原有起步题,360—362,369—371,2026年注册会计师全国统一考试辅导教材《财务成本管理》,,finance-12-01
财务成本管理,成本核算,12,成本管理会计的基础概念和基本理论,第一节 成本概念与分类,直接成本,FIN-00252,原有起步题,360—362,369—371,2026年注册会计师全国统一考试辅导教材《财务成本管理》,,finance-12-02
财务成本管理,成本核算,12,成本管理会计的基础概念和基本理论,第一节 成本概念与分类,成本对象范围,FIN-00253,原有起步题,360—362,369—371,2026年注册会计师全国统一考试辅导教材《财务成本管理》,,finance-12-03
财务成本管理,成本核算,12,成本管理会计的基础概念和基本理论,第一节 成本概念与分类,不同目的不同成本,FIN-00254,原有起步题,360—362,369—371,2026年注册会计师全国统一考试辅导教材《财务成本管理》,,finance-12-04
财务成本管理,成本核算,12,成本管理会计的基础概念和基本理论,第一节 成本概念与分类,成本对象,FIN-00255,逐节扩充题,360—363,369—372,2026年注册会计师全国统一考试辅导教材《财务成本管理》,,finance-full-12-01-001
财务成本管理,成本核算,12,成本管理会计的基础概念和基本理论,第一节 成本概念与分类,固定与变动成本,FIN-00256,逐节扩充题,360—363,369—372,2026年注册会计师全国统一考试辅导教材《财务成本管理》,,finance-full-12-01-002
财务成本管理,成本核算,12,成本管理会计的基础概念和基本理论,第一节 成本概念与分类,产品与期间成本,FIN-00257,逐节扩充题,360—363,369—372,2026年注册会计师全国统一考试辅导教材《财务成本管理》,,finance-full-12-01-003
财务成本管理,成本核算,12,成本管理会计的基础概念和基本理论,第一节 成本概念与分类,机会与沉没成本,FIN-00258,逐节扩充题,360—363,369—372,2026年注册会计师全国统一考试辅导教材《财务成本管理》,,finance-full-12-01-004
财务成本管理,成本核算,12,成本管理会计的基础概念和基本理论,第二节 管理决策与成本管理会计,管理决策过程,FIN-00259,逐节扩充题,364—365,373—374,2026年注册会计师全国统一考试辅导教材《财务成本管理》,,finance-full-12-02-001
财务成本管理,成本核算,12,成本管理会计的基础概念和基本理论,第二节 管理决策与成本管理会计,价值链与成本管理,FIN-00260,逐节扩充题,364—365,373—374,2026年注册会计师全国统一考试辅导教材《财务成本管理》,,finance-full-12-02-002
财务成本管理,成本核算,12,成本管理会计的基础概念和基本理论,第二节 管理决策与成本管理会计,成本效益与行为影响,FIN-00261,逐节扩充题,364—365,373—374,2026年注册会计师全国统一考试辅导教材《财务成本管理》,,finance-full-12-02-003
财务成本管理,成本核算,12,成本管理会计的基础概念和基本理论,第三节 环境变化对成本管理会计的影响,ESG与成本核算,FIN-00262,逐节扩充题,366—368,375—377,2026年注册会计师全国统一考试辅导教材《财务成本管理》,,finance-full-12-03-001
财务成本管理,成本核算,12,成本管理会计的基础概念和基本理论,第三节 环境变化对成本管理会计的影响,数字化成本管理,FIN-00263,逐节扩充题,366—368,375—377,2026年注册会计师全国统一考试辅导教材《财务成本管理》,,finance-full-12-03-002
财务成本管理,成本核算,12,成本管理会计的基础概念和基本理论,第三节 环境变化对成本管理会计的影响,全球竞争与成本管理,FIN-00264,逐节扩充题,366—368,375—377,2026年注册会计师全国统一考试辅导教材《财务成本管理》,,finance-full-12-03-003
财务成本管理,成本核算,13,产品成本计算,第一节 产品成本的归集和分配,直接材料,FIN-00265,原有起步题,369—371,378—380,2026年注册会计师全国统一考试辅导教材《财务成本管理》,,finance-13-01
财务成本管理,成本核算,13,产品成本计算,第一节 产品成本的归集和分配,固定资产用料,FIN-00266,原有起步题,369—371,378—380,2026年注册会计师全国统一考试辅导教材《财务成本管理》,,finance-13-02
财务成本管理,成本核算,13,产品成本计算,第一节 产品成本的归集和分配,期间费用,FIN-00267,原有起步题,369—371,378—380,2026年注册会计师全国统一考试辅导教材《财务成本管理》,,finance-13-03
财务成本管理,成本核算,13,产品成本计算,第一节 产品成本的归集和分配,成本分类,FIN-00268,原有起步题,369—371,378—380,2026年注册会计师全国统一考试辅导教材《财务成本管理》,,finance-13-04
财务成本管理,成本核算,13,产品成本计算,第一节 产品成本的归集和分配,生产费用归集,FIN-00269,逐节扩充题,369—385,378—394,2026年注册会计师全国统一考试辅导教材《财务成本管理》,,finance-full-13-01-001
财务成本管理,成本核算,13,产品成本计算,第一节 产品成本的归集和分配,制造费用分配率,FIN-00270,逐节扩充题,369—385,378—394,2026年注册会计师全国统一考试辅导教材《财务成本管理》,,finance-full-13-01-002
财务成本管理,成本核算,13,产品成本计算,第一节 产品成本的归集和分配,辅助生产费用,FIN-00271,逐节扩充题,369—385,378—394,2026年注册会计师全国统一考试辅导教材《财务成本管理》,,finance-full-13-01-003
财务成本管理,成本核算,13,产品成本计算,第一节 产品成本的归集和分配,约当产量,FIN-00272,逐节扩充题,369—385,378—394,2026年注册会计师全国统一考试辅导教材《财务成本管理》,,finance-full-13-01-004
财务成本管理,成本核算,13,产品成本计算,第一节 产品成本的归集和分配,完工与在产品分配,FIN-00273,逐节扩充题,369—385,378—394,2026年注册会计师全国统一考试辅导教材《财务成本管理》,,finance-full-13-01-005
财务成本管理,成本核算,13,产品成本计算,第一节 产品成本的归集和分配,联产品成本,FIN-00274,逐节扩充题,369—385,378—394,2026年注册会计师全国统一考试辅导教材《财务成本管理》,,finance-full-13-01-006
财务成本管理,成本核算,13,产品成本计算,第一节 产品成本的归集和分配,副产品处理,FIN-00275,逐节扩充题,369—385,378—394,2026年注册会计师全国统一考试辅导教材《财务成本管理》,,finance-full-13-01-007
财务成本管理,成本核算,13,产品成本计算,第二节 产品成本计算的品种法,品种法适用,FIN-00276,逐节扩充题,386—387,395—396,2026年注册会计师全国统一考试辅导教材《财务成本管理》,,finance-full-13-02-001
财务成本管理,成本核算,13,产品成本计算,第二节 产品成本计算的品种法,品种法成本期,FIN-00277,逐节扩充题,386—387,395—396,2026年注册会计师全国统一考试辅导教材《财务成本管理》,,finance-full-13-02-002
财务成本管理,成本核算,13,产品成本计算,第三节 产品成本计算的分批法,分批法适用,FIN-00278,逐节扩充题,388—389,397—398,2026年注册会计师全国统一考试辅导教材《财务成本管理》,,finance-full-13-03-001
财务成本管理,成本核算,13,产品成本计算,第三节 产品成本计算的分批法,分批法与完工时间,FIN-00279,逐节扩充题,388—389,397—398,2026年注册会计师全国统一考试辅导教材《财务成本管理》,,finance-full-13-03-002
财务成本管理,成本核算,13,产品成本计算,第四节 产品成本计算的分步法,逐步结转分步法,FIN-00280,逐节扩充题,390—396,399—405,2026年注册会计师全国统一考试辅导教材《财务成本管理》,,finance-full-13-04-001
财务成本管理,成本核算,13,产品成本计算,第四节 产品成本计算的分步法,成本还原,FIN-00281,逐节扩充题,390—396,399—405,2026年注册会计师全国统一考试辅导教材《财务成本管理》,,finance-full-13-04-002
财务成本管理,成本核算,13,产品成本计算,第四节 产品成本计算的分步法,平行结转分步法,FIN-00282,逐节扩充题,390—396,399—405,2026年注册会计师全国统一考试辅导教材《财务成本管理》,,finance-full-13-04-003
财务成本管理,成本核算,13,产品成本计算,第四节 产品成本计算的分步法,广义在产品,FIN-00283,逐节扩充题,390—396,399—405,2026年注册会计师全国统一考试辅导教材《财务成本管理》,,finance-full-13-04-004
财务成本管理,成本核算,14,标准成本法,第一节 标准成本及其制定,单位标准成本,FIN-00284,原有起步题,397—399,406—408,2026年注册会计师全国统一考试辅导教材《财务成本管理》,,finance-14-01
财务成本管理,成本核算,14,标准成本法,第一节 标准成本及其制定,标准成本总额,FIN-00285,原有起步题,397—399,406—408,2026年注册会计师全国统一考试辅导教材《财务成本管理》,,finance-14-02
财务成本管理,成本核算,14,标准成本法,第一节 标准成本及其制定,标准成本法步骤,FIN-00286,原有起步题,397—399,406—408,2026年注册会计师全国统一考试辅导教材《财务成本管理》,,finance-14-03
财务成本管理,成本核算,14,标准成本法,第一节 标准成本及其制定,成本差异起步,FIN-00287,原有起步题,397—399,406—408,2026年注册会计师全国统一考试辅导教材《财务成本管理》,,finance-14-04
财务成本管理,成本核算,14,标准成本法,第一节 标准成本及其制定,理想与正常标准成本,FIN-00288,逐节扩充题,397—402,406—411,2026年注册会计师全国统一考试辅导教材《财务成本管理》,,finance-full-14-01-001
财务成本管理,成本核算,14,标准成本法,第一节 标准成本及其制定,标准成本构成,FIN-00289,逐节扩充题,397—402,406—411,2026年注册会计师全国统一考试辅导教材《财务成本管理》,,finance-full-14-01-002
财务成本管理,成本核算,14,标准成本法,第一节 标准成本及其制定,标准制造费用,FIN-00290,逐节扩充题,397—402,406—411,2026年注册会计师全国统一考试辅导教材《财务成本管理》,,finance-full-14-01-003
财务成本管理,成本核算,14,标准成本法,第二节 标准成本的差异分析,材料价格差异,FIN-00291,逐节扩充题,403—407,412—416,2026年注册会计师全国统一考试辅导教材《财务成本管理》,,finance-full-14-02-001
财务成本管理,成本核算,14,标准成本法,第二节 标准成本的差异分析,材料数量差异,FIN-00292,逐节扩充题,403—407,412—416,2026年注册会计师全国统一考试辅导教材《财务成本管理》,,finance-full-14-02-002
财务成本管理,成本核算,14,标准成本法,第二节 标准成本的差异分析,人工工资率与效率差异,FIN-00293,逐节扩充题,403—407,412—416,2026年注册会计师全国统一考试辅导教材《财务成本管理》,,finance-full-14-02-003
财务成本管理,成本核算,14,标准成本法,第二节 标准成本的差异分析,变动制造费用差异,FIN-00294,逐节扩充题,403—407,412—416,2026年注册会计师全国统一考试辅导教材《财务成本管理》,,finance-full-14-02-004
财务成本管理,成本核算,14,标准成本法,第二节 标准成本的差异分析,固定制造费用二因素,FIN-00295,逐节扩充题,403—407,412—416,2026年注册会计师全国统一考试辅导教材《财务成本管理》,,finance-full-14-02-005
财务成本管理,成本核算,14,标准成本法,第二节 标准成本的差异分析,固定制造费用三因素,FIN-00296,逐节扩充题,403—407,412—416,2026年注册会计师全国统一考试辅导教材《财务成本管理》,,finance-full-14-02-006
财务成本管理,成本核算,15,作业成本法和生命周期成本法,第一节 作业成本法的概念与特点,作业成本法思路,FIN-00297,原有起步题,408—410,417—419,2026年注册会计师全国统一考试辅导教材《财务成本管理》,,finance-15-01
财务成本管理,成本核算,15,作业成本法和生命周期成本法,第一节 作业成本法的概念与特点,制造费用分配,FIN-00298,原有起步题,408—410,417—419,2026年注册会计师全国统一考试辅导教材《财务成本管理》,,finance-15-02
财务成本管理,成本核算,15,作业成本法和生命周期成本法,第一节 作业成本法的概念与特点,作业与资源,FIN-00299,原有起步题,408—410,417—419,2026年注册会计师全国统一考试辅导教材《财务成本管理》,,finance-15-03
财务成本管理,成本核算,15,作业成本法和生命周期成本法,第一节 作业成本法的概念与特点,批次与产量,FIN-00300,原有起步题,408—410,417—419,2026年注册会计师全国统一考试辅导教材《财务成本管理》,,finance-15-04
财务成本管理,成本核算,15,作业成本法和生命周期成本法,第一节 作业成本法的概念与特点,作业成本法逻辑,FIN-00301,逐节扩充题,408—411,417—420,2026年注册会计师全国统一考试辅导教材《财务成本管理》,,finance-full-15-01-001
财务成本管理,成本核算,15,作业成本法和生命周期成本法,第一节 作业成本法的概念与特点,成本动因,FIN-00302,逐节扩充题,408—411,417—420,2026年注册会计师全国统一考试辅导教材《财务成本管理》,,finance-full-15-01-002
财务成本管理,成本核算,15,作业成本法和生命周期成本法,第一节 作业成本法的概念与特点,作业层次,FIN-00303,逐节扩充题,408—411,417—420,2026年注册会计师全国统一考试辅导教材《财务成本管理》,,finance-full-15-01-003
财务成本管理,成本核算,15,作业成本法和生命周期成本法,第二节 作业成本计算,作业分配率,FIN-00304,逐节扩充题,412—422,421—431,2026年注册会计师全国统一考试辅导教材《财务成本管理》,,finance-full-15-02-001
财务成本管理,成本核算,15,作业成本法和生命周期成本法,第二节 作业成本计算,作业成本法适用,FIN-00305,逐节扩充题,412—422,421—431,2026年注册会计师全国统一考试辅导教材《财务成本管理》,,finance-full-15-02-002
财务成本管理,成本核算,15,作业成本法和生命周期成本法,第二节 作业成本计算,作业成本法局限,FIN-00306,逐节扩充题,412—422,421—431,2026年注册会计师全国统一考试辅导教材《财务成本管理》,,finance-full-15-02-003
财务成本管理,成本核算,15,作业成本法和生命周期成本法,第三节 作业管理,增值与非增值作业,FIN-00307,逐节扩充题,423—424,432—433,2026年注册会计师全国统一考试辅导教材《财务成本管理》,,finance-full-15-03-001
财务成本管理,成本核算,15,作业成本法和生命周期成本法,第三节 作业管理,作业预算,FIN-00308,逐节扩充题,423—424,432—433,2026年注册会计师全国统一考试辅导教材《财务成本管理》,,finance-full-15-03-002
财务成本管理,成本核算,15,作业成本法和生命周期成本法,第四节 生命周期成本法,生命周期成本范围,FIN-00309,逐节扩充题,425—428,434—437,2026年注册会计师全国统一考试辅导教材《财务成本管理》,,finance-full-15-04-001
财务成本管理,成本核算,15,作业成本法和生命周期成本法,第四节 生命周期成本法,生命周期成本应用,FIN-00310,逐节扩充题,425—428,434—437,2026年注册会计师全国统一考试辅导教材《财务成本管理》,,finance-full-15-04-002
财务成本管理,经营决策与预算,16,本量利分析,第一节 本量利的一般关系,总成本模型,FIN-00311,原有起步题,429—431,438—440,2026年注册会计师全国统一考试辅导教材《财务成本管理》,,finance-16-01
财务成本管理,经营决策与预算,16,本量利分析,第一节 本量利的一般关系,固定成本,FIN-00312,原有起步题,429—431,438—440,2026年注册会计师全国统一考试辅导教材《财务成本管理》,,finance-16-02
财务成本管理,经营决策与预算,16,本量利分析,第一节 本量利的一般关系,本量利基础,FIN-00313,原有起步题,429—431,438—440,2026年注册会计师全国统一考试辅导教材《财务成本管理》,,finance-16-03
财务成本管理,经营决策与预算,16,本量利分析,第一节 本量利的一般关系,混合成本,FIN-00314,原有起步题,429—431,438—440,2026年注册会计师全国统一考试辅导教材《财务成本管理》,,finance-16-04
财务成本管理,经营决策与预算,16,本量利分析,第一节 本量利的一般关系,混合成本分解,FIN-00315,逐节扩充题,429—440,438—449,2026年注册会计师全国统一考试辅导教材《财务成本管理》,,finance-full-16-01-001
财务成本管理,经营决策与预算,16,本量利分析,第一节 本量利的一般关系,高低点法,FIN-00316,逐节扩充题,429—440,438—449,2026年注册会计师全国统一考试辅导教材《财务成本管理》,,finance-full-16-01-002
财务成本管理,经营决策与预算,16,本量利分析,第一节 本量利的一般关系,变动成本法,FIN-00317,逐节扩充题,429—440,438—449,2026年注册会计师全国统一考试辅导教材《财务成本管理》,,finance-full-16-01-003
财务成本管理,经营决策与预算,16,本量利分析,第一节 本量利的一般关系,边际贡献,FIN-00318,逐节扩充题,429—440,438—449,2026年注册会计师全国统一考试辅导教材《财务成本管理》,,finance-full-16-01-004
财务成本管理,经营决策与预算,16,本量利分析,第一节 本量利的一般关系,本量利基本假设,FIN-00319,逐节扩充题,429—440,438—449,2026年注册会计师全国统一考试辅导教材《财务成本管理》,,finance-full-16-01-005
财务成本管理,经营决策与预算,16,本量利分析,第二节 保本分析,保本量,FIN-00320,逐节扩充题,441—445,450—454,2026年注册会计师全国统一考试辅导教材《财务成本管理》,,finance-full-16-02-001
财务成本管理,经营决策与预算,16,本量利分析,第二节 保本分析,保本额,FIN-00321,逐节扩充题,441—445,450—454,2026年注册会计师全国统一考试辅导教材《财务成本管理》,,finance-full-16-02-002
财务成本管理,经营决策与预算,16,本量利分析,第二节 保本分析,安全边际,FIN-00322,逐节扩充题,441—445,450—454,2026年注册会计师全国统一考试辅导教材《财务成本管理》,,finance-full-16-02-003
财务成本管理,经营决策与预算,16,本量利分析,第二节 保本分析,多品种保本,FIN-00323,逐节扩充题,441—445,450—454,2026年注册会计师全国统一考试辅导教材《财务成本管理》,,finance-full-16-02-004
财务成本管理,经营决策与预算,16,本量利分析,第三节 保利分析,保利量,FIN-00324,逐节扩充题,446,455,2026年注册会计师全国统一考试辅导教材《财务成本管理》,,finance-full-16-03-001
财务成本管理,经营决策与预算,16,本量利分析,第三节 保利分析,税后目标换算,FIN-00325,逐节扩充题,446,455,2026年注册会计师全国统一考试辅导教材《财务成本管理》,,finance-full-16-03-002
财务成本管理,经营决策与预算,16,本量利分析,第四节 利润敏感分析,利润敏感系数,FIN-00326,逐节扩充题,447—451,456—460,2026年注册会计师全国统一考试辅导教材《财务成本管理》,,finance-full-16-04-001
财务成本管理,经营决策与预算,16,本量利分析,第四节 利润敏感分析,敏感性排序,FIN-00327,逐节扩充题,447—451,456—460,2026年注册会计师全国统一考试辅导教材《财务成本管理》,,finance-full-16-04-002
财务成本管理,经营决策与预算,17,短期经营决策,第一节 短期经营决策概述,短期经营决策,FIN-00328,原有起步题,452—454,461—463,2026年注册会计师全国统一考试辅导教材《财务成本管理》,,finance-17-01
财务成本管理,经营决策与预算,17,短期经营决策,第一节 短期经营决策概述,决策第一步,FIN-00329,原有起步题,452—454,461—463,2026年注册会计师全国统一考试辅导教材《财务成本管理》,,finance-17-02
财务成本管理,经营决策与预算,17,短期经营决策,第一节 短期经营决策概述,决策过程,FIN-00330,原有起步题,452—454,461—463,2026年注册会计师全国统一考试辅导教材《财务成本管理》,,finance-17-03
财务成本管理,经营决策与预算,17,短期经营决策,第一节 短期经营决策概述,先定目标,FIN-00331,原有起步题,452—454,461—463,2026年注册会计师全国统一考试辅导教材《财务成本管理》,,finance-17-04
财务成本管理,经营决策与预算,17,短期经营决策,第一节 短期经营决策概述,相关成本判断,FIN-00332,逐节扩充题,452—455,461—464,2026年注册会计师全国统一考试辅导教材《财务成本管理》,,finance-full-17-01-001
财务成本管理,经营决策与预算,17,短期经营决策,第一节 短期经营决策概述,专属与共同固定成本,FIN-00333,逐节扩充题,452—455,461—464,2026年注册会计师全国统一考试辅导教材《财务成本管理》,,finance-full-17-01-002
财务成本管理,经营决策与预算,17,短期经营决策,第二节 生产决策,生产决策方法,FIN-00334,逐节扩充题,456—462,465—471,2026年注册会计师全国统一考试辅导教材《财务成本管理》,,finance-full-17-02-001
财务成本管理,经营决策与预算,17,短期经营决策,第二节 生产决策,亏损产品停产,FIN-00335,逐节扩充题,456—462,465—471,2026年注册会计师全国统一考试辅导教材《财务成本管理》,,finance-full-17-02-002
财务成本管理,经营决策与预算,17,短期经营决策,第二节 生产决策,自制或外购,FIN-00336,逐节扩充题,456—462,465—471,2026年注册会计师全国统一考试辅导教材《财务成本管理》,,finance-full-17-02-003
财务成本管理,经营决策与预算,17,短期经营决策,第二节 生产决策,特殊订单,FIN-00337,逐节扩充题,456—462,465—471,2026年注册会计师全国统一考试辅导教材《财务成本管理》,,finance-full-17-02-004
财务成本管理,经营决策与预算,17,短期经营决策,第二节 生产决策,约束资源最优利用,FIN-00338,逐节扩充题,456—462,465—471,2026年注册会计师全国统一考试辅导教材《财务成本管理》,,finance-full-17-02-005
财务成本管理,经营决策与预算,17,短期经营决策,第二节 生产决策,深加工决策,FIN-00339,逐节扩充题,456—462,465—471,2026年注册会计师全国统一考试辅导教材《财务成本管理》,,finance-full-17-02-006
财务成本管理,经营决策与预算,17,短期经营决策,第三节 定价决策,定价与相关成本,FIN-00340,逐节扩充题,463—467,472—476,2026年注册会计师全国统一考试辅导教材《财务成本管理》,,finance-full-17-03-001
财务成本管理,经营决策与预算,17,短期经营决策,第三节 定价决策,成本加成定价,FIN-00341,逐节扩充题,463—467,472—476,2026年注册会计师全国统一考试辅导教材《财务成本管理》,,finance-full-17-03-002
财务成本管理,经营决策与预算,17,短期经营决策,第三节 定价决策,市场与价格,FIN-00342,逐节扩充题,463—467,472—476,2026年注册会计师全国统一考试辅导教材《财务成本管理》,,finance-full-17-03-003
财务成本管理,经营决策与预算,18,全面预算,第一节 全面预算概述,预算性质,FIN-00343,原有起步题,468—470,477—479,2026年注册会计师全国统一考试辅导教材《财务成本管理》,,finance-18-01
财务成本管理,经营决策与预算,18,全面预算,第一节 全面预算概述,全面预算特征,FIN-00344,原有起步题,468—470,477—479,2026年注册会计师全国统一考试辅导教材《财务成本管理》,,finance-18-02
财务成本管理,经营决策与预算,18,全面预算,第一节 全面预算概述,预算体系,FIN-00345,原有起步题,468—470,477—479,2026年注册会计师全国统一考试辅导教材《财务成本管理》,,finance-18-03
财务成本管理,经营决策与预算,18,全面预算,第一节 全面预算概述,预算用途,FIN-00346,原有起步题,468—470,477—479,2026年注册会计师全国统一考试辅导教材《财务成本管理》,,finance-18-04
财务成本管理,经营决策与预算,18,全面预算,第一节 全面预算概述,全面预算体系,FIN-00347,逐节扩充题,468—469,477—478,2026年注册会计师全国统一考试辅导教材《财务成本管理》,,finance-full-18-01-001
财务成本管理,经营决策与预算,18,全面预算,第一节 全面预算概述,预算作用与编制程序,FIN-00348,逐节扩充题,468—469,477—478,2026年注册会计师全国统一考试辅导教材《财务成本管理》,,finance-full-18-01-002
财务成本管理,经营决策与预算,18,全面预算,第二节 全面预算的编制方法,增量与零基预算,FIN-00349,逐节扩充题,470—477,479—486,2026年注册会计师全国统一考试辅导教材《财务成本管理》,,finance-full-18-02-001
财务成本管理,经营决策与预算,18,全面预算,第二节 全面预算的编制方法,固定与弹性预算,FIN-00350,逐节扩充题,470—477,479—486,2026年注册会计师全国统一考试辅导教材《财务成本管理》,,finance-full-18-02-002
财务成本管理,经营决策与预算,18,全面预算,第二节 全面预算的编制方法,定期与滚动预算,FIN-00351,逐节扩充题,470—477,479—486,2026年注册会计师全国统一考试辅导教材《财务成本管理》,,finance-full-18-02-003
财务成本管理,经营决策与预算,18,全面预算,第三节 营业预算的编制,销售预算起点,FIN-00352,逐节扩充题,478—482,487—491,2026年注册会计师全国统一考试辅导教材《财务成本管理》,,finance-full-18-03-001
财务成本管理,经营决策与预算,18,全面预算,第三节 营业预算的编制,生产预算,FIN-00353,逐节扩充题,478—482,487—491,2026年注册会计师全国统一考试辅导教材《财务成本管理》,,finance-full-18-03-002
财务成本管理,经营决策与预算,18,全面预算,第三节 营业预算的编制,材料采购预算,FIN-00354,逐节扩充题,478—482,487—491,2026年注册会计师全国统一考试辅导教材《财务成本管理》,,finance-full-18-03-003
财务成本管理,经营决策与预算,18,全面预算,第三节 营业预算的编制,人工与制造费用预算,FIN-00355,逐节扩充题,478—482,487—491,2026年注册会计师全国统一考试辅导教材《财务成本管理》,,finance-full-18-03-004
财务成本管理,经营决策与预算,18,全面预算,第三节 营业预算的编制,产品与期间费用预算,FIN-00356,逐节扩充题,478—482,487—491,2026年注册会计师全国统一考试辅导教材《财务成本管理》,,finance-full-18-03-005
财务成本管理,经营决策与预算,18,全面预算,第四节 财务预算的编制,现金预算,FIN-00357,逐节扩充题,483—487,492—496,2026年注册会计师全国统一考试辅导教材《财务成本管理》,,finance-full-18-04-001
财务成本管理,经营决策与预算,18,全面预算,第四节 财务预算的编制,现金余缺与筹资,FIN-00358,逐节扩充题,483—487,492—496,2026年注册会计师全国统一考试辅导教材《财务成本管理》,,finance-full-18-04-002
财务成本管理,经营决策与预算,18,全面预算,第四节 财务预算的编制,预计利润表,FIN-00359,逐节扩充题,483—487,492—496,2026年注册会计师全国统一考试辅导教材《财务成本管理》,,finance-full-18-04-003
财务成本管理,经营决策与预算,18,全面预算,第四节 财务预算的编制,预计资产负债表,FIN-00360,逐节扩充题,483—487,492—496,2026年注册会计师全国统一考试辅导教材《财务成本管理》,,finance-full-18-04-004
财务成本管理,责任与业绩,19,责任会计,第一节 企业组织结构与责任中心划分,责任中心,FIN-00361,原有起步题,488—490,497—499,2026年注册会计师全国统一考试辅导教材《财务成本管理》,,finance-19-01
财务成本管理,责任与业绩,19,责任会计,第一节 企业组织结构与责任中心划分,责任报告,FIN-00362,原有起步题,488—490,497—499,2026年注册会计师全国统一考试辅导教材《财务成本管理》,,finance-19-02
财务成本管理,责任与业绩,19,责任会计,第一节 企业组织结构与责任中心划分,报告信息,FIN-00363,原有起步题,488—490,497—499,2026年注册会计师全国统一考试辅导教材《财务成本管理》,,finance-19-03
财务成本管理,责任与业绩,19,责任会计,第一节 企业组织结构与责任中心划分,业绩差异,FIN-00364,原有起步题,488—490,497—499,2026年注册会计师全国统一考试辅导教材《财务成本管理》,,finance-19-04
财务成本管理,责任与业绩,19,责任会计,第一节 企业组织结构与责任中心划分,集权与分权,FIN-00365,逐节扩充题,489—490,498—499,2026年注册会计师全国统一考试辅导教材《财务成本管理》,,finance-full-19-01-001
财务成本管理,责任与业绩,19,责任会计,第一节 企业组织结构与责任中心划分,组织结构,FIN-00366,逐节扩充题,489—490,498—499,2026年注册会计师全国统一考试辅导教材《财务成本管理》,,finance-full-19-01-002
财务成本管理,责任与业绩,19,责任会计,第二节 责任成本,责任成本,FIN-00367,逐节扩充题,491—492,500—501,2026年注册会计师全国统一考试辅导教材《财务成本管理》,,finance-full-19-02-001
财务成本管理,责任与业绩,19,责任会计,第二节 责任成本,可控性的相对性,FIN-00368,逐节扩充题,491—492,500—501,2026年注册会计师全国统一考试辅导教材《财务成本管理》,,finance-full-19-02-002
财务成本管理,责任与业绩,19,责任会计,第三节 成本中心,标准与费用中心,FIN-00369,逐节扩充题,493—495,502—504,2026年注册会计师全国统一考试辅导教材《财务成本管理》,,finance-full-19-03-001
财务成本管理,责任与业绩,19,责任会计,第三节 成本中心,成本中心考核,FIN-00370,逐节扩充题,493—495,502—504,2026年注册会计师全国统一考试辅导教材《财务成本管理》,,finance-full-19-03-002
财务成本管理,责任与业绩,19,责任会计,第四节 利润中心,利润中心,FIN-00371,逐节扩充题,496—498,505—507,2026年注册会计师全国统一考试辅导教材《财务成本管理》,,finance-full-19-04-001
财务成本管理,责任与业绩,19,责任会计,第四节 利润中心,利润中心指标,FIN-00372,逐节扩充题,496—498,505—507,2026年注册会计师全国统一考试辅导教材《财务成本管理》,,finance-full-19-04-002
财务成本管理,责任与业绩,19,责任会计,第五节 投资中心,投资报酬率,FIN-00373,逐节扩充题,499—502,508—511,2026年注册会计师全国统一考试辅导教材《财务成本管理》,,finance-full-19-05-001
财务成本管理,责任与业绩,19,责任会计,第五节 投资中心,剩余收益,FIN-00374,逐节扩充题,499—502,508—511,2026年注册会计师全国统一考试辅导教材《财务成本管理》,,finance-full-19-05-002
财务成本管理,责任与业绩,19,责任会计,第五节 投资中心,投资报酬率次优化,FIN-00375,逐节扩充题,499—502,508—511,2026年注册会计师全国统一考试辅导教材《财务成本管理》,,finance-full-19-05-003
财务成本管理,责任与业绩,19,责任会计,第六节 内部转移价格,内部转移价格,FIN-00376,逐节扩充题,503—504,512—513,2026年注册会计师全国统一考试辅导教材《财务成本管理》,,finance-full-19-06-001
财务成本管理,责任与业绩,19,责任会计,第六节 内部转移价格,转移价格类型,FIN-00377,逐节扩充题,503—504,512—513,2026年注册会计师全国统一考试辅导教材《财务成本管理》,,finance-full-19-06-002
财务成本管理,责任与业绩,19,责任会计,第六节 内部转移价格,国际转移定价,FIN-00378,逐节扩充题,503—504,512—513,2026年注册会计师全国统一考试辅导教材《财务成本管理》,,finance-full-19-06-003
财务成本管理,责任与业绩,20,业绩评价,第一节 财务业绩评价与非财务业绩评价,财务指标,FIN-00379,原有起步题,505—507,514—516,2026年注册会计师全国统一考试辅导教材《财务成本管理》,,finance-20-01
财务成本管理,责任与业绩,20,业绩评价,第一节 财务业绩评价与非财务业绩评价,非财务指标,FIN-00380,原有起步题,505—507,514—516,2026年注册会计师全国统一考试辅导教材《财务成本管理》,,finance-20-02
财务成本管理,责任与业绩,20,业绩评价,第一节 财务业绩评价与非财务业绩评价,非财务评价,FIN-00381,原有起步题,505—507,514—516,2026年注册会计师全国统一考试辅导教材《财务成本管理》,,finance-20-03
财务成本管理,责任与业绩,20,业绩评价,第一节 财务业绩评价与非财务业绩评价,综合评价,FIN-00382,原有起步题,505—507,514—516,2026年注册会计师全国统一考试辅导教材《财务成本管理》,,finance-20-04
财务成本管理,责任与业绩,20,业绩评价,第一节 财务业绩评价与非财务业绩评价,财务与非财务指标,FIN-00383,逐节扩充题,505,514,2026年注册会计师全国统一考试辅导教材《财务成本管理》,,finance-full-20-01-001
财务成本管理,责任与业绩,20,业绩评价,第二节 关键绩效指标法,关键绩效指标,FIN-00384,逐节扩充题,506,515,2026年注册会计师全国统一考试辅导教材《财务成本管理》,,finance-full-20-02-001
财务成本管理,责任与业绩,20,业绩评价,第二节 关键绩效指标法,KPI使用局限,FIN-00385,逐节扩充题,506,515,2026年注册会计师全国统一考试辅导教材《财务成本管理》,,finance-full-20-02-002
财务成本管理,责任与业绩,20,业绩评价,第三节 经济增加值,经济增加值,FIN-00386,逐节扩充题,507—511,516—520,2026年注册会计师全国统一考试辅导教材《财务成本管理》,,finance-full-20-03-001
财务成本管理,责任与业绩,20,业绩评价,第三节 经济增加值,经济增加值计算,FIN-00387,逐节扩充题,507—511,516—520,2026年注册会计师全国统一考试辅导教材《财务成本管理》,,finance-full-20-03-002
财务成本管理,责任与业绩,20,业绩评价,第三节 经济增加值,EVA口径调整,FIN-00388,逐节扩充题,507—511,516—520,2026年注册会计师全国统一考试辅导教材《财务成本管理》,,finance-full-20-03-003
财务成本管理,责任与业绩,20,业绩评价,第四节 平衡计分卡,平衡计分卡四维度,FIN-00389,逐节扩充题,512—516,521—525,2026年注册会计师全国统一考试辅导教材《财务成本管理》,,finance-full-20-04-001
财务成本管理,责任与业绩,20,业绩评价,第四节 平衡计分卡,战略地图,FIN-00390,逐节扩充题,512—516,521—525,2026年注册会计师全国统一考试辅导教材《财务成本管理》,,finance-full-20-04-002
财务成本管理,责任与业绩,20,业绩评价,第五节 绩效棱柱模型,绩效棱柱五方面,FIN-00391,逐节扩充题,517—518,526—527,2026年注册会计师全国统一考试辅导教材《财务成本管理》,,finance-full-20-05-001
财务成本管理,责任与业绩,20,业绩评价,第六节 标杆管理,标杆管理,FIN-00392,逐节扩充题,519—523,528—532,2026年注册会计师全国统一考试辅导教材《财务成本管理》,,finance-full-20-06-001
财务成本管理,责任与业绩,20,业绩评价,第六节 标杆管理,标杆选择与局限,FIN-00393,逐节扩充题,519—523,528—532,2026年注册会计师全国统一考试辅导教材《财务成本管理》,,finance-full-20-06-002
税法,税收基础,1,税法总论,第一节 税法概念,税收目的,TAX-00001,原有起步题,1—3,10—12,2026年注册会计师全国统一考试辅导教材《税法》,,tax-01-01
税法,税收基础,1,税法总论,第一节 税法概念,税法调整对象,TAX-00002,原有起步题,1—3,10—12,2026年注册会计师全国统一考试辅导教材《税法》,,tax-01-02
税法,税收基础,1,税法总论,第一节 税法概念,税法作用,TAX-00003,原有起步题,1—3,10—12,2026年注册会计师全国统一考试辅导教材《税法》,,tax-01-03
税法,税收基础,1,税法总论,第一节 税法概念,依法征纳,TAX-00004,原有起步题,1—3,10—12,2026年注册会计师全国统一考试辅导教材《税法》,,tax-01-04
税法,税收基础,1,税法总论,第一节 税法概念,税收基本特征,TAX-00005,逐节扩充题,1—5,10—14,2026年注册会计师全国统一考试辅导教材《税法》,,tax-full-01-01-001
税法,税收基础,1,税法总论,第一节 税法概念,税收法律关系,TAX-00006,逐节扩充题,1—5,10—14,2026年注册会计师全国统一考试辅导教材《税法》,,tax-full-01-01-002
税法,税收基础,1,税法总论,第一节 税法概念,税法与其他法律,TAX-00007,逐节扩充题,1—5,10—14,2026年注册会计师全国统一考试辅导教材《税法》,,tax-full-01-01-003
税法,税收基础,1,税法总论,第二节 税法原则,税收法定,TAX-00008,逐节扩充题,6—7,15—16,2026年注册会计师全国统一考试辅导教材《税法》,,tax-full-01-02-001
税法,税收基础,1,税法总论,第二节 税法原则,税法适用原则,TAX-00009,逐节扩充题,6—7,15—16,2026年注册会计师全国统一考试辅导教材《税法》,,tax-full-01-02-002
税法,税收基础,1,税法总论,第二节 税法原则,实质课税,TAX-00010,逐节扩充题,6—7,15—16,2026年注册会计师全国统一考试辅导教材《税法》,,tax-full-01-02-003
税法,税收基础,1,税法总论,第三节 税法（种）要素,纳税人与负税人,TAX-00011,逐节扩充题,8—12,17—21,2026年注册会计师全国统一考试辅导教材《税法》,,tax-full-01-03-001
税法,税收基础,1,税法总论,第三节 税法（种）要素,比例、累进与定额税率,TAX-00012,逐节扩充题,8—12,17—21,2026年注册会计师全国统一考试辅导教材《税法》,,tax-full-01-03-002
税法,税收基础,1,税法总论,第三节 税法（种）要素,超额累进与全额累进,TAX-00013,逐节扩充题,8—12,17—21,2026年注册会计师全国统一考试辅导教材《税法》,,tax-full-01-03-003
税法,税收基础,1,税法总论,第三节 税法（种）要素,起征点与免征额,TAX-00014,逐节扩充题,8—12,17—21,2026年注册会计师全国统一考试辅导教材《税法》,,tax-full-01-03-004
税法,税收基础,1,税法总论,第三节 税法（种）要素,纳税期限与地点,TAX-00015,逐节扩充题,8—12,17—21,2026年注册会计师全国统一考试辅导教材《税法》,,tax-full-01-03-005
税法,税收基础,1,税法总论,第四节 税收立法与我国税法体系,税收立法权限,TAX-00016,逐节扩充题,13—20,22—29,2026年注册会计师全国统一考试辅导教材《税法》,,tax-full-01-04-001
税法,税收基础,1,税法总论,第四节 税收立法与我国税法体系,现行税法体系,TAX-00017,逐节扩充题,13—20,22—29,2026年注册会计师全国统一考试辅导教材《税法》,,tax-full-01-04-002
税法,税收基础,1,税法总论,第五节 税收执法,税收征管范围,TAX-00018,逐节扩充题,21—24,30—33,2026年注册会计师全国统一考试辅导教材《税法》,,tax-full-01-05-001
税法,税收基础,1,税法总论,第五节 税收执法,税收执法权限,TAX-00019,逐节扩充题,21—24,30—33,2026年注册会计师全国统一考试辅导教材《税法》,,tax-full-01-05-002
税法,税收基础,1,税法总论,第六节 税务权利与义务,纳税人权利,TAX-00020,逐节扩充题,25—27,34—36,2026年注册会计师全国统一考试辅导教材《税法》,,tax-full-01-06-001
税法,税收基础,1,税法总论,第六节 税务权利与义务,扣缴义务,TAX-00021,逐节扩充题,25—27,34—36,2026年注册会计师全国统一考试辅导教材《税法》,,tax-full-01-06-002
税法,税收基础,1,税法总论,第七节 国际税收关系,国际重复征税,TAX-00022,逐节扩充题,28—34,37—43,2026年注册会计师全国统一考试辅导教材《税法》,,tax-full-01-07-001
税法,税收基础,1,税法总论,第七节 国际税收关系,避税与逃税,TAX-00023,逐节扩充题,28—34,37—43,2026年注册会计师全国统一考试辅导教材《税法》,,tax-full-01-07-002
税法,税收基础,1,税法总论,第一节 税法概念,税收法律关系的主体,TAX-00024,知识点补充题,3,12,2026年注册会计师全国统一考试辅导教材《税法》,,tax-full-01-01-004
税法,税收基础,1,税法总论,第一节 税法概念,税法与民法的关系,TAX-00025,知识点补充题,4,13,2026年注册会计师全国统一考试辅导教材《税法》,,tax-full-01-01-005
税法,税收基础,1,税法总论,第二节 税法原则,新法旧法与特别法,TAX-00026,知识点补充题,7,16,2026年注册会计师全国统一考试辅导教材《税法》,,tax-full-01-02-004
税法,税收基础,1,税法总论,第二节 税法原则,程序从新原则,TAX-00027,知识点补充题,7,16,2026年注册会计师全国统一考试辅导教材《税法》,,tax-full-01-02-005
税法,税收基础,1,税法总论,第三节 税法（种）要素,税目与征税对象,TAX-00028,知识点补充题,10,19,2026年注册会计师全国统一考试辅导教材《税法》,,tax-full-01-03-006
税法,税收基础,1,税法总论,第三节 税法（种）要素,纳税环节,TAX-00029,知识点补充题,12,21,2026年注册会计师全国统一考试辅导教材《税法》,,tax-full-01-03-007
税法,税收基础,1,税法总论,第四节 税收立法与我国税法体系,税收立法层级,TAX-00030,知识点补充题,15,24,2026年注册会计师全国统一考试辅导教材《税法》,,tax-full-01-04-003
税法,税收基础,1,税法总论,第四节 税收立法与我国税法体系,立法程序与现行税制,TAX-00031,知识点补充题,18,27,2026年注册会计师全国统一考试辅导教材《税法》,,tax-full-01-04-004
税法,税收基础,1,税法总论,第五节 税收执法,税务机关与海关分工,TAX-00032,知识点补充题,22,31,2026年注册会计师全国统一考试辅导教材《税法》,,tax-full-01-05-003
税法,税收基础,1,税法总论,第五节 税收执法,税收收入归属,TAX-00033,知识点补充题,22,31,2026年注册会计师全国统一考试辅导教材《税法》,,tax-full-01-05-004
税法,税收基础,1,税法总论,第六节 税务权利与义务,纳税人救济权利,TAX-00034,知识点补充题,26,35,2026年注册会计师全国统一考试辅导教材《税法》,,tax-full-01-06-003
税法,税收基础,1,税法总论,第六节 税务权利与义务,扣缴义务人的独立责任,TAX-00035,知识点补充题,26,35,2026年注册会计师全国统一考试辅导教材《税法》,,tax-full-01-06-004
税法,税收基础,1,税法总论,第七节 国际税收关系,法律性与经济性重复征税,TAX-00036,知识点补充题,28,37,2026年注册会计师全国统一考试辅导教材《税法》,,tax-full-01-07-003
税法,税收基础,1,税法总论,第七节 国际税收关系,税收协定与国内法,TAX-00037,知识点补充题,30,39,2026年注册会计师全国统一考试辅导教材《税法》,,tax-full-01-07-004
税法,流转税与附加,2,增值税法,第一节 征税范围,增值税范围,TAX-00038,原有起步题,35—37,44—46,2026年注册会计师全国统一考试辅导教材《税法》,,tax-02-01
税法,流转税与附加,2,增值税法,第一节 征税范围,进口征收机关,TAX-00039,原有起步题,35—37,44—46,2026年注册会计师全国统一考试辅导教材《税法》,,tax-02-02
税法,流转税与附加,2,增值税法,第一节 征税范围,应税交易标的,TAX-00040,原有起步题,35—37,44—46,2026年注册会计师全国统一考试辅导教材《税法》,,tax-02-03
税法,流转税与附加,2,增值税法,第一节 征税范围,征税范围判断,TAX-00041,原有起步题,35—37,44—46,2026年注册会计师全国统一考试辅导教材《税法》,,tax-02-04
税法,流转税与附加,2,增值税法,第一节 征税范围,境内销售判断,TAX-00042,逐节扩充题,36—46,45—55,2026年注册会计师全国统一考试辅导教材《税法》,,tax-full-02-01-001
税法,流转税与附加,2,增值税法,第一节 征税范围,有偿销售,TAX-00043,逐节扩充题,36—46,45—55,2026年注册会计师全国统一考试辅导教材《税法》,,tax-full-02-01-002
税法,流转税与附加,2,增值税法,第一节 征税范围,视同应税交易,TAX-00044,逐节扩充题,36—46,45—55,2026年注册会计师全国统一考试辅导教材《税法》,,tax-full-02-01-003
税法,流转税与附加,2,增值税法,第一节 征税范围,非应税交易,TAX-00045,逐节扩充题,36—46,45—55,2026年注册会计师全国统一考试辅导教材《税法》,,tax-full-02-01-004
税法,流转税与附加,2,增值税法,第一节 征税范围,应税交易分类,TAX-00046,逐节扩充题,36—46,45—55,2026年注册会计师全国统一考试辅导教材《税法》,,tax-full-02-01-005
税法,流转税与附加,2,增值税法,第二节 纳税人和扣缴义务人,纳税人分类,TAX-00047,逐节扩充题,47—50,56—59,2026年注册会计师全国统一考试辅导教材《税法》,,tax-full-02-02-001
税法,流转税与附加,2,增值税法,第二节 纳税人和扣缴义务人,一般纳税人登记,TAX-00048,逐节扩充题,47—50,56—59,2026年注册会计师全国统一考试辅导教材《税法》,,tax-full-02-02-002
税法,流转税与附加,2,增值税法,第二节 纳税人和扣缴义务人,境外纳税人扣缴,TAX-00049,逐节扩充题,47—50,56—59,2026年注册会计师全国统一考试辅导教材《税法》,,tax-full-02-02-003
税法,流转税与附加,2,增值税法,第三节 税率,增值税税率结构,TAX-00050,逐节扩充题,51—58,60—67,2026年注册会计师全国统一考试辅导教材《税法》,,tax-full-02-03-001
税法,流转税与附加,2,增值税法,第三节 税率,不同交易分别核算,TAX-00051,逐节扩充题,51—58,60—67,2026年注册会计师全国统一考试辅导教材《税法》,,tax-full-02-03-002
税法,流转税与附加,2,增值税法,第三节 税率,一项交易主要业务,TAX-00052,逐节扩充题,51—58,60—67,2026年注册会计师全国统一考试辅导教材《税法》,,tax-full-02-03-003
税法,流转税与附加,2,增值税法,第三节 税率,零税率与免税,TAX-00053,逐节扩充题,51—58,60—67,2026年注册会计师全国统一考试辅导教材《税法》,,tax-full-02-03-004
税法,流转税与附加,2,增值税法,第四节 一般计税方法应纳税额的计算,价税分离,TAX-00054,逐节扩充题,59—84,68—93,2026年注册会计师全国统一考试辅导教材《税法》,,tax-full-02-04-001
税法,流转税与附加,2,增值税法,第四节 一般计税方法应纳税额的计算,一般计税公式,TAX-00055,逐节扩充题,59—84,68—93,2026年注册会计师全国统一考试辅导教材《税法》,,tax-full-02-04-002
税法,流转税与附加,2,增值税法,第四节 一般计税方法应纳税额的计算,折扣与销售额,TAX-00056,逐节扩充题,59—84,68—93,2026年注册会计师全国统一考试辅导教材《税法》,,tax-full-02-04-003
税法,流转税与附加,2,增值税法,第四节 一般计税方法应纳税额的计算,进项抵扣条件,TAX-00057,逐节扩充题,59—84,68—93,2026年注册会计师全国统一考试辅导教材《税法》,,tax-full-02-04-004
税法,流转税与附加,2,增值税法,第四节 一般计税方法应纳税额的计算,不得抵扣用途,TAX-00058,逐节扩充题,59—84,68—93,2026年注册会计师全国统一考试辅导教材《税法》,,tax-full-02-04-005
税法,流转税与附加,2,增值税法,第四节 一般计税方法应纳税额的计算,进项税额转出,TAX-00059,逐节扩充题,59—84,68—93,2026年注册会计师全国统一考试辅导教材《税法》,,tax-full-02-04-006
税法,流转税与附加,2,增值税法,第四节 一般计税方法应纳税额的计算,留抵与应纳税额,TAX-00060,逐节扩充题,59—84,68—93,2026年注册会计师全国统一考试辅导教材《税法》,,tax-full-02-04-007
税法,流转税与附加,2,增值税法,第四节 一般计税方法应纳税额的计算,加计抵减,TAX-00061,逐节扩充题,59—84,68—93,2026年注册会计师全国统一考试辅导教材《税法》,,tax-full-02-04-008
税法,流转税与附加,2,增值税法,第五节 简易计税方法,简易计税公式,TAX-00062,逐节扩充题,85—88,94—97,2026年注册会计师全国统一考试辅导教材《税法》,,tax-full-02-05-001
税法,流转税与附加,2,增值税法,第五节 简易计税方法,一般纳税人简易计税,TAX-00063,逐节扩充题,85—88,94—97,2026年注册会计师全国统一考试辅导教材《税法》,,tax-full-02-05-002
税法,流转税与附加,2,增值税法,第五节 简易计税方法,简易计税选择,TAX-00064,逐节扩充题,85—88,94—97,2026年注册会计师全国统一考试辅导教材《税法》,,tax-full-02-05-003
税法,流转税与附加,2,增值税法,第六节 进口环节增值税的征收,进口组成计税价格,TAX-00065,逐节扩充题,89—91,98—100,2026年注册会计师全国统一考试辅导教材《税法》,,tax-full-02-06-001
税法,流转税与附加,2,增值税法,第六节 进口环节增值税的征收,进口增值税计算,TAX-00066,逐节扩充题,89—91,98—100,2026年注册会计师全国统一考试辅导教材《税法》,,tax-full-02-06-002
税法,流转税与附加,2,增值税法,第六节 进口环节增值税的征收,跨境电商零售进口,TAX-00067,逐节扩充题,89—91,98—100,2026年注册会计师全国统一考试辅导教材《税法》,,tax-full-02-06-003
税法,流转税与附加,2,增值税法,第七节 出口货物和跨境销售服务、无形资产增值税政策,出口退免税基本政策,TAX-00068,逐节扩充题,92—113,101—122,2026年注册会计师全国统一考试辅导教材《税法》,,tax-full-02-07-001
税法,流转税与附加,2,增值税法,第七节 出口货物和跨境销售服务、无形资产增值税政策,免抵退与免退,TAX-00069,逐节扩充题,92—113,101—122,2026年注册会计师全国统一考试辅导教材《税法》,,tax-full-02-07-002
税法,流转税与附加,2,增值税法,第七节 出口货物和跨境销售服务、无形资产增值税政策,征退税率差,TAX-00070,逐节扩充题,92—113,101—122,2026年注册会计师全国统一考试辅导教材《税法》,,tax-full-02-07-003
税法,流转税与附加,2,增值税法,第七节 出口货物和跨境销售服务、无形资产增值税政策,出口资料管理,TAX-00071,逐节扩充题,92—113,101—122,2026年注册会计师全国统一考试辅导教材《税法》,,tax-full-02-07-004
税法,流转税与附加,2,增值税法,第七节 出口货物和跨境销售服务、无形资产增值税政策,跨境服务与海外仓,TAX-00072,逐节扩充题,92—113,101—122,2026年注册会计师全国统一考试辅导教材《税法》,,tax-full-02-07-005
税法,流转税与附加,2,增值税法,第八节 税收优惠,免税与起征点,TAX-00073,逐节扩充题,114—129,123—138,2026年注册会计师全国统一考试辅导教材《税法》,,tax-full-02-08-001
税法,流转税与附加,2,增值税法,第八节 税收优惠,即征即退,TAX-00074,逐节扩充题,114—129,123—138,2026年注册会计师全国统一考试辅导教材《税法》,,tax-full-02-08-002
税法,流转税与附加,2,增值税法,第八节 税收优惠,优惠分别核算,TAX-00075,逐节扩充题,114—129,123—138,2026年注册会计师全国统一考试辅导教材《税法》,,tax-full-02-08-003
税法,流转税与附加,2,增值税法,第九节 征收管理,纳税义务发生时间,TAX-00076,逐节扩充题,130—143,139—152,2026年注册会计师全国统一考试辅导教材《税法》,,tax-full-02-09-001
税法,流转税与附加,2,增值税法,第九节 征收管理,预缴与最终申报,TAX-00077,逐节扩充题,130—143,139—152,2026年注册会计师全国统一考试辅导教材《税法》,,tax-full-02-09-002
税法,流转税与附加,2,增值税法,第九节 征收管理,发票管理,TAX-00078,逐节扩充题,130—143,139—152,2026年注册会计师全国统一考试辅导教材《税法》,,tax-full-02-09-003
税法,流转税与附加,2,增值税法,第九节 征收管理,申报调整,TAX-00079,逐节扩充题,130—143,139—152,2026年注册会计师全国统一考试辅导教材《税法》,,tax-full-02-09-004
税法,流转税与附加,2,增值税法,第一节 征税范围,应税交易的地域判断,TAX-00080,知识点补充题,36,45,2026年注册会计师全国统一考试辅导教材《税法》,,tax-full-02-01-006
税法,流转税与附加,2,增值税法,第一节 征税范围,无偿交易与视同应税,TAX-00081,知识点补充题,45,54,2026年注册会计师全国统一考试辅导教材《税法》,,tax-full-02-01-007
税法,流转税与附加,2,增值税法,第一节 征税范围,非应税交易辨析,TAX-00082,知识点补充题,45,54,2026年注册会计师全国统一考试辅导教材《税法》,,tax-full-02-01-008
税法,流转税与附加,2,增值税法,第一节 征税范围,混合交易拆分,TAX-00083,知识点补充题,46,55,2026年注册会计师全国统一考试辅导教材《税法》,,tax-full-02-01-009
税法,流转税与附加,2,增值税法,第二节 纳税人和扣缴义务人,一般纳税人登记后计税,TAX-00084,知识点补充题,47,56,2026年注册会计师全国统一考试辅导教材《税法》,,tax-full-02-02-004
税法,流转税与附加,2,增值税法,第二节 纳税人和扣缴义务人,境外单位扣缴计税,TAX-00085,知识点补充题,51,60,2026年注册会计师全国统一考试辅导教材《税法》,,tax-full-02-02-005
税法,流转税与附加,2,增值税法,第三节 税率,低税率货物边界,TAX-00086,知识点补充题,52,61,2026年注册会计师全国统一考试辅导教材《税法》,,tax-full-02-03-005
税法,流转税与附加,2,增值税法,第三节 税率,零税率跨境服务范围,TAX-00087,知识点补充题,58,67,2026年注册会计师全国统一考试辅导教材《税法》,,tax-full-02-03-006
税法,流转税与附加,2,增值税法,第三节 税率,征收率与税率区分,TAX-00088,知识点补充题,59,68,2026年注册会计师全国统一考试辅导教材《税法》,,tax-full-02-03-007
税法,流转税与附加,2,增值税法,第四节 一般计税方法应纳税额的计算,价外费用与销售额,TAX-00089,知识点补充题,60,69,2026年注册会计师全国统一考试辅导教材《税法》,,tax-full-02-04-009
税法,流转税与附加,2,增值税法,第四节 一般计税方法应纳税额的计算,折扣折让区分,TAX-00090,知识点补充题,61,70,2026年注册会计师全国统一考试辅导教材《税法》,,tax-full-02-04-010
税法,流转税与附加,2,增值税法,第四节 一般计税方法应纳税额的计算,以旧换新销售额,TAX-00091,知识点补充题,63,72,2026年注册会计师全国统一考试辅导教材《税法》,,tax-full-02-04-011
税法,流转税与附加,2,增值税法,第四节 一般计税方法应纳税额的计算,进项抵扣凭证,TAX-00092,知识点补充题,67,76,2026年注册会计师全国统一考试辅导教材《税法》,,tax-full-02-04-012
税法,流转税与附加,2,增值税法,第四节 一般计税方法应纳税额的计算,农产品进项计算,TAX-00093,知识点补充题,70,79,2026年注册会计师全国统一考试辅导教材《税法》,,tax-full-02-04-013
税法,流转税与附加,2,增值税法,第四节 一般计税方法应纳税额的计算,兼营不得抵扣用途,TAX-00094,知识点补充题,73,82,2026年注册会计师全国统一考试辅导教材《税法》,,tax-full-02-04-014
税法,流转税与附加,2,增值税法,第四节 一般计税方法应纳税额的计算,异常凭证与进项转出,TAX-00095,知识点补充题,75,84,2026年注册会计师全国统一考试辅导教材《税法》,,tax-full-02-04-015
税法,流转税与附加,2,增值税法,第四节 一般计税方法应纳税额的计算,期末留抵的边界,TAX-00096,知识点补充题,78,87,2026年注册会计师全国统一考试辅导教材《税法》,,tax-full-02-04-016
税法,流转税与附加,2,增值税法,第五节 简易计税方法,简易计税不得抵扣,TAX-00097,知识点补充题,85,94,2026年注册会计师全国统一考试辅导教材《税法》,,tax-full-02-05-004
税法,流转税与附加,2,增值税法,第五节 简易计税方法,减按征收率辨析,TAX-00098,知识点补充题,87,96,2026年注册会计师全国统一考试辅导教材《税法》,,tax-full-02-05-005
税法,流转税与附加,2,增值税法,第六节 进口环节增值税的征收,进口完税价格构成,TAX-00099,知识点补充题,90,99,2026年注册会计师全国统一考试辅导教材《税法》,,tax-full-02-06-004
税法,流转税与附加,2,增值税法,第六节 进口环节增值税的征收,进口增值税算例,TAX-00100,知识点补充题,90,99,2026年注册会计师全国统一考试辅导教材《税法》,,tax-full-02-06-005
税法,流转税与附加,2,增值税法,第六节 进口环节增值税的征收,跨境电商零售进口边界,TAX-00101,知识点补充题,91,100,2026年注册会计师全国统一考试辅导教材《税法》,,tax-full-02-06-006
税法,流转税与附加,2,增值税法,第七节 出口货物和跨境销售服务、无形资产增值税政策,出口退税资格条件,TAX-00102,知识点补充题,93,102,2026年注册会计师全国统一考试辅导教材《税法》,,tax-full-02-07-006
税法,流转税与附加,2,增值税法,第七节 出口货物和跨境销售服务、无形资产增值税政策,免抵退计算顺序,TAX-00103,知识点补充题,96,105,2026年注册会计师全国统一考试辅导教材《税法》,,tax-full-02-07-007
税法,流转税与附加,2,增值税法,第七节 出口货物和跨境销售服务、无形资产增值税政策,出口免税与零税率辨析,TAX-00104,知识点补充题,101,110,2026年注册会计师全国统一考试辅导教材《税法》,,tax-full-02-07-008
税法,流转税与附加,2,增值税法,第七节 出口货物和跨境销售服务、无形资产增值税政策,出口征税情形,TAX-00105,知识点补充题,103,112,2026年注册会计师全国统一考试辅导教材《税法》,,tax-full-02-07-009
税法,流转税与附加,2,增值税法,第七节 出口货物和跨境销售服务、无形资产增值税政策,海外仓出口时间,TAX-00106,知识点补充题,110,119,2026年注册会计师全国统一考试辅导教材《税法》,,tax-full-02-07-010
税法,流转税与附加,2,增值税法,第八节 税收优惠,起征点与免税额,TAX-00107,知识点补充题,115,124,2026年注册会计师全国统一考试辅导教材《税法》,,tax-full-02-08-004
税法,流转税与附加,2,增值税法,第八节 税收优惠,免税与进项抵扣,TAX-00108,知识点补充题,116,125,2026年注册会计师全国统一考试辅导教材《税法》,,tax-full-02-08-005
税法,流转税与附加,2,增值税法,第八节 税收优惠,即征即退顺序,TAX-00109,知识点补充题,125,134,2026年注册会计师全国统一考试辅导教材《税法》,,tax-full-02-08-006
税法,流转税与附加,2,增值税法,第九节 征收管理,预收款与纳税义务时点,TAX-00110,知识点补充题,130,139,2026年注册会计师全国统一考试辅导教材《税法》,,tax-full-02-09-005
税法,流转税与附加,2,增值税法,第九节 征收管理,建筑服务预缴,TAX-00111,知识点补充题,132,141,2026年注册会计师全国统一考试辅导教材《税法》,,tax-full-02-09-006
税法,流转税与附加,2,增值税法,第九节 征收管理,红字发票调整,TAX-00112,知识点补充题,135,144,2026年注册会计师全国统一考试辅导教材《税法》,,tax-full-02-09-007
税法,流转税与附加,2,增值税法,第九节 征收管理,增值税申报表销项与进项,TAX-00113,知识点补充题,138,147,2026年注册会计师全国统一考试辅导教材《税法》,,tax-full-02-09-008
税法,流转税与附加,2,增值税法,第九节 征收管理,免税销售申报,TAX-00114,知识点补充题,138,147,2026年注册会计师全国统一考试辅导教材《税法》,,tax-full-02-09-009
税法,流转税与附加,2,增值税法,第五节 简易计税方法,中外合作开采石油资源,TAX-00115,知识点补充题,88,97,2026年注册会计师全国统一考试辅导教材《税法》,,tax-full-02-05-006
税法,流转税与附加,3,消费税法,第一节 纳税人与税目、税率,消费税范围,TAX-00116,原有起步题,144—146,153—155,2026年注册会计师全国统一考试辅导教材《税法》,,tax-03-01
税法,流转税与附加,3,消费税法,第一节 纳税人与税目、税率,复合计税,TAX-00117,原有起步题,144—146,153—155,2026年注册会计师全国统一考试辅导教材《税法》,,tax-03-02
税法,流转税与附加,3,消费税法,第一节 纳税人与税目、税率,计税方式,TAX-00118,原有起步题,144—146,153—155,2026年注册会计师全国统一考试辅导教材《税法》,,tax-03-03
税法,流转税与附加,3,消费税法,第一节 纳税人与税目、税率,税目意识,TAX-00119,原有起步题,144—146,153—155,2026年注册会计师全国统一考试辅导教材《税法》,,tax-03-04
税法,流转税与附加,3,消费税法,第一节 纳税人与税目、税率,消费税税目,TAX-00120,逐节扩充题,144—150,153—159,2026年注册会计师全国统一考试辅导教材《税法》,,tax-full-03-01-001
税法,流转税与附加,3,消费税法,第一节 纳税人与税目、税率,消费税纳税环节,TAX-00121,逐节扩充题,144—150,153—159,2026年注册会计师全国统一考试辅导教材《税法》,,tax-full-03-01-002
税法,流转税与附加,3,消费税法,第一节 纳税人与税目、税率,税率形式,TAX-00122,逐节扩充题,144—150,153—159,2026年注册会计师全国统一考试辅导教材《税法》,,tax-full-03-01-003
税法,流转税与附加,3,消费税法,第二节 计税依据,消费税与增值税价款,TAX-00123,逐节扩充题,151—154,160—163,2026年注册会计师全国统一考试辅导教材《税法》,,tax-full-03-02-001
税法,流转税与附加,3,消费税法,第二节 计税依据,组成计税价格,TAX-00124,逐节扩充题,151—154,160—163,2026年注册会计师全国统一考试辅导教材《税法》,,tax-full-03-02-002
税法,流转税与附加,3,消费税法,第二节 计税依据,包装物与特殊计价,TAX-00125,逐节扩充题,151—154,160—163,2026年注册会计师全国统一考试辅导教材《税法》,,tax-full-03-02-003
税法,流转税与附加,3,消费税法,第三节 应纳税额的计算,从价消费税计算,TAX-00126,逐节扩充题,155—164,164—173,2026年注册会计师全国统一考试辅导教材《税法》,,tax-full-03-03-001
税法,流转税与附加,3,消费税法,第三节 应纳税额的计算,复合消费税计算,TAX-00127,逐节扩充题,155—164,164—173,2026年注册会计师全国统一考试辅导教材《税法》,,tax-full-03-03-002
税法,流转税与附加,3,消费税法,第三节 应纳税额的计算,委托加工代收代缴,TAX-00128,逐节扩充题,155—164,164—173,2026年注册会计师全国统一考试辅导教材《税法》,,tax-full-03-03-003
税法,流转税与附加,3,消费税法,第三节 应纳税额的计算,进口消费税,TAX-00129,逐节扩充题,155—164,164—173,2026年注册会计师全国统一考试辅导教材《税法》,,tax-full-03-03-004
税法,流转税与附加,3,消费税法,第三节 应纳税额的计算,已纳税额扣除,TAX-00130,逐节扩充题,155—164,164—173,2026年注册会计师全国统一考试辅导教材《税法》,,tax-full-03-03-005
税法,流转税与附加,3,消费税法,第三节 应纳税额的计算,特殊环节与出口,TAX-00131,逐节扩充题,155—164,164—173,2026年注册会计师全国统一考试辅导教材《税法》,,tax-full-03-03-006
税法,流转税与附加,3,消费税法,第四节 征收管理,消费税申报与地点,TAX-00132,逐节扩充题,165—169,174—178,2026年注册会计师全国统一考试辅导教材《税法》,,tax-full-03-04-001
税法,流转税与附加,3,消费税法,第四节 征收管理,消费税退补税,TAX-00133,逐节扩充题,165—169,174—178,2026年注册会计师全国统一考试辅导教材《税法》,,tax-full-03-04-002
税法,流转税与附加,3,消费税法,第一节 纳税人与税目、税率,消费税应税品范围,TAX-00134,知识点补充题,145,154,2026年注册会计师全国统一考试辅导教材《税法》,,tax-full-03-01-004
税法,流转税与附加,3,消费税法,第一节 纳税人与税目、税率,卷烟批发环节,TAX-00135,知识点补充题,149,158,2026年注册会计师全国统一考试辅导教材《税法》,,tax-full-03-01-005
税法,流转税与附加,3,消费税法,第一节 纳税人与税目、税率,金银首饰零售,TAX-00136,知识点补充题,150,159,2026年注册会计师全国统一考试辅导教材《税法》,,tax-full-03-01-006
税法,流转税与附加,3,消费税法,第二节 计税依据,从价计税销售额,TAX-00137,知识点补充题,151,160,2026年注册会计师全国统一考试辅导教材《税法》,,tax-full-03-02-004
税法,流转税与附加,3,消费税法,第二节 计税依据,包装物押金,TAX-00138,知识点补充题,154,163,2026年注册会计师全国统一考试辅导教材《税法》,,tax-full-03-02-005
税法,流转税与附加,3,消费税法,第二节 计税依据,自产自用组成计税价,TAX-00139,知识点补充题,155,164,2026年注册会计师全国统一考试辅导教材《税法》,,tax-full-03-02-006
税法,流转税与附加,3,消费税法,第三节 应纳税额的计算,复合税率算例,TAX-00140,知识点补充题,157,166,2026年注册会计师全国统一考试辅导教材《税法》,,tax-full-03-03-007
税法,流转税与附加,3,消费税法,第三节 应纳税额的计算,委托加工收回后销售,TAX-00141,知识点补充题,159,168,2026年注册会计师全国统一考试辅导教材《税法》,,tax-full-03-03-008
税法,流转税与附加,3,消费税法,第三节 应纳税额的计算,进口消费税组成计税价,TAX-00142,知识点补充题,160,169,2026年注册会计师全国统一考试辅导教材《税法》,,tax-full-03-03-009
税法,流转税与附加,3,消费税法,第三节 应纳税额的计算,已纳消费税扣除范围,TAX-00143,知识点补充题,161,170,2026年注册会计师全国统一考试辅导教材《税法》,,tax-full-03-03-010
税法,流转税与附加,3,消费税法,第四节 征收管理,移送使用的纳税时点,TAX-00144,知识点补充题,166,175,2026年注册会计师全国统一考试辅导教材《税法》,,tax-full-03-04-003
税法,流转税与附加,3,消费税法,第四节 征收管理,出口消费税退还,TAX-00145,知识点补充题,165,174,2026年注册会计师全国统一考试辅导教材《税法》,,tax-full-03-04-004
税法,流转税与附加,3,消费税法,第四节 征收管理,成品油涉税产品检测,TAX-00146,知识点补充题,168,177,2026年注册会计师全国统一考试辅导教材《税法》,,tax-full-03-04-005
税法,所得税,4,企业所得税法,第一节 纳税人、征税对象与税率,适用范围,TAX-00147,原有起步题,170—172,179—181,2026年注册会计师全国统一考试辅导教材《税法》,,tax-04-01
税法,所得税,4,企业所得税法,第一节 纳税人、征税对象与税率,居民企业判断,TAX-00148,原有起步题,170—172,179—181,2026年注册会计师全国统一考试辅导教材《税法》,,tax-04-02
税法,所得税,4,企业所得税法,第一节 纳税人、征税对象与税率,居民企业应税所得范围,TAX-00149,原有起步题,170—172,179—181,2026年注册会计师全国统一考试辅导教材《税法》,,tax-04-03
税法,所得税,4,企业所得税法,第一节 纳税人、征税对象与税率,纳税人区分,TAX-00150,原有起步题,170—172,179—181,2026年注册会计师全国统一考试辅导教材《税法》,,tax-04-04
税法,所得税,4,企业所得税法,第一节 纳税人、征税对象与税率,居民与非居民税负范围,TAX-00151,逐节扩充题,170—171,179—180,2026年注册会计师全国统一考试辅导教材《税法》,,tax-full-04-01-001
税法,所得税,4,企业所得税法,第一节 纳税人、征税对象与税率,企业所得税基本税率,TAX-00152,逐节扩充题,170—171,179—180,2026年注册会计师全国统一考试辅导教材《税法》,,tax-full-04-01-002
税法,所得税,4,企业所得税法,第二节 应纳税所得额,应纳税所得额框架,TAX-00153,逐节扩充题,172—199,181—208,2026年注册会计师全国统一考试辅导教材《税法》,,tax-full-04-02-001
税法,所得税,4,企业所得税法,第二节 应纳税所得额,收入确认,TAX-00154,逐节扩充题,172—199,181—208,2026年注册会计师全国统一考试辅导教材《税法》,,tax-full-04-02-002
税法,所得税,4,企业所得税法,第二节 应纳税所得额,视同销售,TAX-00155,逐节扩充题,172—199,181—208,2026年注册会计师全国统一考试辅导教材《税法》,,tax-full-04-02-003
税法,所得税,4,企业所得税法,第二节 应纳税所得额,不征税与免税收入,TAX-00156,逐节扩充题,172—199,181—208,2026年注册会计师全国统一考试辅导教材《税法》,,tax-full-04-02-004
税法,所得税,4,企业所得税法,第二节 应纳税所得额,合理工资薪金,TAX-00157,逐节扩充题,172—199,181—208,2026年注册会计师全国统一考试辅导教材《税法》,,tax-full-04-02-005
税法,所得税,4,企业所得税法,第二节 应纳税所得额,业务招待费,TAX-00158,逐节扩充题,172—199,181—208,2026年注册会计师全国统一考试辅导教材《税法》,,tax-full-04-02-006
税法,所得税,4,企业所得税法,第二节 应纳税所得额,广告宣传费,TAX-00159,逐节扩充题,172—199,181—208,2026年注册会计师全国统一考试辅导教材《税法》,,tax-full-04-02-007
税法,所得税,4,企业所得税法,第二节 应纳税所得额,公益捐赠,TAX-00160,逐节扩充题,172—199,181—208,2026年注册会计师全国统一考试辅导教材《税法》,,tax-full-04-02-008
税法,所得税,4,企业所得税法,第二节 应纳税所得额,不得扣除项目,TAX-00161,逐节扩充题,172—199,181—208,2026年注册会计师全国统一考试辅导教材《税法》,,tax-full-04-02-009
税法,所得税,4,企业所得税法,第二节 应纳税所得额,亏损弥补,TAX-00162,逐节扩充题,172—199,181—208,2026年注册会计师全国统一考试辅导教材《税法》,,tax-full-04-02-010
税法,所得税,4,企业所得税法,第三节 资产的税务处理,固定资产税务折旧,TAX-00163,逐节扩充题,200—204,209—213,2026年注册会计师全国统一考试辅导教材《税法》,,tax-full-04-03-001
税法,所得税,4,企业所得税法,第三节 资产的税务处理,无形资产与研发,TAX-00164,逐节扩充题,200—204,209—213,2026年注册会计师全国统一考试辅导教材《税法》,,tax-full-04-03-002
税法,所得税,4,企业所得税法,第三节 资产的税务处理,存货与投资资产,TAX-00165,逐节扩充题,200—204,209—213,2026年注册会计师全国统一考试辅导教材《税法》,,tax-full-04-03-003
税法,所得税,4,企业所得税法,第四节 资产损失的所得税处理,资产损失证据,TAX-00166,逐节扩充题,205—207,214—216,2026年注册会计师全国统一考试辅导教材《税法》,,tax-full-04-04-001
税法,所得税,4,企业所得税法,第四节 资产损失的所得税处理,实际与法定资产损失,TAX-00167,逐节扩充题,205—207,214—216,2026年注册会计师全国统一考试辅导教材《税法》,,tax-full-04-04-002
税法,所得税,4,企业所得税法,第五节 企业重组的所得税处理,重组一般处理,TAX-00168,逐节扩充题,208—212,217—221,2026年注册会计师全国统一考试辅导教材《税法》,,tax-full-04-05-001
税法,所得税,4,企业所得税法,第五节 企业重组的所得税处理,重组特殊处理,TAX-00169,逐节扩充题,208—212,217—221,2026年注册会计师全国统一考试辅导教材《税法》,,tax-full-04-05-002
税法,所得税,4,企业所得税法,第五节 企业重组的所得税处理,递延与免税,TAX-00170,逐节扩充题,208—212,217—221,2026年注册会计师全国统一考试辅导教材《税法》,,tax-full-04-05-003
税法,所得税,4,企业所得税法,第六节 税收优惠,高新技术优惠,TAX-00171,逐节扩充题,213—240,222—249,2026年注册会计师全国统一考试辅导教材《税法》,,tax-full-04-06-001
税法,所得税,4,企业所得税法,第六节 税收优惠,小型微利企业条件,TAX-00172,逐节扩充题,213—240,222—249,2026年注册会计师全国统一考试辅导教材《税法》,,tax-full-04-06-002
税法,所得税,4,企业所得税法,第六节 税收优惠,小型微利税额,TAX-00173,逐节扩充题,213—240,222—249,2026年注册会计师全国统一考试辅导教材《税法》,,tax-full-04-06-003
税法,所得税,4,企业所得税法,第六节 税收优惠,研发加计扣除,TAX-00174,逐节扩充题,213—240,222—249,2026年注册会计师全国统一考试辅导教材《税法》,,tax-full-04-06-004
税法,所得税,4,企业所得税法,第六节 税收优惠,残疾人工资加计扣除,TAX-00175,逐节扩充题,213—240,222—249,2026年注册会计师全国统一考试辅导教材《税法》,,tax-full-04-06-005
税法,所得税,4,企业所得税法,第六节 税收优惠,减计收入与税额抵免,TAX-00176,逐节扩充题,213—240,222—249,2026年注册会计师全国统一考试辅导教材《税法》,,tax-full-04-06-006
税法,所得税,4,企业所得税法,第六节 税收优惠,优惠适用条件,TAX-00177,逐节扩充题,213—240,222—249,2026年注册会计师全国统一考试辅导教材《税法》,,tax-full-04-06-007
税法,所得税,4,企业所得税法,第七节 应纳税额的计算,居民企业税额,TAX-00178,逐节扩充题,241—247,250—256,2026年注册会计师全国统一考试辅导教材《税法》,,tax-full-04-07-001
税法,所得税,4,企业所得税法,第七节 应纳税额的计算,境外税额抵免,TAX-00179,逐节扩充题,241—247,250—256,2026年注册会计师全国统一考试辅导教材《税法》,,tax-full-04-07-002
税法,所得税,4,企业所得税法,第七节 应纳税额的计算,核定征收,TAX-00180,逐节扩充题,241—247,250—256,2026年注册会计师全国统一考试辅导教材《税法》,,tax-full-04-07-003
税法,所得税,4,企业所得税法,第七节 应纳税额的计算,非居民所得计税,TAX-00181,逐节扩充题,241—247,250—256,2026年注册会计师全国统一考试辅导教材《税法》,,tax-full-04-07-004
税法,所得税,4,企业所得税法,第八节 征收管理,预缴与汇算清缴,TAX-00182,逐节扩充题,248—256,257—265,2026年注册会计师全国统一考试辅导教材《税法》,,tax-full-04-08-001
税法,所得税,4,企业所得税法,第八节 征收管理,汇总纳税,TAX-00183,逐节扩充题,248—256,257—265,2026年注册会计师全国统一考试辅导教材《税法》,,tax-full-04-08-002
税法,所得税,4,企业所得税法,第八节 征收管理,清算所得,TAX-00184,逐节扩充题,248—256,257—265,2026年注册会计师全国统一考试辅导教材《税法》,,tax-full-04-08-003
税法,所得税,4,企业所得税法,第一节 纳税人、征税对象与税率,实际管理机构,TAX-00185,知识点补充题,170,179,2026年注册会计师全国统一考试辅导教材《税法》,,tax-full-04-01-003
税法,所得税,4,企业所得税法,第一节 纳税人、征税对象与税率,境内机构场所,TAX-00186,知识点补充题,171,180,2026年注册会计师全国统一考试辅导教材《税法》,,tax-full-04-01-004
税法,所得税,4,企业所得税法,第二节 应纳税所得额,收入总额与应税收入,TAX-00187,知识点补充题,180,189,2026年注册会计师全国统一考试辅导教材《税法》,,tax-full-04-02-011
税法,所得税,4,企业所得税法,第二节 应纳税所得额,不征税收入对应费用,TAX-00188,知识点补充题,181,190,2026年注册会计师全国统一考试辅导教材《税法》,,tax-full-04-02-012
税法,所得税,4,企业所得税法,第二节 应纳税所得额,分期收款收入时点,TAX-00189,知识点补充题,174,183,2026年注册会计师全国统一考试辅导教材《税法》,,tax-full-04-02-013
税法,所得税,4,企业所得税法,第二节 应纳税所得额,业务招待费双限额,TAX-00190,知识点补充题,189,198,2026年注册会计师全国统一考试辅导教材《税法》,,tax-full-04-02-014
税法,所得税,4,企业所得税法,第二节 应纳税所得额,公益捐赠跨年结转,TAX-00191,知识点补充题,191,200,2026年注册会计师全国统一考试辅导教材《税法》,,tax-full-04-02-015
税法,所得税,4,企业所得税法,第二节 应纳税所得额,职工教育经费,TAX-00192,知识点补充题,188,197,2026年注册会计师全国统一考试辅导教材《税法》,,tax-full-04-02-016
税法,所得税,4,企业所得税法,第二节 应纳税所得额,以前年度亏损,TAX-00193,知识点补充题,199,208,2026年注册会计师全国统一考试辅导教材《税法》,,tax-full-04-02-017
税法,所得税,4,企业所得税法,第三节 资产的税务处理,固定资产计税基础,TAX-00194,知识点补充题,200,209,2026年注册会计师全国统一考试辅导教材《税法》,,tax-full-04-03-004
税法,所得税,4,企业所得税法,第三节 资产的税务处理,不得计提折旧资产,TAX-00195,知识点补充题,201,210,2026年注册会计师全国统一考试辅导教材《税法》,,tax-full-04-03-005
税法,所得税,4,企业所得税法,第三节 资产的税务处理,长期待摊费用,TAX-00196,知识点补充题,203,212,2026年注册会计师全国统一考试辅导教材《税法》,,tax-full-04-03-006
税法,所得税,4,企业所得税法,第四节 资产损失的所得税处理,资产损失年度,TAX-00197,知识点补充题,205,214,2026年注册会计师全国统一考试辅导教材《税法》,,tax-full-04-04-003
税法,所得税,4,企业所得税法,第四节 资产损失的所得税处理,损失留存资料,TAX-00198,知识点补充题,207,216,2026年注册会计师全国统一考试辅导教材《税法》,,tax-full-04-04-004
税法,所得税,4,企业所得税法,第五节 企业重组的所得税处理,重组特殊处理资格,TAX-00199,知识点补充题,210,219,2026年注册会计师全国统一考试辅导教材《税法》,,tax-full-04-05-004
税法,所得税,4,企业所得税法,第五节 企业重组的所得税处理,资产收购计税基础,TAX-00200,知识点补充题,211,220,2026年注册会计师全国统一考试辅导教材《税法》,,tax-full-04-05-005
税法,所得税,4,企业所得税法,第六节 税收优惠,研发费用加计扣除范围,TAX-00201,知识点补充题,221,230,2026年注册会计师全国统一考试辅导教材《税法》,,tax-full-04-06-008
税法,所得税,4,企业所得税法,第六节 税收优惠,委托研发归集,TAX-00202,知识点补充题,224,233,2026年注册会计师全国统一考试辅导教材《税法》,,tax-full-04-06-009
税法,所得税,4,企业所得税法,第六节 税收优惠,创业投资抵扣,TAX-00203,知识点补充题,227,236,2026年注册会计师全国统一考试辅导教材《税法》,,tax-full-04-06-010
税法,所得税,4,企业所得税法,第六节 税收优惠,环保设备税额抵免,TAX-00204,知识点补充题,230,239,2026年注册会计师全国统一考试辅导教材《税法》,,tax-full-04-06-011
税法,所得税,4,企业所得税法,第六节 税收优惠,区域优惠与主体条件,TAX-00205,知识点补充题,235,244,2026年注册会计师全国统一考试辅导教材《税法》,,tax-full-04-06-012
税法,所得税,4,企业所得税法,第七节 应纳税额的计算,所得税计算顺序,TAX-00206,知识点补充题,241,250,2026年注册会计师全国统一考试辅导教材《税法》,,tax-full-04-07-005
税法,所得税,4,企业所得税法,第七节 应纳税额的计算,境外抵免限额,TAX-00207,知识点补充题,244,253,2026年注册会计师全国统一考试辅导教材《税法》,,tax-full-04-07-006
税法,所得税,4,企业所得税法,第七节 应纳税额的计算,核定征收税基,TAX-00208,知识点补充题,245,254,2026年注册会计师全国统一考试辅导教材《税法》,,tax-full-04-07-007
税法,所得税,4,企业所得税法,第八节 征收管理,季度预缴与年度汇算,TAX-00209,知识点补充题,248,257,2026年注册会计师全国统一考试辅导教材《税法》,,tax-full-04-08-004
税法,所得税,4,企业所得税法,第八节 征收管理,汇总纳税分支机构,TAX-00210,知识点补充题,250,259,2026年注册会计师全国统一考试辅导教材《税法》,,tax-full-04-08-005
税法,所得税,4,企业所得税法,第八节 征收管理,企业清算所得,TAX-00211,知识点补充题,255,264,2026年注册会计师全国统一考试辅导教材《税法》,,tax-full-04-08-006
税法,所得税,4,企业所得税法,第八节 征收管理,所得税申报表纳税调整,TAX-00212,知识点补充题,249,258,2026年注册会计师全国统一考试辅导教材《税法》,,tax-full-04-08-007
税法,所得税,4,企业所得税法,第八节 征收管理,预缴已缴税额抵减,TAX-00213,知识点补充题,249,258,2026年注册会计师全国统一考试辅导教材《税法》,,tax-full-04-08-008
税法,所得税,4,企业所得税法,第三节 资产的税务处理,生产性生物资产折旧,TAX-00214,知识点补充题,202,211,2026年注册会计师全国统一考试辅导教材《税法》,,tax-full-04-03-007
税法,所得税,4,企业所得税法,第三节 资产的税务处理,投资资产转让成本,TAX-00215,知识点补充题,204,213,2026年注册会计师全国统一考试辅导教材《税法》,,tax-full-04-03-008
税法,所得税,4,企业所得税法,第六节 税收优惠,技术先进型服务企业,TAX-00216,知识点补充题,218,227,2026年注册会计师全国统一考试辅导教材《税法》,,tax-full-04-06-013
税法,所得税,4,企业所得税法,第六节 税收优惠,污染防治第三方企业,TAX-00217,知识点补充题,219,228,2026年注册会计师全国统一考试辅导教材《税法》,,tax-full-04-06-014
税法,所得税,4,企业所得税法,第六节 税收优惠,小型微利企业综合判断,TAX-00218,知识点补充题,220,229,2026年注册会计师全国统一考试辅导教材《税法》,,tax-full-04-06-015
税法,所得税,4,企业所得税法,第八节 征收管理,合伙企业所得税主体,TAX-00219,知识点补充题,252,261,2026年注册会计师全国统一考试辅导教材《税法》,,tax-full-04-08-009
税法,所得税,4,企业所得税法,第八节 征收管理,境外投资信息报告,TAX-00220,知识点补充题,252,261,2026年注册会计师全国统一考试辅导教材《税法》,,tax-full-04-08-010
税法,所得税,4,企业所得税法,第八节 征收管理,跨境电商综试区核定,TAX-00221,知识点补充题,253,262,2026年注册会计师全国统一考试辅导教材《税法》,,tax-full-04-08-011
税法,所得税,5,个人所得税法,第一节 纳税义务人与征税范围,居民个人,TAX-00222,原有起步题,257—259,266—268,2026年注册会计师全国统一考试辅导教材《税法》,,tax-05-01
税法,所得税,5,个人所得税法,第一节 纳税义务人与征税范围,国籍与居民身份,TAX-00223,原有起步题,257—259,266—268,2026年注册会计师全国统一考试辅导教材《税法》,,tax-05-02
税法,所得税,5,个人所得税法,第一节 纳税义务人与征税范围,判定标准,TAX-00224,原有起步题,257—259,266—268,2026年注册会计师全国统一考试辅导教材《税法》,,tax-05-03
税法,所得税,5,个人所得税法,第一节 纳税义务人与征税范围,天数判断,TAX-00225,原有起步题,257—259,266—268,2026年注册会计师全国统一考试辅导教材《税法》,,tax-05-04
税法,所得税,5,个人所得税法,第一节 纳税义务人与征税范围,综合所得范围,TAX-00226,逐节扩充题,257—263,266—272,2026年注册会计师全国统一考试辅导教材《税法》,,tax-full-05-01-001
税法,所得税,5,个人所得税法,第一节 纳税义务人与征税范围,居民身份与所得来源,TAX-00227,逐节扩充题,257—263,266—272,2026年注册会计师全国统一考试辅导教材《税法》,,tax-full-05-01-002
税法,所得税,5,个人所得税法,第一节 纳税义务人与征税范围,经营与劳务所得,TAX-00228,逐节扩充题,257—263,266—272,2026年注册会计师全国统一考试辅导教材《税法》,,tax-full-05-01-003
税法,所得税,5,个人所得税法,第二节 税率、应纳税所得额的确定与应纳税额的计算,综合所得扣除,TAX-00229,逐节扩充题,264—290,273—299,2026年注册会计师全国统一考试辅导教材《税法》,,tax-full-05-02-001
税法,所得税,5,个人所得税法,第二节 税率、应纳税所得额的确定与应纳税额的计算,综合所得税率,TAX-00230,逐节扩充题,264—290,273—299,2026年注册会计师全国统一考试辅导教材《税法》,,tax-full-05-02-002
税法,所得税,5,个人所得税法,第二节 税率、应纳税所得额的确定与应纳税额的计算,劳务与稿酬收入额,TAX-00231,逐节扩充题,264—290,273—299,2026年注册会计师全国统一考试辅导教材《税法》,,tax-full-05-02-003
税法,所得税,5,个人所得税法,第二节 税率、应纳税所得额的确定与应纳税额的计算,专项与专项附加扣除,TAX-00232,逐节扩充题,264—290,273—299,2026年注册会计师全国统一考试辅导教材《税法》,,tax-full-05-02-004
税法,所得税,5,个人所得税法,第二节 税率、应纳税所得额的确定与应纳税额的计算,子女教育与婴幼儿照护,TAX-00233,逐节扩充题,264—290,273—299,2026年注册会计师全国统一考试辅导教材《税法》,,tax-full-05-02-005
税法,所得税,5,个人所得税法,第二节 税率、应纳税所得额的确定与应纳税额的计算,住房贷款与住房租金,TAX-00234,逐节扩充题,264—290,273—299,2026年注册会计师全国统一考试辅导教材《税法》,,tax-full-05-02-006
税法,所得税,5,个人所得税法,第二节 税率、应纳税所得额的确定与应纳税额的计算,赡养老人扣除,TAX-00235,逐节扩充题,264—290,273—299,2026年注册会计师全国统一考试辅导教材《税法》,,tax-full-05-02-007
税法,所得税,5,个人所得税法,第二节 税率、应纳税所得额的确定与应纳税额的计算,超额累进计算,TAX-00236,逐节扩充题,264—290,273—299,2026年注册会计师全国统一考试辅导教材《税法》,,tax-full-05-02-008
税法,所得税,5,个人所得税法,第二节 税率、应纳税所得额的确定与应纳税额的计算,财产转让所得,TAX-00237,逐节扩充题,264—290,273—299,2026年注册会计师全国统一考试辅导教材《税法》,,tax-full-05-02-009
税法,所得税,5,个人所得税法,第三节 税收优惠,法定免税与减税,TAX-00238,逐节扩充题,291—295,300—304,2026年注册会计师全国统一考试辅导教材《税法》,,tax-full-05-03-001
税法,所得税,5,个人所得税法,第三节 税收优惠,福利补助与工资,TAX-00239,逐节扩充题,291—295,300—304,2026年注册会计师全国统一考试辅导教材《税法》,,tax-full-05-03-002
税法,所得税,5,个人所得税法,第四节 境外所得的税额扣除,境外抵免限额,TAX-00240,逐节扩充题,296—299,305—308,2026年注册会计师全国统一考试辅导教材《税法》,,tax-full-05-04-001
税法,所得税,5,个人所得税法,第四节 境外所得的税额扣除,境外所得申报,TAX-00241,逐节扩充题,296—299,305—308,2026年注册会计师全国统一考试辅导教材《税法》,,tax-full-05-04-002
税法,所得税,5,个人所得税法,第五节 应纳税额计算中的特殊问题处理,全年一次性奖金,TAX-00242,逐节扩充题,300—341,309—350,2026年注册会计师全国统一考试辅导教材《税法》,,tax-full-05-05-001
税法,所得税,5,个人所得税法,第五节 应纳税额计算中的特殊问题处理,解除劳动关系补偿,TAX-00243,逐节扩充题,300—341,309—350,2026年注册会计师全国统一考试辅导教材《税法》,,tax-full-05-05-002
税法,所得税,5,个人所得税法,第五节 应纳税额计算中的特殊问题处理,股权激励,TAX-00244,逐节扩充题,300—341,309—350,2026年注册会计师全国统一考试辅导教材《税法》,,tax-full-05-05-003
税法,所得税,5,个人所得税法,第五节 应纳税额计算中的特殊问题处理,非货币投资与股权转让,TAX-00245,逐节扩充题,300—341,309—350,2026年注册会计师全国统一考试辅导教材《税法》,,tax-full-05-05-004
税法,所得税,5,个人所得税法,第五节 应纳税额计算中的特殊问题处理,证券投资所得,TAX-00246,逐节扩充题,300—341,309—350,2026年注册会计师全国统一考试辅导教材《税法》,,tax-full-05-05-005
税法,所得税,5,个人所得税法,第五节 应纳税额计算中的特殊问题处理,特殊行业收入,TAX-00247,逐节扩充题,300—341,309—350,2026年注册会计师全国统一考试辅导教材《税法》,,tax-full-05-05-006
税法,所得税,5,个人所得税法,第六节 征收管理,预扣预缴与汇算,TAX-00248,逐节扩充题,342—355,351—364,2026年注册会计师全国统一考试辅导教材《税法》,,tax-full-05-06-001
税法,所得税,5,个人所得税法,第六节 征收管理,专项附加信息,TAX-00249,逐节扩充题,342—355,351—364,2026年注册会计师全国统一考试辅导教材《税法》,,tax-full-05-06-002
税法,所得税,5,个人所得税法,第六节 征收管理,纳税记录与保密,TAX-00250,逐节扩充题,342—355,351—364,2026年注册会计师全国统一考试辅导教材《税法》,,tax-full-05-06-003
税法,所得税,5,个人所得税法,第一节 纳税义务人与征税范围,住所与居住天数,TAX-00251,知识点补充题,257,266,2026年注册会计师全国统一考试辅导教材《税法》,,tax-full-05-01-004
税法,所得税,5,个人所得税法,第一节 纳税义务人与征税范围,所得来源地分类,TAX-00252,知识点补充题,263,272,2026年注册会计师全国统一考试辅导教材《税法》,,tax-full-05-01-005
税法,所得税,5,个人所得税法,第二节 税率、应纳税所得额的确定与应纳税额的计算,综合所得四项,TAX-00253,知识点补充题,264,273,2026年注册会计师全国统一考试辅导教材《税法》,,tax-full-05-02-010
税法,所得税,5,个人所得税法,第二节 税率、应纳税所得额的确定与应纳税额的计算,非居民劳务报酬,TAX-00254,知识点补充题,270,279,2026年注册会计师全国统一考试辅导教材《税法》,,tax-full-05-02-011
税法,所得税,5,个人所得税法,第二节 税率、应纳税所得额的确定与应纳税额的计算,劳务报酬收入额,TAX-00255,知识点补充题,272,281,2026年注册会计师全国统一考试辅导教材《税法》,,tax-full-05-02-012
税法,所得税,5,个人所得税法,第二节 税率、应纳税所得额的确定与应纳税额的计算,稿酬收入额,TAX-00256,知识点补充题,273,282,2026年注册会计师全国统一考试辅导教材《税法》,,tax-full-05-02-013
税法,所得税,5,个人所得税法,第二节 税率、应纳税所得额的确定与应纳税额的计算,经营所得成本扣除,TAX-00257,知识点补充题,280,289,2026年注册会计师全国统一考试辅导教材《税法》,,tax-full-05-02-014
税法,所得税,5,个人所得税法,第二节 税率、应纳税所得额的确定与应纳税额的计算,财产租赁与转让,TAX-00258,知识点补充题,285,294,2026年注册会计师全国统一考试辅导教材《税法》,,tax-full-05-02-015
税法,所得税,5,个人所得税法,第三节 税收优惠,免税项目的证明,TAX-00259,知识点补充题,291,300,2026年注册会计师全国统一考试辅导教材《税法》,,tax-full-05-03-003
税法,所得税,5,个人所得税法,第三节 税收优惠,减税与免税区别,TAX-00260,知识点补充题,295,304,2026年注册会计师全国统一考试辅导教材《税法》,,tax-full-05-03-004
税法,所得税,5,个人所得税法,第四节 境外所得的税额扣除,分国抵免限额,TAX-00261,知识点补充题,297,306,2026年注册会计师全国统一考试辅导教材《税法》,,tax-full-05-04-003
税法,所得税,5,个人所得税法,第四节 境外所得的税额扣除,境外完税凭证,TAX-00262,知识点补充题,299,308,2026年注册会计师全国统一考试辅导教材《税法》,,tax-full-05-04-004
税法,所得税,5,个人所得税法,第四节 境外所得的税额扣除,外币折算,TAX-00263,知识点补充题,300,309,2026年注册会计师全国统一考试辅导教材《税法》,,tax-full-05-04-005
税法,所得税,5,个人所得税法,第五节 应纳税额计算中的特殊问题处理,全年一次性奖金选择,TAX-00264,知识点补充题,300,309,2026年注册会计师全国统一考试辅导教材《税法》,,tax-full-05-05-007
税法,所得税,5,个人所得税法,第五节 应纳税额计算中的特殊问题处理,解除劳动关系补偿,TAX-00265,知识点补充题,312,321,2026年注册会计师全国统一考试辅导教材《税法》,,tax-full-05-05-008
税法,所得税,5,个人所得税法,第五节 应纳税额计算中的特殊问题处理,非现金促销礼品,TAX-00266,知识点补充题,318,327,2026年注册会计师全国统一考试辅导教材《税法》,,tax-full-05-05-009
税法,所得税,5,个人所得税法,第五节 应纳税额计算中的特殊问题处理,个人非货币性资产投资,TAX-00267,知识点补充题,320,329,2026年注册会计师全国统一考试辅导教材《税法》,,tax-full-05-05-010
税法,所得税,5,个人所得税法,第五节 应纳税额计算中的特殊问题处理,股权激励的税目时点,TAX-00268,知识点补充题,330,339,2026年注册会计师全国统一考试辅导教材《税法》,,tax-full-05-05-011
税法,所得税,5,个人所得税法,第六节 征收管理,汇算清缴适用人,TAX-00269,知识点补充题,342,351,2026年注册会计师全国统一考试辅导教材《税法》,,tax-full-05-06-004
税法,所得税,5,个人所得税法,第六节 征收管理,专项附加扣除留存,TAX-00270,知识点补充题,348,357,2026年注册会计师全国统一考试辅导教材《税法》,,tax-full-05-06-005
税法,所得税,5,个人所得税法,第六节 征收管理,扣缴义务人信息保护,TAX-00271,知识点补充题,350,359,2026年注册会计师全国统一考试辅导教材《税法》,,tax-full-05-06-006
税法,所得税,5,个人所得税法,第六节 征收管理,个税年度申报差额,TAX-00272,知识点补充题,345,354,2026年注册会计师全国统一考试辅导教材《税法》,,tax-full-05-06-007
税法,所得税,5,个人所得税法,第六节 征收管理,多税种交易识别,TAX-00273,知识点补充题,347,356,2026年注册会计师全国统一考试辅导教材《税法》,,tax-full-05-06-008
税法,所得税,5,个人所得税法,第五节 应纳税额计算中的特殊问题处理,居民换购住房优惠,TAX-00274,知识点补充题,303,312,2026年注册会计师全国统一考试辅导教材《税法》,,tax-full-05-05-012
税法,所得税,5,个人所得税法,第五节 应纳税额计算中的特殊问题处理,企业年金领取,TAX-00275,知识点补充题,315,324,2026年注册会计师全国统一考试辅导教材《税法》,,tax-full-05-05-013
税法,所得税,5,个人所得税法,第五节 应纳税额计算中的特殊问题处理,保险营销员佣金,TAX-00276,知识点补充题,338,347,2026年注册会计师全国统一考试辅导教材《税法》,,tax-full-05-05-014
税法,流转税与附加,6,城市维护建设税法和烟叶税法,第一节 城市维护建设税法,城建税依据,TAX-00277,原有起步题,356—358,365—367,2026年注册会计师全国统一考试辅导教材《税法》,,tax-06-01
税法,流转税与附加,6,城市维护建设税法和烟叶税法,第一节 城市维护建设税法,给定依据计算,TAX-00278,原有起步题,356—358,365—367,2026年注册会计师全国统一考试辅导教材《税法》,,tax-06-02
税法,流转税与附加,6,城市维护建设税法和烟叶税法,第一节 城市维护建设税法,城建税基本规定,TAX-00279,原有起步题,356—358,365—367,2026年注册会计师全国统一考试辅导教材《税法》,,tax-06-03
税法,流转税与附加,6,城市维护建设税法和烟叶税法,第一节 城市维护建设税法,计税依据与税率,TAX-00280,原有起步题,356—358,365—367,2026年注册会计师全国统一考试辅导教材《税法》,,tax-06-04
税法,流转税与附加,6,城市维护建设税法和烟叶税法,第一节 城市维护建设税法,城建税计税依据,TAX-00281,逐节扩充题,356—360,365—369,2026年注册会计师全国统一考试辅导教材《税法》,,tax-full-06-01-001
税法,流转税与附加,6,城市维护建设税法和烟叶税法,第一节 城市维护建设税法,城建税税率,TAX-00282,逐节扩充题,356—360,365—369,2026年注册会计师全国统一考试辅导教材《税法》,,tax-full-06-01-002
税法,流转税与附加,6,城市维护建设税法和烟叶税法,第一节 城市维护建设税法,进口与境外销售,TAX-00283,逐节扩充题,356—360,365—369,2026年注册会计师全国统一考试辅导教材《税法》,,tax-full-06-01-003
税法,流转税与附加,6,城市维护建设税法和烟叶税法,第二节 烟叶税法,烟叶税纳税人,TAX-00284,逐节扩充题,361—363,370—372,2026年注册会计师全国统一考试辅导教材《税法》,,tax-full-06-02-001
税法,流转税与附加,6,城市维护建设税法和烟叶税法,第二节 烟叶税法,烟叶税计算,TAX-00285,逐节扩充题,361—363,370—372,2026年注册会计师全国统一考试辅导教材《税法》,,tax-full-06-02-002
税法,流转税与附加,6,城市维护建设税法和烟叶税法,第三节 教育费附加和地方教育附加,教育附加计算,TAX-00286,逐节扩充题,364—365,373—374,2026年注册会计师全国统一考试辅导教材《税法》,,tax-full-06-03-001
税法,流转税与附加,6,城市维护建设税法和烟叶税法,第三节 教育费附加和地方教育附加,附加减免,TAX-00287,逐节扩充题,364—365,373—374,2026年注册会计师全国统一考试辅导教材《税法》,,tax-full-06-03-002
税法,流转税与附加,6,城市维护建设税法和烟叶税法,第一节 城市维护建设税法,城建税计税依据调整,TAX-00288,知识点补充题,357,366,2026年注册会计师全国统一考试辅导教材《税法》,,tax-full-06-01-004
税法,流转税与附加,6,城市维护建设税法和烟叶税法,第一节 城市维护建设税法,城建税纳税地点,TAX-00289,知识点补充题,358,367,2026年注册会计师全国统一考试辅导教材《税法》,,tax-full-06-01-005
税法,流转税与附加,6,城市维护建设税法和烟叶税法,第二节 烟叶税法,烟叶税收购主体,TAX-00290,知识点补充题,362,371,2026年注册会计师全国统一考试辅导教材《税法》,,tax-full-06-02-003
税法,流转税与附加,6,城市维护建设税法和烟叶税法,第二节 烟叶税法,烟叶税计税价格,TAX-00291,知识点补充题,362,371,2026年注册会计师全国统一考试辅导教材《税法》,,tax-full-06-02-004
税法,流转税与附加,6,城市维护建设税法和烟叶税法,第三节 教育费附加和地方教育附加,两项教育附加,TAX-00292,知识点补充题,364,373,2026年注册会计师全国统一考试辅导教材《税法》,,tax-full-06-03-003
税法,流转税与附加,6,城市维护建设税法和烟叶税法,第三节 教育费附加和地方教育附加,增值税消费税城建税联算,TAX-00293,知识点补充题,364,373,2026年注册会计师全国统一考试辅导教材《税法》,,tax-full-06-03-004
税法,流转税与附加,6,城市维护建设税法和烟叶税法,第三节 教育费附加和地方教育附加,附加优惠联动,TAX-00294,知识点补充题,365,374,2026年注册会计师全国统一考试辅导教材《税法》,,tax-full-06-03-005
税法,关税与跨境税务,7,关税法和船舶吨税法,第一节 征税对象与纳税人,进口纳税人,TAX-00295,原有起步题,366—368,375—377,2026年注册会计师全国统一考试辅导教材《税法》,,tax-07-01
税法,关税与跨境税务,7,关税法和船舶吨税法,第一节 征税对象与纳税人,关境与国境,TAX-00296,原有起步题,366—368,375—377,2026年注册会计师全国统一考试辅导教材《税法》,,tax-07-02
税法,关税与跨境税务,7,关税法和船舶吨税法,第一节 征税对象与纳税人,关税纳税主体,TAX-00297,原有起步题,366—368,375—377,2026年注册会计师全国统一考试辅导教材《税法》,,tax-07-03
税法,关税与跨境税务,7,关税法和船舶吨税法,第一节 征税对象与纳税人,货物与物品,TAX-00298,原有起步题,366—368,375—377,2026年注册会计师全国统一考试辅导教材《税法》,,tax-07-04
税法,关税与跨境税务,7,关税法和船舶吨税法,第一节 征税对象与纳税人,关税征税对象,TAX-00299,逐节扩充题,366,375,2026年注册会计师全国统一考试辅导教材《税法》,,tax-full-07-01-001
税法,关税与跨境税务,7,关税法和船舶吨税法,第一节 征税对象与纳税人,关税纳税人,TAX-00300,逐节扩充题,366,375,2026年注册会计师全国统一考试辅导教材《税法》,,tax-full-07-01-002
税法,关税与跨境税务,7,关税法和船舶吨税法,第二节 进出口税则,税则归类,TAX-00301,逐节扩充题,367—370,376—379,2026年注册会计师全国统一考试辅导教材《税法》,,tax-full-07-02-001
税法,关税与跨境税务,7,关税法和船舶吨税法,第二节 进出口税则,原产地与税率,TAX-00302,逐节扩充题,367—370,376—379,2026年注册会计师全国统一考试辅导教材《税法》,,tax-full-07-02-002
税法,关税与跨境税务,7,关税法和船舶吨税法,第二节 进出口税则,关税税率类别,TAX-00303,逐节扩充题,367—370,376—379,2026年注册会计师全国统一考试辅导教材《税法》,,tax-full-07-02-003
税法,关税与跨境税务,7,关税法和船舶吨税法,第三节 关税计税价格与应纳税额的计算,进口关税计税价格,TAX-00304,逐节扩充题,371—379,380—388,2026年注册会计师全国统一考试辅导教材《税法》,,tax-full-07-03-001
税法,关税与跨境税务,7,关税法和船舶吨税法,第三节 关税计税价格与应纳税额的计算,关税与进口增值税,TAX-00305,逐节扩充题,371—379,380—388,2026年注册会计师全国统一考试辅导教材《税法》,,tax-full-07-03-002
税法,关税与跨境税务,7,关税法和船舶吨税法,第三节 关税计税价格与应纳税额的计算,出口关税倒算,TAX-00306,逐节扩充题,371—379,380—388,2026年注册会计师全国统一考试辅导教材《税法》,,tax-full-07-03-003
税法,关税与跨境税务,7,关税法和船舶吨税法,第四节 减免规定,关税减免分类,TAX-00307,逐节扩充题,380—383,389—392,2026年注册会计师全国统一考试辅导教材《税法》,,tax-full-07-04-001
税法,关税与跨境税务,7,关税法和船舶吨税法,第四节 减免规定,减免税用途改变,TAX-00308,逐节扩充题,380—383,389—392,2026年注册会计师全国统一考试辅导教材《税法》,,tax-full-07-04-002
税法,关税与跨境税务,7,关税法和船舶吨税法,第五节 征收管理,关税征收管理,TAX-00309,逐节扩充题,384—387,393—396,2026年注册会计师全国统一考试辅导教材《税法》,,tax-full-07-05-001
税法,关税与跨境税务,7,关税法和船舶吨税法,第五节 征收管理,关税滞纳,TAX-00310,逐节扩充题,384—387,393—396,2026年注册会计师全国统一考试辅导教材《税法》,,tax-full-07-05-002
税法,关税与跨境税务,7,关税法和船舶吨税法,第六节 船舶吨税法,船舶吨税对象,TAX-00311,逐节扩充题,388—392,397—401,2026年注册会计师全国统一考试辅导教材《税法》,,tax-full-07-06-001
税法,关税与跨境税务,7,关税法和船舶吨税法,第六节 船舶吨税法,吨税优惠税率,TAX-00312,逐节扩充题,388—392,397—401,2026年注册会计师全国统一考试辅导教材《税法》,,tax-full-07-06-002
税法,关税与跨境税务,7,关税法和船舶吨税法,第一节 征税对象与纳税人,关税纳税义务人,TAX-00313,知识点补充题,367,376,2026年注册会计师全国统一考试辅导教材《税法》,,tax-full-07-01-003
税法,关税与跨境税务,7,关税法和船舶吨税法,第一节 征税对象与纳税人,关税征税对象,TAX-00314,知识点补充题,366,375,2026年注册会计师全国统一考试辅导教材《税法》,,tax-full-07-01-004
税法,关税与跨境税务,7,关税法和船舶吨税法,第二节 进出口税则,税则归类顺序,TAX-00315,知识点补充题,367,376,2026年注册会计师全国统一考试辅导教材《税法》,,tax-full-07-02-004
税法,关税与跨境税务,7,关税法和船舶吨税法,第二节 进出口税则,原产地与税率,TAX-00316,知识点补充题,369,378,2026年注册会计师全国统一考试辅导教材《税法》,,tax-full-07-02-005
税法,关税与跨境税务,7,关税法和船舶吨税法,第三节 关税计税价格与应纳税额的计算,进口成交价格调整,TAX-00317,知识点补充题,371,380,2026年注册会计师全国统一考试辅导教材《税法》,,tax-full-07-03-004
税法,关税与跨境税务,7,关税法和船舶吨税法,第三节 关税计税价格与应纳税额的计算,出口关税计税价格,TAX-00318,知识点补充题,376,385,2026年注册会计师全国统一考试辅导教材《税法》,,tax-full-07-03-005
税法,关税与跨境税务,7,关税法和船舶吨税法,第三节 关税计税价格与应纳税额的计算,跨境电商退运,TAX-00319,知识点补充题,378,387,2026年注册会计师全国统一考试辅导教材《税法》,,tax-full-07-03-006
税法,关税与跨境税务,7,关税法和船舶吨税法,第四节 减免规定,法定与特定减免,TAX-00320,知识点补充题,381,390,2026年注册会计师全国统一考试辅导教材《税法》,,tax-full-07-04-003
税法,关税与跨境税务,7,关税法和船舶吨税法,第四节 减免规定,减免税货物转让,TAX-00321,知识点补充题,382,391,2026年注册会计师全国统一考试辅导教材《税法》,,tax-full-07-04-004
税法,关税与跨境税务,7,关税法和船舶吨税法,第五节 征收管理,关税退还与补征,TAX-00322,知识点补充题,386,395,2026年注册会计师全国统一考试辅导教材《税法》,,tax-full-07-05-003
税法,关税与跨境税务,7,关税法和船舶吨税法,第五节 征收管理,关税税款优先,TAX-00323,知识点补充题,388,397,2026年注册会计师全国统一考试辅导教材《税法》,,tax-full-07-05-004
税法,关税与跨境税务,7,关税法和船舶吨税法,第六节 船舶吨税法,吨税计税要素,TAX-00324,知识点补充题,389,398,2026年注册会计师全国统一考试辅导教材《税法》,,tax-full-07-06-003
税法,关税与跨境税务,7,关税法和船舶吨税法,第六节 船舶吨税法,吨税执照期限,TAX-00325,知识点补充题,389,398,2026年注册会计师全国统一考试辅导教材《税法》,,tax-full-07-06-004
税法,关税与跨境税务,7,关税法和船舶吨税法,第三节 关税计税价格与应纳税额的计算,海南自贸港进口政策,TAX-00326,知识点补充题,379,388,2026年注册会计师全国统一考试辅导教材《税法》,,tax-full-07-03-007
税法,关税与跨境税务,7,关税法和船舶吨税法,第六节 船舶吨税法,吨税免税与延期,TAX-00327,知识点补充题,390,399,2026年注册会计师全国统一考试辅导教材《税法》,,tax-full-07-06-005
税法,资源环境与财产行为税,8,资源税法和环境保护税法,第一节 资源税法,资源税纳税人,TAX-00328,原有起步题,393—395,402—404,2026年注册会计师全国统一考试辅导教材《税法》,,tax-08-01
税法,资源环境与财产行为税,8,资源税法和环境保护税法,第一节 资源税法,进口矿产品,TAX-00329,原有起步题,393—395,402—404,2026年注册会计师全国统一考试辅导教材《税法》,,tax-08-02
税法,资源环境与财产行为税,8,资源税法和环境保护税法,第一节 资源税法,资源税作用与范围,TAX-00330,原有起步题,393—395,402—404,2026年注册会计师全国统一考试辅导教材《税法》,,tax-08-03
税法,资源环境与财产行为税,8,资源税法和环境保护税法,第一节 资源税法,开发与进口,TAX-00331,原有起步题,393—395,402—404,2026年注册会计师全国统一考试辅导教材《税法》,,tax-08-04
税法,资源环境与财产行为税,8,资源税法和环境保护税法,第一节 资源税法,资源税税目,TAX-00332,逐节扩充题,393—408,402—417,2026年注册会计师全国统一考试辅导教材《税法》,,tax-full-08-01-001
税法,资源环境与财产行为税,8,资源税法和环境保护税法,第一节 资源税法,资源税从价计征,TAX-00333,逐节扩充题,393—408,402—417,2026年注册会计师全国统一考试辅导教材《税法》,,tax-full-08-01-002
税法,资源环境与财产行为税,8,资源税法和环境保护税法,第一节 资源税法,资源税自用,TAX-00334,逐节扩充题,393—408,402—417,2026年注册会计师全国统一考试辅导教材《税法》,,tax-full-08-01-003
税法,资源环境与财产行为税,8,资源税法和环境保护税法,第一节 资源税法,水资源税,TAX-00335,逐节扩充题,393—408,402—417,2026年注册会计师全国统一考试辅导教材《税法》,,tax-full-08-01-004
税法,资源环境与财产行为税,8,资源税法和环境保护税法,第二节 环境保护税法,环保税排放边界,TAX-00336,逐节扩充题,409—422,418—431,2026年注册会计师全国统一考试辅导教材《税法》,,tax-full-08-02-001
税法,资源环境与财产行为税,8,资源税法和环境保护税法,第二节 环境保护税法,污染当量,TAX-00337,逐节扩充题,409—422,418—431,2026年注册会计师全国统一考试辅导教材《税法》,,tax-full-08-02-002
税法,资源环境与财产行为税,8,资源税法和环境保护税法,第二节 环境保护税法,环保税计算,TAX-00338,逐节扩充题,409—422,418—431,2026年注册会计师全国统一考试辅导教材《税法》,,tax-full-08-02-003
税法,资源环境与财产行为税,8,资源税法和环境保护税法,第二节 环境保护税法,环保税减免,TAX-00339,逐节扩充题,409—422,418—431,2026年注册会计师全国统一考试辅导教材《税法》,,tax-full-08-02-004
税法,资源环境与财产行为税,8,资源税法和环境保护税法,第一节 资源税法,资源税纳税环节,TAX-00340,知识点补充题,394,403,2026年注册会计师全国统一考试辅导教材《税法》,,tax-full-08-01-005
税法,资源环境与财产行为税,8,资源税法和环境保护税法,第一节 资源税法,资源税不含税销售额,TAX-00341,知识点补充题,398,407,2026年注册会计师全国统一考试辅导教材《税法》,,tax-full-08-01-006
税法,资源环境与财产行为税,8,资源税法和环境保护税法,第一节 资源税法,资源税自用,TAX-00342,知识点补充题,399,408,2026年注册会计师全国统一考试辅导教材《税法》,,tax-full-08-01-007
税法,资源环境与财产行为税,8,资源税法和环境保护税法,第一节 资源税法,水资源税取水,TAX-00343,知识点补充题,404,413,2026年注册会计师全国统一考试辅导教材《税法》,,tax-full-08-01-008
税法,资源环境与财产行为税,8,资源税法和环境保护税法,第二节 环境保护税法,环保税直接排放,TAX-00344,知识点补充题,410,419,2026年注册会计师全国统一考试辅导教材《税法》,,tax-full-08-02-005
税法,资源环境与财产行为税,8,资源税法和环境保护税法,第二节 环境保护税法,多排放口污染当量,TAX-00345,知识点补充题,411,420,2026年注册会计师全国统一考试辅导教材《税法》,,tax-full-08-02-006
税法,资源环境与财产行为税,8,资源税法和环境保护税法,第二节 环境保护税法,噪声环保税,TAX-00346,知识点补充题,417,426,2026年注册会计师全国统一考试辅导教材《税法》,,tax-full-08-02-007
税法,资源环境与财产行为税,8,资源税法和环境保护税法,第二节 环境保护税法,固体废物减量,TAX-00347,知识点补充题,415,424,2026年注册会计师全国统一考试辅导教材《税法》,,tax-full-08-02-008
税法,资源环境与财产行为税,8,资源税法和环境保护税法,第二节 环境保护税法,海洋工程环保税,TAX-00348,知识点补充题,421,430,2026年注册会计师全国统一考试辅导教材《税法》,,tax-full-08-02-009
税法,资源环境与财产行为税,9,城镇土地使用税法和耕地占用税法,第一节 城镇土地使用税法,土地使用税范围,TAX-00349,原有起步题,423—425,432—434,2026年注册会计师全国统一考试辅导教材《税法》,,tax-09-01
税法,资源环境与财产行为税,9,城镇土地使用税法和耕地占用税法,第一节 城镇土地使用税法,权属未明,TAX-00350,原有起步题,423—425,432—434,2026年注册会计师全国统一考试辅导教材《税法》,,tax-09-02
税法,资源环境与财产行为税,9,城镇土地使用税法和耕地占用税法,第一节 城镇土地使用税法,共有土地,TAX-00351,原有起步题,423—425,432—434,2026年注册会计师全国统一考试辅导教材《税法》,,tax-09-03
税法,资源环境与财产行为税,9,城镇土地使用税法和耕地占用税法,第一节 城镇土地使用税法,面积分配,TAX-00352,原有起步题,423—425,432—434,2026年注册会计师全国统一考试辅导教材《税法》,,tax-09-04
税法,资源环境与财产行为税,9,城镇土地使用税法和耕地占用税法,第一节 城镇土地使用税法,土地使用税计税,TAX-00353,逐节扩充题,423—428,432—437,2026年注册会计师全国统一考试辅导教材《税法》,,tax-full-09-01-001
税法,资源环境与财产行为税,9,城镇土地使用税法和耕地占用税法,第一节 城镇土地使用税法,土地使用税纳税人,TAX-00354,逐节扩充题,423—428,432—437,2026年注册会计师全国统一考试辅导教材《税法》,,tax-full-09-01-002
税法,资源环境与财产行为税,9,城镇土地使用税法和耕地占用税法,第一节 城镇土地使用税法,土地使用税减免,TAX-00355,逐节扩充题,423—428,432—437,2026年注册会计师全国统一考试辅导教材《税法》,,tax-full-09-01-003
税法,资源环境与财产行为税,9,城镇土地使用税法和耕地占用税法,第二节 耕地占用税法,耕地占用税税基,TAX-00356,逐节扩充题,429—435,438—444,2026年注册会计师全国统一考试辅导教材《税法》,,tax-full-09-02-001
税法,资源环境与财产行为税,9,城镇土地使用税法和耕地占用税法,第二节 耕地占用税法,耕地占用税计算,TAX-00357,逐节扩充题,429—435,438—444,2026年注册会计师全国统一考试辅导教材《税法》,,tax-full-09-02-002
税法,资源环境与财产行为税,9,城镇土地使用税法和耕地占用税法,第二节 耕地占用税法,临时占用与复垦,TAX-00358,逐节扩充题,429—435,438—444,2026年注册会计师全国统一考试辅导教材《税法》,,tax-full-09-02-003
税法,资源环境与财产行为税,9,城镇土地使用税法和耕地占用税法,第一节 城镇土地使用税法,土地使用税应税面积,TAX-00359,知识点补充题,424,433,2026年注册会计师全国统一考试辅导教材《税法》,,tax-full-09-01-004
税法,资源环境与财产行为税,9,城镇土地使用税法和耕地占用税法,第一节 城镇土地使用税法,土地使用税地域,TAX-00360,知识点补充题,423,432,2026年注册会计师全国统一考试辅导教材《税法》,,tax-full-09-01-005
税法,资源环境与财产行为税,9,城镇土地使用税法和耕地占用税法,第二节 耕地占用税法,耕地占用税征税行为,TAX-00361,知识点补充题,430,439,2026年注册会计师全国统一考试辅导教材《税法》,,tax-full-09-02-004
税法,资源环境与财产行为税,9,城镇土地使用税法和耕地占用税法,第二节 耕地占用税法,耕地占用税一次性,TAX-00362,知识点补充题,431,440,2026年注册会计师全国统一考试辅导教材《税法》,,tax-full-09-02-005
税法,资源环境与财产行为税,10,房产税法、契税法和土地增值税法,第一节 房产税法,房产税对象,TAX-00363,原有起步题,436—438,445—447,2026年注册会计师全国统一考试辅导教材《税法》,,tax-10-01
税法,资源环境与财产行为税,10,房产税法、契税法和土地增值税法,第一节 房产税法,计税余值,TAX-00364,原有起步题,436—438,445—447,2026年注册会计师全国统一考试辅导教材《税法》,,tax-10-02
税法,资源环境与财产行为税,10,房产税法、契税法和土地增值税法,第一节 房产税法,计税依据,TAX-00365,原有起步题,436—438,445—447,2026年注册会计师全国统一考试辅导教材《税法》,,tax-10-03
税法,资源环境与财产行为税,10,房产税法、契税法和土地增值税法,第一节 房产税法,从价计征起步,TAX-00366,原有起步题,436—438,445—447,2026年注册会计师全国统一考试辅导教材《税法》,,tax-10-04
税法,资源环境与财产行为税,10,房产税法、契税法和土地增值税法,第一节 房产税法,房产税从价计征,TAX-00367,逐节扩充题,436—441,445—450,2026年注册会计师全国统一考试辅导教材《税法》,,tax-full-10-01-001
税法,资源环境与财产行为税,10,房产税法、契税法和土地增值税法,第一节 房产税法,房产税从租计征,TAX-00368,逐节扩充题,436—441,445—450,2026年注册会计师全国统一考试辅导教材《税法》,,tax-full-10-01-002
税法,资源环境与财产行为税,10,房产税法、契税法和土地增值税法,第一节 房产税法,房产税征税范围,TAX-00369,逐节扩充题,436—441,445—450,2026年注册会计师全国统一考试辅导教材《税法》,,tax-full-10-01-003
税法,资源环境与财产行为税,10,房产税法、契税法和土地增值税法,第一节 房产税法,房产税无租使用,TAX-00370,逐节扩充题,436—441,445—450,2026年注册会计师全国统一考试辅导教材《税法》,,tax-full-10-01-004
税法,资源环境与财产行为税,10,房产税法、契税法和土地增值税法,第二节 契税法,契税纳税人,TAX-00371,逐节扩充题,442—449,451—458,2026年注册会计师全国统一考试辅导教材《税法》,,tax-full-10-02-001
税法,资源环境与财产行为税,10,房产税法、契税法和土地增值税法,第二节 契税法,契税计算,TAX-00372,逐节扩充题,442—449,451—458,2026年注册会计师全国统一考试辅导教材《税法》,,tax-full-10-02-002
税法,资源环境与财产行为税,10,房产税法、契税法和土地增值税法,第二节 契税法,房屋交换契税,TAX-00373,逐节扩充题,442—449,451—458,2026年注册会计师全国统一考试辅导教材《税法》,,tax-full-10-02-003
税法,资源环境与财产行为税,10,房产税法、契税法和土地增值税法,第三节 土地增值税法,土地增值税范围,TAX-00374,逐节扩充题,450—464,459—473,2026年注册会计师全国统一考试辅导教材《税法》,,tax-full-10-03-001
税法,资源环境与财产行为税,10,房产税法、契税法和土地增值税法,第三节 土地增值税法,增值额与增值率,TAX-00375,逐节扩充题,450—464,459—473,2026年注册会计师全国统一考试辅导教材《税法》,,tax-full-10-03-002
税法,资源环境与财产行为税,10,房产税法、契税法和土地增值税法,第三节 土地增值税法,土地增值税速算,TAX-00376,逐节扩充题,450—464,459—473,2026年注册会计师全国统一考试辅导教材《税法》,,tax-full-10-03-003
税法,资源环境与财产行为税,10,房产税法、契税法和土地增值税法,第三节 土地增值税法,土地增值税清算,TAX-00377,逐节扩充题,450—464,459—473,2026年注册会计师全国统一考试辅导教材《税法》,,tax-full-10-03-004
税法,资源环境与财产行为税,10,房产税法、契税法和土地增值税法,第一节 房产税法,房产原值扣除,TAX-00378,知识点补充题,437,446,2026年注册会计师全国统一考试辅导教材《税法》,,tax-full-10-01-005
税法,资源环境与财产行为税,10,房产税法、契税法和土地增值税法,第一节 房产税法,房屋出租转换,TAX-00379,知识点补充题,438,447,2026年注册会计师全国统一考试辅导教材《税法》,,tax-full-10-01-006
税法,资源环境与财产行为税,10,房产税法、契税法和土地增值税法,第一节 房产税法,地下建筑物,TAX-00380,知识点补充题,439,448,2026年注册会计师全国统一考试辅导教材《税法》,,tax-full-10-01-007
税法,资源环境与财产行为税,10,房产税法、契税法和土地增值税法,第二节 契税法,契税受让方,TAX-00381,知识点补充题,442,451,2026年注册会计师全国统一考试辅导教材《税法》,,tax-full-10-02-004
税法,资源环境与财产行为税,10,房产税法、契税法和土地增值税法,第二节 契税法,契税赠与税基,TAX-00382,知识点补充题,444,453,2026年注册会计师全国统一考试辅导教材《税法》,,tax-full-10-02-005
税法,资源环境与财产行为税,10,房产税法、契税法和土地增值税法,第二节 契税法,契税权属交换,TAX-00383,知识点补充题,444,453,2026年注册会计师全国统一考试辅导教材《税法》,,tax-full-10-02-006
税法,资源环境与财产行为税,10,房产税法、契税法和土地增值税法,第三节 土地增值税法,土地增值税扣除项目,TAX-00384,知识点补充题,453,462,2026年注册会计师全国统一考试辅导教材《税法》,,tax-full-10-03-005
税法,资源环境与财产行为税,10,房产税法、契税法和土地增值税法,第三节 土地增值税法,土地增值税增值率,TAX-00385,知识点补充题,454,463,2026年注册会计师全国统一考试辅导教材《税法》,,tax-full-10-03-006
税法,资源环境与财产行为税,10,房产税法、契税法和土地增值税法,第三节 土地增值税法,清算触发条件,TAX-00386,知识点补充题,457,466,2026年注册会计师全国统一考试辅导教材《税法》,,tax-full-10-03-007
税法,资源环境与财产行为税,10,房产税法、契税法和土地增值税法,第三节 土地增值税法,普通标准住宅优惠,TAX-00387,知识点补充题,461,470,2026年注册会计师全国统一考试辅导教材《税法》,,tax-full-10-03-008
税法,资源环境与财产行为税,11,车辆购置税法、车船税法和印花税法,第一节 车辆购置税法,车辆购置税,TAX-00388,原有起步题,465—467,474—476,2026年注册会计师全国统一考试辅导教材《税法》,,tax-11-01
税法,资源环境与财产行为税,11,车辆购置税法、车船税法和印花税法,第一节 车辆购置税法,计税价格,TAX-00389,原有起步题,465—467,474—476,2026年注册会计师全国统一考试辅导教材《税法》,,tax-11-02
税法,资源环境与财产行为税,11,车辆购置税法、车船税法和印花税法,第一节 车辆购置税法,购置方式,TAX-00390,原有起步题,465—467,474—476,2026年注册会计师全国统一考试辅导教材《税法》,,tax-11-03
税法,资源环境与财产行为税,11,车辆购置税法、车船税法和印花税法,第一节 车辆购置税法,车辆购置税计算,TAX-00391,原有起步题,465—467,474—476,2026年注册会计师全国统一考试辅导教材《税法》,,tax-11-04
税法,资源环境与财产行为税,11,车辆购置税法、车船税法和印花税法,第一节 车辆购置税法,车辆购置税计税,TAX-00392,逐节扩充题,465—472,474—481,2026年注册会计师全国统一考试辅导教材《税法》,,tax-full-11-01-001
税法,资源环境与财产行为税,11,车辆购置税法、车船税法和印花税法,第一节 车辆购置税法,车购税一次征收,TAX-00393,逐节扩充题,465—472,474—481,2026年注册会计师全国统一考试辅导教材《税法》,,tax-full-11-01-002
税法,资源环境与财产行为税,11,车辆购置税法、车船税法和印花税法,第一节 车辆购置税法,新能源车优惠,TAX-00394,逐节扩充题,465—472,474—481,2026年注册会计师全国统一考试辅导教材《税法》,,tax-full-11-01-003
税法,资源环境与财产行为税,11,车辆购置税法、车船税法和印花税法,第二节 车船税法,车船税计税单位,TAX-00395,逐节扩充题,473—477,482—486,2026年注册会计师全国统一考试辅导教材《税法》,,tax-full-11-02-001
税法,资源环境与财产行为税,11,车辆购置税法、车船税法和印花税法,第二节 车船税法,车船税年度分摊,TAX-00396,逐节扩充题,473—477,482—486,2026年注册会计师全国统一考试辅导教材《税法》,,tax-full-11-02-002
税法,资源环境与财产行为税,11,车辆购置税法、车船税法和印花税法,第二节 车船税法,车船税与保险,TAX-00397,逐节扩充题,473—477,482—486,2026年注册会计师全国统一考试辅导教材《税法》,,tax-full-11-02-003
税法,资源环境与财产行为税,11,车辆购置税法、车船税法和印花税法,第三节 印花税法,印花税征税范围,TAX-00398,逐节扩充题,478—486,487—495,2026年注册会计师全国统一考试辅导教材《税法》,,tax-full-11-03-001
税法,资源环境与财产行为税,11,车辆购置税法、车船税法和印花税法,第三节 印花税法,合同增值税列明,TAX-00399,逐节扩充题,478—486,487—495,2026年注册会计师全国统一考试辅导教材《税法》,,tax-full-11-03-002
税法,资源环境与财产行为税,11,车辆购置税法、车船税法和印花税法,第三节 印花税法,印花税计算,TAX-00400,逐节扩充题,478—486,487—495,2026年注册会计师全国统一考试辅导教材《税法》,,tax-full-11-03-003
税法,资源环境与财产行为税,11,车辆购置税法、车船税法和印花税法,第三节 印花税法,资金账簿,TAX-00401,逐节扩充题,478—486,487—495,2026年注册会计师全国统一考试辅导教材《税法》,,tax-full-11-03-004
税法,资源环境与财产行为税,11,车辆购置税法、车船税法和印花税法,第一节 车辆购置税法,车购税购买与进口,TAX-00402,知识点补充题,465,474,2026年注册会计师全国统一考试辅导教材《税法》,,tax-full-11-01-004
税法,资源环境与财产行为税,11,车辆购置税法、车船税法和印花税法,第一节 车辆购置税法,车购税含税价,TAX-00403,知识点补充题,466,475,2026年注册会计师全国统一考试辅导教材《税法》,,tax-full-11-01-005
税法,资源环境与财产行为税,11,车辆购置税法、车船税法和印花税法,第一节 车辆购置税法,车辆退回税款,TAX-00404,知识点补充题,470,479,2026年注册会计师全国统一考试辅导教材《税法》,,tax-full-11-01-006
税法,资源环境与财产行为税,11,车辆购置税法、车船税法和印花税法,第二节 车船税法,车船税税目单位,TAX-00405,知识点补充题,473,482,2026年注册会计师全国统一考试辅导教材《税法》,,tax-full-11-02-004
税法,资源环境与财产行为税,11,车辆购置税法、车船税法和印花税法,第二节 车船税法,保险代收车船税,TAX-00406,知识点补充题,477,486,2026年注册会计师全国统一考试辅导教材《税法》,,tax-full-11-02-005
税法,资源环境与财产行为税,11,车辆购置税法、车船税法和印花税法,第三节 印花税法,印花税书面合同,TAX-00407,知识点补充题,478,487,2026年注册会计师全国统一考试辅导教材《税法》,,tax-full-11-03-005
税法,资源环境与财产行为税,11,车辆购置税法、车船税法和印花税法,第三节 印花税法,印花税不含增值税金额,TAX-00408,知识点补充题,480,489,2026年注册会计师全国统一考试辅导教材《税法》,,tax-full-11-03-006
税法,资源环境与财产行为税,11,车辆购置税法、车船税法和印花税法,第三节 印花税法,产权转移书据,TAX-00409,知识点补充题,479,488,2026年注册会计师全国统一考试辅导教材《税法》,,tax-full-11-03-007
税法,资源环境与财产行为税,11,车辆购置税法、车船税法和印花税法,第一节 车辆购置税法,新能源汽车车购税优惠,TAX-00410,知识点补充题,468,477,2026年注册会计师全国统一考试辅导教材《税法》,,tax-full-11-01-007
税法,关税与跨境税务,12,国际税收税务管理实务,第一节 国际税收协定,协定目的,TAX-00411,原有起步题,487—489,496—498,2026年注册会计师全国统一考试辅导教材《税法》,,tax-12-01
税法,关税与跨境税务,12,国际税收税务管理实务,第一节 国际税收协定,协定性质,TAX-00412,原有起步题,487—489,496—498,2026年注册会计师全国统一考试辅导教材《税法》,,tax-12-02
税法,关税与跨境税务,12,国际税收税务管理实务,第一节 国际税收协定,协定内容,TAX-00413,原有起步题,487—489,496—498,2026年注册会计师全国统一考试辅导教材《税法》,,tax-12-03
税法,关税与跨境税务,12,国际税收税务管理实务,第一节 国际税收协定,协定不等于免税,TAX-00414,原有起步题,487—489,496—498,2026年注册会计师全国统一考试辅导教材《税法》,,tax-12-04
税法,关税与跨境税务,12,国际税收税务管理实务,第一节 国际税收协定,税收协定作用,TAX-00415,逐节扩充题,487—501,496—510,2026年注册会计师全国统一考试辅导教材《税法》,,tax-full-12-01-001
税法,关税与跨境税务,12,国际税收税务管理实务,第一节 国际税收协定,常设机构,TAX-00416,逐节扩充题,487—501,496—510,2026年注册会计师全国统一考试辅导教材《税法》,,tax-full-12-01-002
税法,关税与跨境税务,12,国际税收税务管理实务,第一节 国际税收协定,受益所有人,TAX-00417,逐节扩充题,487—501,496—510,2026年注册会计师全国统一考试辅导教材《税法》,,tax-full-12-01-003
税法,关税与跨境税务,12,国际税收税务管理实务,第二节 非居民企业税收管理,非居民企业所得,TAX-00418,逐节扩充题,502—510,511—519,2026年注册会计师全国统一考试辅导教材《税法》,,tax-full-12-02-001
税法,关税与跨境税务,12,国际税收税务管理实务,第二节 非居民企业税收管理,源泉扣缴,TAX-00419,逐节扩充题,502—510,511—519,2026年注册会计师全国统一考试辅导教材《税法》,,tax-full-12-02-002
税法,关税与跨境税务,12,国际税收税务管理实务,第二节 非居民企业税收管理,间接转让,TAX-00420,逐节扩充题,502—510,511—519,2026年注册会计师全国统一考试辅导教材《税法》,,tax-full-12-02-003
税法,关税与跨境税务,12,国际税收税务管理实务,第三节 境外所得税收管理,境外所得抵免限额,TAX-00421,逐节扩充题,511—520,520—529,2026年注册会计师全国统一考试辅导教材《税法》,,tax-full-12-03-001
税法,关税与跨境税务,12,国际税收税务管理实务,第三节 境外所得税收管理,境外低税额抵免,TAX-00422,逐节扩充题,511—520,520—529,2026年注册会计师全国统一考试辅导教材《税法》,,tax-full-12-03-002
税法,关税与跨境税务,12,国际税收税务管理实务,第三节 境外所得税收管理,直接与间接抵免,TAX-00423,逐节扩充题,511—520,520—529,2026年注册会计师全国统一考试辅导教材《税法》,,tax-full-12-03-003
税法,关税与跨境税务,12,国际税收税务管理实务,第四节 国际反避税,关联申报与独立交易,TAX-00424,逐节扩充题,521—541,530—550,2026年注册会计师全国统一考试辅导教材《税法》,,tax-full-12-04-001
税法,关税与跨境税务,12,国际税收税务管理实务,第四节 国际反避税,受控外国企业,TAX-00425,逐节扩充题,521—541,530—550,2026年注册会计师全国统一考试辅导教材《税法》,,tax-full-12-04-002
税法,关税与跨境税务,12,国际税收税务管理实务,第四节 国际反避税,资本弱化,TAX-00426,逐节扩充题,521—541,530—550,2026年注册会计师全国统一考试辅导教材《税法》,,tax-full-12-04-003
税法,关税与跨境税务,12,国际税收税务管理实务,第四节 国际反避税,一般反避税,TAX-00427,逐节扩充题,521—541,530—550,2026年注册会计师全国统一考试辅导教材《税法》,,tax-full-12-04-004
税法,关税与跨境税务,12,国际税收税务管理实务,第五节 转让定价税务管理,转让定价方法,TAX-00428,逐节扩充题,542—562,551—571,2026年注册会计师全国统一考试辅导教材《税法》,,tax-full-12-05-001
税法,关税与跨境税务,12,国际税收税务管理实务,第五节 转让定价税务管理,利润方法,TAX-00429,逐节扩充题,542—562,551—571,2026年注册会计师全国统一考试辅导教材《税法》,,tax-full-12-05-002
税法,关税与跨境税务,12,国际税收税务管理实务,第五节 转让定价税务管理,预约定价安排,TAX-00430,逐节扩充题,542—562,551—571,2026年注册会计师全国统一考试辅导教材《税法》,,tax-full-12-05-003
税法,关税与跨境税务,12,国际税收税务管理实务,第五节 转让定价税务管理,同期资料,TAX-00431,逐节扩充题,542—562,551—571,2026年注册会计师全国统一考试辅导教材《税法》,,tax-full-12-05-004
税法,关税与跨境税务,12,国际税收税务管理实务,第六节 国际税收征管合作,税收情报交换,TAX-00432,逐节扩充题,563—571,572—580,2026年注册会计师全国统一考试辅导教材《税法》,,tax-full-12-06-001
税法,关税与跨境税务,12,国际税收税务管理实务,第六节 国际税收征管合作,非居民金融账户,TAX-00433,逐节扩充题,563—571,572—580,2026年注册会计师全国统一考试辅导教材《税法》,,tax-full-12-06-002
税法,关税与跨境税务,12,国际税收税务管理实务,第六节 国际税收征管合作,税收征管互助,TAX-00434,逐节扩充题,563—571,572—580,2026年注册会计师全国统一考试辅导教材《税法》,,tax-full-12-06-003
税法,关税与跨境税务,12,国际税收税务管理实务,第一节 国际税收协定,常设机构判断,TAX-00435,知识点补充题,488,497,2026年注册会计师全国统一考试辅导教材《税法》,,tax-full-12-01-004
税法,关税与跨境税务,12,国际税收税务管理实务,第一节 国际税收协定,协定股息条款,TAX-00436,知识点补充题,492,501,2026年注册会计师全国统一考试辅导教材《税法》,,tax-full-12-01-005
税法,关税与跨境税务,12,国际税收税务管理实务,第一节 国际税收协定,协定相互协商,TAX-00437,知识点补充题,499,508,2026年注册会计师全国统一考试辅导教材《税法》,,tax-full-12-01-006
税法,关税与跨境税务,12,国际税收税务管理实务,第二节 非居民企业税收管理,代表机构收入核定,TAX-00438,知识点补充题,502,511,2026年注册会计师全国统一考试辅导教材《税法》,,tax-full-12-02-004
税法,关税与跨境税务,12,国际税收税务管理实务,第二节 非居民企业税收管理,非居民股息扣缴,TAX-00439,知识点补充题,504,513,2026年注册会计师全国统一考试辅导教材《税法》,,tax-full-12-02-005
税法,关税与跨境税务,12,国际税收税务管理实务,第二节 非居民企业税收管理,间接转让境内财产,TAX-00440,知识点补充题,509,518,2026年注册会计师全国统一考试辅导教材《税法》,,tax-full-12-02-006
税法,关税与跨境税务,12,国际税收税务管理实务,第二节 非居民企业税收管理,对外付汇税务资料,TAX-00441,知识点补充题,510,519,2026年注册会计师全国统一考试辅导教材《税法》,,tax-full-12-02-007
税法,关税与跨境税务,12,国际税收税务管理实务,第三节 境外所得税收管理,境外分支机构亏损,TAX-00442,知识点补充题,513,522,2026年注册会计师全国统一考试辅导教材《税法》,,tax-full-12-03-004
税法,关税与跨境税务,12,国际税收税务管理实务,第三节 境外所得税收管理,境外税额抵免凭证,TAX-00443,知识点补充题,515,524,2026年注册会计师全国统一考试辅导教材《税法》,,tax-full-12-03-005
税法,关税与跨境税务,12,国际税收税务管理实务,第三节 境外所得税收管理,间接抵免层级,TAX-00444,知识点补充题,517,526,2026年注册会计师全国统一考试辅导教材《税法》,,tax-full-12-03-006
税法,关税与跨境税务,12,国际税收税务管理实务,第三节 境外所得税收管理,抵免限额与实际抵免,TAX-00445,知识点补充题,519,528,2026年注册会计师全国统一考试辅导教材《税法》,,tax-full-12-03-007
税法,关税与跨境税务,12,国际税收税务管理实务,第四节 国际反避税,数字经济双支柱,TAX-00446,知识点补充题,527,536,2026年注册会计师全国统一考试辅导教材《税法》,,tax-full-12-04-005
税法,关税与跨境税务,12,国际税收税务管理实务,第四节 国际反避税,一般反避税目的,TAX-00447,知识点补充题,529,538,2026年注册会计师全国统一考试辅导教材《税法》,,tax-full-12-04-006
税法,关税与跨境税务,12,国际税收税务管理实务,第四节 国际反避税,特别纳税调整加息,TAX-00448,知识点补充题,534,543,2026年注册会计师全国统一考试辅导教材《税法》,,tax-full-12-04-007
税法,关税与跨境税务,12,国际税收税务管理实务,第五节 转让定价税务管理,关联申报范围,TAX-00449,知识点补充题,543,552,2026年注册会计师全国统一考试辅导教材《税法》,,tax-full-12-05-005
税法,关税与跨境税务,12,国际税收税务管理实务,第五节 转让定价税务管理,同期资料分层,TAX-00450,知识点补充题,545,554,2026年注册会计师全国统一考试辅导教材《税法》,,tax-full-12-05-006
税法,关税与跨境税务,12,国际税收税务管理实务,第五节 转让定价税务管理,可比非受控价格法,TAX-00451,知识点补充题,549,558,2026年注册会计师全国统一考试辅导教材《税法》,,tax-full-12-05-007
税法,关税与跨境税务,12,国际税收税务管理实务,第五节 转让定价税务管理,预约定价安排期间,TAX-00452,知识点补充题,555,564,2026年注册会计师全国统一考试辅导教材《税法》,,tax-full-12-05-008
税法,关税与跨境税务,12,国际税收税务管理实务,第六节 国际税收征管合作,情报交换保密,TAX-00453,知识点补充题,563,572,2026年注册会计师全国统一考试辅导教材《税法》,,tax-full-12-06-004
税法,关税与跨境税务,12,国际税收税务管理实务,第六节 国际税收征管合作,金融账户尽职调查,TAX-00454,知识点补充题,565,574,2026年注册会计师全国统一考试辅导教材《税法》,,tax-full-12-06-005
税法,关税与跨境税务,12,国际税收税务管理实务,第四节 国际反避税,受控外国企业,TAX-00455,知识点补充题,535,544,2026年注册会计师全国统一考试辅导教材《税法》,,tax-full-12-04-008
税法,关税与跨境税务,12,国际税收税务管理实务,第四节 国际反避税,资本弱化利息扣除,TAX-00456,知识点补充题,538,547,2026年注册会计师全国统一考试辅导教材《税法》,,tax-full-12-04-009
税法,征管与救济,13,税收征收管理法,第一节 概述,征管法作用,TAX-00457,原有起步题,572—574,581—583,2026年注册会计师全国统一考试辅导教材《税法》,,tax-13-01
税法,征管与救济,13,税收征收管理法,第一节 概述,适用范围,TAX-00458,原有起步题,572—574,581—583,2026年注册会计师全国统一考试辅导教材《税法》,,tax-13-02
税法,征管与救济,13,税收征收管理法,第一节 概述,立法目的,TAX-00459,原有起步题,572—574,581—583,2026年注册会计师全国统一考试辅导教材《税法》,,tax-13-03
税法,征管与救济,13,税收征收管理法,第一节 概述,权益与纳税,TAX-00460,原有起步题,572—574,581—583,2026年注册会计师全国统一考试辅导教材《税法》,,tax-13-04
税法,征管与救济,13,税收征收管理法,第一节 概述,征管法适用,TAX-00461,逐节扩充题,572—573,581—582,2026年注册会计师全国统一考试辅导教材《税法》,,tax-full-13-01-001
税法,征管与救济,13,税收征收管理法,第一节 概述,纳税人与扣缴义务人,TAX-00462,逐节扩充题,572—573,581—582,2026年注册会计师全国统一考试辅导教材《税法》,,tax-full-13-01-002
税法,征管与救济,13,税收征收管理法,第二节 税务管理,账簿凭证管理,TAX-00463,逐节扩充题,574—589,583—598,2026年注册会计师全国统一考试辅导教材《税法》,,tax-full-13-02-001
税法,征管与救济,13,税收征收管理法,第二节 税务管理,纳税申报,TAX-00464,逐节扩充题,574—589,583—598,2026年注册会计师全国统一考试辅导教材《税法》,,tax-full-13-02-002
税法,征管与救济,13,税收征收管理法,第二节 税务管理,延期申报与延期缴税,TAX-00465,逐节扩充题,574—589,583—598,2026年注册会计师全国统一考试辅导教材《税法》,,tax-full-13-02-003
税法,征管与救济,13,税收征收管理法,第二节 税务管理,发票管理,TAX-00466,逐节扩充题,574—589,583—598,2026年注册会计师全国统一考试辅导教材《税法》,,tax-full-13-02-004
税法,征管与救济,13,税收征收管理法,第三节 税款征收,核定征收,TAX-00467,逐节扩充题,590—605,599—614,2026年注册会计师全国统一考试辅导教材《税法》,,tax-full-13-03-001
税法,征管与救济,13,税收征收管理法,第三节 税款征收,税收保全与强制执行,TAX-00468,逐节扩充题,590—605,599—614,2026年注册会计师全国统一考试辅导教材《税法》,,tax-full-13-03-002
税法,征管与救济,13,税收征收管理法,第三节 税款征收,税收优先权,TAX-00469,逐节扩充题,590—605,599—614,2026年注册会计师全国统一考试辅导教材《税法》,,tax-full-13-03-003
税法,征管与救济,13,税收征收管理法,第三节 税款征收,追征期限,TAX-00470,逐节扩充题,590—605,599—614,2026年注册会计师全国统一考试辅导教材《税法》,,tax-full-13-03-004
税法,征管与救济,13,税收征收管理法,第三节 税款征收,滞纳金计算,TAX-00471,逐节扩充题,590—605,599—614,2026年注册会计师全国统一考试辅导教材《税法》,,tax-full-13-03-005
税法,征管与救济,13,税收征收管理法,第四节 税务检查,税务检查权限,TAX-00472,逐节扩充题,606—607,615—616,2026年注册会计师全国统一考试辅导教材《税法》,,tax-full-13-04-001
税法,征管与救济,13,税收征收管理法,第四节 税务检查,检查与保密,TAX-00473,逐节扩充题,606—607,615—616,2026年注册会计师全国统一考试辅导教材《税法》,,tax-full-13-04-002
税法,征管与救济,13,税收征收管理法,第五节 法律责任,偷税与欠税,TAX-00474,逐节扩充题,608—620,617—629,2026年注册会计师全国统一考试辅导教材《税法》,,tax-full-13-05-001
税法,征管与救济,13,税收征收管理法,第五节 法律责任,扣缴法律责任,TAX-00475,逐节扩充题,608—620,617—629,2026年注册会计师全国统一考试辅导教材《税法》,,tax-full-13-05-002
税法,征管与救济,13,税收征收管理法,第五节 法律责任,行政与刑事责任,TAX-00476,逐节扩充题,608—620,617—629,2026年注册会计师全国统一考试辅导教材《税法》,,tax-full-13-05-003
税法,征管与救济,13,税收征收管理法,第六节 纳税担保和抵押,纳税担保形式,TAX-00477,逐节扩充题,621—626,630—635,2026年注册会计师全国统一考试辅导教材《税法》,,tax-full-13-06-001
税法,征管与救济,13,税收征收管理法,第六节 纳税担保和抵押,抵押与质押,TAX-00478,逐节扩充题,621—626,630—635,2026年注册会计师全国统一考试辅导教材《税法》,,tax-full-13-06-002
税法,征管与救济,13,税收征收管理法,第六节 纳税担保和抵押,担保范围,TAX-00479,逐节扩充题,621—626,630—635,2026年注册会计师全国统一考试辅导教材《税法》,,tax-full-13-06-003
税法,征管与救济,13,税收征收管理法,第七节 纳税缴费信用管理和重大税收违法失信主体信息公布管理,信用等级,TAX-00480,逐节扩充题,,,国家税务总局公告2025年第12号《纳税缴费信用管理办法》,https://fgk.chinatax.gov.cn/zcfgk/c100012/c5240851/content.html,tax-full-13-07-001
税法,征管与救济,13,税收征收管理法,第七节 纳税缴费信用管理和重大税收违法失信主体信息公布管理,信用评分,TAX-00481,逐节扩充题,,,国家税务总局公告2025年第12号《纳税缴费信用管理办法》,https://fgk.chinatax.gov.cn/zcfgk/c100012/c5240851/content.html,tax-full-13-07-002
税法,征管与救济,13,税收征收管理法,第七节 纳税缴费信用管理和重大税收违法失信主体信息公布管理,A级限制,TAX-00482,逐节扩充题,,,国家税务总局公告2025年第12号《纳税缴费信用管理办法》,https://fgk.chinatax.gov.cn/zcfgk/c100012/c5240851/content.html,tax-full-13-07-003
税法,征管与救济,13,税收征收管理法,第七节 纳税缴费信用管理和重大税收违法失信主体信息公布管理,信用修复,TAX-00483,逐节扩充题,627、630—634（628—629缺页）,636—641,2026年注册会计师全国统一考试辅导教材《税法》,,tax-full-13-07-004
税法,征管与救济,13,税收征收管理法,第七节 纳税缴费信用管理和重大税收违法失信主体信息公布管理,失信主体信息,TAX-00484,逐节扩充题,627、630—634（628—629缺页）,636—641,2026年注册会计师全国统一考试辅导教材《税法》,,tax-full-13-07-005
税法,征管与救济,13,税收征收管理法,第八节 税收违法行为检举管理办法,税收违法检举,TAX-00485,逐节扩充题,635—638,642—645,2026年注册会计师全国统一考试辅导教材《税法》,,tax-full-13-08-001
税法,征管与救济,13,税收征收管理法,第八节 税收违法行为检举管理办法,检举保密,TAX-00486,逐节扩充题,635—638,642—645,2026年注册会计师全国统一考试辅导教材《税法》,,tax-full-13-08-002
税法,征管与救济,13,税收征收管理法,第九节 涉税专业服务管理办法与基本准则,涉税专业服务范围,TAX-00487,逐节扩充题,639—653,646—660,2026年注册会计师全国统一考试辅导教材《税法》,,tax-full-13-09-001
税法,征管与救济,13,税收征收管理法,第九节 涉税专业服务管理办法与基本准则,涉税服务基本准则,TAX-00488,逐节扩充题,639—653,646—660,2026年注册会计师全国统一考试辅导教材《税法》,,tax-full-13-09-002
税法,征管与救济,13,税收征收管理法,第九节 涉税专业服务管理办法与基本准则,委托与纳税责任,TAX-00489,逐节扩充题,639—653,646—660,2026年注册会计师全国统一考试辅导教材《税法》,,tax-full-13-09-003
税法,征管与救济,13,税收征收管理法,第十节 税务文书电子送达规定,电子送达确认,TAX-00490,逐节扩充题,654,661,2026年注册会计师全国统一考试辅导教材《税法》,,tax-full-13-10-001
税法,征管与救济,13,税收征收管理法,第十节 税务文书电子送达规定,电子送达证据,TAX-00491,逐节扩充题,654,661,2026年注册会计师全国统一考试辅导教材《税法》,,tax-full-13-10-002
税法,征管与救济,13,税收征收管理法,第十一节 互联网平台企业涉税信息报送规定,平台信息报送,TAX-00492,逐节扩充题,655—660,662—667,2026年注册会计师全国统一考试辅导教材《税法》,,tax-full-13-11-001
税法,征管与救济,13,税收征收管理法,第十一节 互联网平台企业涉税信息报送规定,平台报送真实性,TAX-00493,逐节扩充题,655—660,662—667,2026年注册会计师全国统一考试辅导教材《税法》,,tax-full-13-11-002
税法,征管与救济,13,税收征收管理法,第十一节 互联网平台企业涉税信息报送规定,平台信息保护,TAX-00494,逐节扩充题,655—660,662—667,2026年注册会计师全国统一考试辅导教材《税法》,,tax-full-13-11-003
税法,征管与救济,13,税收征收管理法,第十二节 税务人员税收业务违法行为处分规定,税务人员处分,TAX-00495,逐节扩充题,661—666,668—673,2026年注册会计师全国统一考试辅导教材《税法》,,tax-full-13-12-001
税法,征管与救济,13,税收征收管理法,第十二节 税务人员税收业务违法行为处分规定,处分与补救,TAX-00496,逐节扩充题,661—666,668—673,2026年注册会计师全国统一考试辅导教材《税法》,,tax-full-13-12-002
税法,征管与救济,13,税收征收管理法,第一节 概述,征管法适用范围,TAX-00497,知识点补充题,573,582,2026年注册会计师全国统一考试辅导教材《税法》,,tax-full-13-01-003
税法,征管与救济,13,税收征收管理法,第一节 概述,税务机关与纳税人遵守,TAX-00498,知识点补充题,573,582,2026年注册会计师全国统一考试辅导教材《税法》,,tax-full-13-01-004
税法,征管与救济,13,税收征收管理法,第二节 税务管理,税务登记变更,TAX-00499,知识点补充题,574,583,2026年注册会计师全国统一考试辅导教材《税法》,,tax-full-13-02-005
税法,征管与救济,13,税收征收管理法,第二节 税务管理,账簿凭证保管,TAX-00500,知识点补充题,582,591,2026年注册会计师全国统一考试辅导教材《税法》,,tax-full-13-02-006
税法,征管与救济,13,税收征收管理法,第二节 税务管理,延期申报与延期缴税,TAX-00501,知识点补充题,589,598,2026年注册会计师全国统一考试辅导教材《税法》,,tax-full-13-02-007
税法,征管与救济,13,税收征收管理法,第三节 税款征收,核定征收的前提,TAX-00502,知识点补充题,591,600,2026年注册会计师全国统一考试辅导教材《税法》,,tax-full-13-03-006
税法,征管与救济,13,税收征收管理法,第三节 税款征收,税收保全与强制执行,TAX-00503,知识点补充题,598,607,2026年注册会计师全国统一考试辅导教材《税法》,,tax-full-13-03-007
税法,征管与救济,13,税收征收管理法,第三节 税款征收,欠税与担保顺位,TAX-00504,知识点补充题,600,609,2026年注册会计师全国统一考试辅导教材《税法》,,tax-full-13-03-008
税法,征管与救济,13,税收征收管理法,第三节 税款征收,多缴税款退还,TAX-00505,知识点补充题,603,612,2026年注册会计师全国统一考试辅导教材《税法》,,tax-full-13-03-009
税法,征管与救济,13,税收征收管理法,第四节 税务检查,税务检查出示证件,TAX-00506,知识点补充题,606,615,2026年注册会计师全国统一考试辅导教材《税法》,,tax-full-13-04-003
税法,征管与救济,13,税收征收管理法,第四节 税务检查,税务检查复制资料,TAX-00507,知识点补充题,607,616,2026年注册会计师全国统一考试辅导教材《税法》,,tax-full-13-04-004
税法,征管与救济,13,税收征收管理法,第五节 法律责任,虚假申报与未申报,TAX-00508,知识点补充题,610,619,2026年注册会计师全国统一考试辅导教材《税法》,,tax-full-13-05-004
税法,征管与救济,13,税收征收管理法,第五节 法律责任,骗取出口退税,TAX-00509,知识点补充题,612,621,2026年注册会计师全国统一考试辅导教材《税法》,,tax-full-13-05-005
税法,征管与救济,13,税收征收管理法,第五节 法律责任,虚开发票责任,TAX-00510,知识点补充题,613,622,2026年注册会计师全国统一考试辅导教材《税法》,,tax-full-13-05-006
税法,征管与救济,13,税收征收管理法,第五节 法律责任,税务人员违法,TAX-00511,知识点补充题,620,629,2026年注册会计师全国统一考试辅导教材《税法》,,tax-full-13-05-007
税法,征管与救济,13,税收征收管理法,第六节 纳税担保和抵押,保证抵押质押,TAX-00512,知识点补充题,622,631,2026年注册会计师全国统一考试辅导教材《税法》,,tax-full-13-06-004
税法,征管与救济,13,税收征收管理法,第六节 纳税担保和抵押,抵押财产范围,TAX-00513,知识点补充题,623,632,2026年注册会计师全国统一考试辅导教材《税法》,,tax-full-13-06-005
税法,征管与救济,13,税收征收管理法,第六节 纳税担保和抵押,担保责任终止,TAX-00514,知识点补充题,626,635,2026年注册会计师全国统一考试辅导教材《税法》,,tax-full-13-06-006
税法,征管与救济,13,税收征收管理法,第七节 纳税缴费信用管理和重大税收违法失信主体信息公布管理,纳税信用与失信公布,TAX-00515,知识点补充题,630,637,2026年注册会计师全国统一考试辅导教材《税法》,,tax-full-13-07-006
税法,征管与救济,13,税收征收管理法,第七节 纳税缴费信用管理和重大税收违法失信主体信息公布管理,信用异议与修复,TAX-00516,知识点补充题,631,638,2026年注册会计师全国统一考试辅导教材《税法》,,tax-full-13-07-007
税法,征管与救济,13,税收征收管理法,第八节 税收违法行为检举管理办法,检举人身份保密,TAX-00517,知识点补充题,635,642,2026年注册会计师全国统一考试辅导教材《税法》,,tax-full-13-08-003
税法,征管与救济,13,税收征收管理法,第八节 税收违法行为检举管理办法,检举线索处理,TAX-00518,知识点补充题,636,643,2026年注册会计师全国统一考试辅导教材《税法》,,tax-full-13-08-004
税法,征管与救济,13,税收征收管理法,第九节 涉税专业服务管理办法与基本准则,涉税专业服务责任,TAX-00519,知识点补充题,639,646,2026年注册会计师全国统一考试辅导教材《税法》,,tax-full-13-09-004
税法,征管与救济,13,税收征收管理法,第九节 涉税专业服务管理办法与基本准则,涉税服务信用评价,TAX-00520,知识点补充题,646,653,2026年注册会计师全国统一考试辅导教材《税法》,,tax-full-13-09-005
税法,征管与救济,13,税收征收管理法,第九节 涉税专业服务管理办法与基本准则,职业道德冲突,TAX-00521,知识点补充题,651,658,2026年注册会计师全国统一考试辅导教材《税法》,,tax-full-13-09-006
税法,征管与救济,13,税收征收管理法,第十节 税务文书电子送达规定,电子送达同意,TAX-00522,知识点补充题,654,661,2026年注册会计师全国统一考试辅导教材《税法》,,tax-full-13-10-003
税法,征管与救济,13,税收征收管理法,第十节 税务文书电子送达规定,电子送达时间,TAX-00523,知识点补充题,654,661,2026年注册会计师全国统一考试辅导教材《税法》,,tax-full-13-10-004
税法,征管与救济,13,税收征收管理法,第十一节 互联网平台企业涉税信息报送规定,平台报送主体,TAX-00524,知识点补充题,655,662,2026年注册会计师全国统一考试辅导教材《税法》,,tax-full-13-11-004
税法,征管与救济,13,税收征收管理法,第十一节 互联网平台企业涉税信息报送规定,平台数据更正,TAX-00525,知识点补充题,657,664,2026年注册会计师全国统一考试辅导教材《税法》,,tax-full-13-11-005
税法,征管与救济,13,税收征收管理法,第十二节 税务人员税收业务违法行为处分规定,税务人员处分对象,TAX-00526,知识点补充题,662,669,2026年注册会计师全国统一考试辅导教材《税法》,,tax-full-13-12-003
税法,征管与救济,13,税收征收管理法,第十二节 税务人员税收业务违法行为处分规定,处分与行政行为效力,TAX-00527,知识点补充题,664,671,2026年注册会计师全国统一考试辅导教材《税法》,,tax-full-13-12-004
税法,征管与救济,13,税收征收管理法,第五节 法律责任,抗税与逃税,TAX-00528,知识点补充题,615,624,2026年注册会计师全国统一考试辅导教材《税法》,,tax-full-13-05-008
税法,征管与救济,13,税收征收管理法,第五节 法律责任,银行拒不协助执行,TAX-00529,知识点补充题,619,628,2026年注册会计师全国统一考试辅导教材《税法》,,tax-full-13-05-009
税法,征管与救济,14,税务行政法制,第一节 税务行政处罚,处罚法定,TAX-00530,原有起步题,667—669,674—676,2026年注册会计师全国统一考试辅导教材《税法》,,tax-14-01
税法,征管与救济,14,税务行政法制,第一节 税务行政处罚,处罚种类,TAX-00531,原有起步题,667—669,674—676,2026年注册会计师全国统一考试辅导教材《税法》,,tax-14-02
税法,征管与救济,14,税务行政法制,第一节 税务行政处罚,税务行政法制构成,TAX-00532,原有起步题,667—669,674—676,2026年注册会计师全国统一考试辅导教材《税法》,,tax-14-03
税法,征管与救济,14,税务行政法制,第一节 税务行政处罚,处罚与税款,TAX-00533,原有起步题,667—669,674—676,2026年注册会计师全国统一考试辅导教材《税法》,,tax-14-04
税法,征管与救济,14,税务行政法制,第一节 税务行政处罚,处罚法定,TAX-00534,逐节扩充题,667—675,674—682,2026年注册会计师全国统一考试辅导教材《税法》,,tax-full-14-01-001
税法,征管与救济,14,税务行政法制,第一节 税务行政处罚,处罚程序权利,TAX-00535,逐节扩充题,667—675,674—682,2026年注册会计师全国统一考试辅导教材《税法》,,tax-full-14-01-002
税法,征管与救济,14,税务行政法制,第一节 税务行政处罚,首违不罚,TAX-00536,逐节扩充题,667—675,674—682,2026年注册会计师全国统一考试辅导教材《税法》,,tax-full-14-01-003
税法,征管与救济,14,税务行政法制,第一节 税务行政处罚,一事不二罚款,TAX-00537,逐节扩充题,667—675,674—682,2026年注册会计师全国统一考试辅导教材《税法》,,tax-full-14-01-004
税法,征管与救济,14,税务行政法制,第二节 税务行政复议,纳税争议复议前置,TAX-00538,逐节扩充题,676—689,683—696,2026年注册会计师全国统一考试辅导教材《税法》,,tax-full-14-02-001
税法,征管与救济,14,税务行政法制,第二节 税务行政复议,复议与处罚争议,TAX-00539,逐节扩充题,676—689,683—696,2026年注册会计师全国统一考试辅导教材《税法》,,tax-full-14-02-002
税法,征管与救济,14,税务行政法制,第二节 税务行政复议,复议被申请人,TAX-00540,逐节扩充题,676—689,683—696,2026年注册会计师全国统一考试辅导教材《税法》,,tax-full-14-02-003
税法,征管与救济,14,税务行政法制,第二节 税务行政复议,复议审查,TAX-00541,逐节扩充题,676—689,683—696,2026年注册会计师全国统一考试辅导教材《税法》,,tax-full-14-02-004
税法,征管与救济,14,税务行政法制,第三节 税务行政诉讼,税务诉讼举证,TAX-00542,逐节扩充题,690—695,697—702,2026年注册会计师全国统一考试辅导教材《税法》,,tax-full-14-03-001
税法,征管与救济,14,税务行政法制,第三节 税务行政诉讼,诉讼不停止执行,TAX-00543,逐节扩充题,690—695,697—702,2026年注册会计师全国统一考试辅导教材《税法》,,tax-full-14-03-002
税法,征管与救济,14,税务行政法制,第三节 税务行政诉讼,司法审查范围,TAX-00544,逐节扩充题,690—695,697—702,2026年注册会计师全国统一考试辅导教材《税法》,,tax-full-14-03-003
税法,征管与救济,14,税务行政法制,第一节 税务行政处罚,听证权告知,TAX-00545,知识点补充题,668,675,2026年注册会计师全国统一考试辅导教材《税法》,,tax-full-14-01-005
税法,征管与救济,14,税务行政法制,第一节 税务行政处罚,简易程序条件,TAX-00546,知识点补充题,667,674,2026年注册会计师全国统一考试辅导教材《税法》,,tax-full-14-01-006
税法,征管与救济,14,税务行政法制,第一节 税务行政处罚,处罚裁量基准,TAX-00547,知识点补充题,672,679,2026年注册会计师全国统一考试辅导教材《税法》,,tax-full-14-01-007
税法,征管与救济,14,税务行政法制,第二节 税务行政复议,复议申请期限,TAX-00548,知识点补充题,679,686,2026年注册会计师全国统一考试辅导教材《税法》,,tax-full-14-02-005
税法,征管与救济,14,税务行政法制,第二节 税务行政复议,征税争议先缴税,TAX-00549,知识点补充题,680,687,2026年注册会计师全国统一考试辅导教材《税法》,,tax-full-14-02-006
税法,征管与救济,14,税务行政法制,第二节 税务行政复议,复议证据责任,TAX-00550,知识点补充题,682,689,2026年注册会计师全国统一考试辅导教材《税法》,,tax-full-14-02-007
税法,征管与救济,14,税务行政法制,第三节 税务行政诉讼,税务诉讼受案,TAX-00551,知识点补充题,691,698,2026年注册会计师全国统一考试辅导教材《税法》,,tax-full-14-03-004
税法,征管与救济,14,税务行政法制,第三节 税务行政诉讼,诉讼期间执行,TAX-00552,知识点补充题,692,699,2026年注册会计师全国统一考试辅导教材《税法》,,tax-full-14-03-005
税法,征管与救济,14,税务行政法制,第三节 税务行政诉讼,举证与判决,TAX-00553,知识点补充题,693,700,2026年注册会计师全国统一考试辅导教材《税法》,,tax-full-14-03-006
税法,征管与救济,14,税务行政法制,第二节 税务行政复议,复议和解调解,TAX-00554,知识点补充题,686,693,2026年注册会计师全国统一考试辅导教材《税法》,,tax-full-14-02-008
审计,审计基础与职业道德,1,审计概述,第一节 审计的概念与保证程度,编报责任,AUD-00001,原有起步题,3—5,14—16,2026年注册会计师全国统一考试辅导教材《审计》,,audit-01-01
审计,审计基础与职业道德,1,审计概述,第一节 审计的概念与保证程度,保证程度,AUD-00002,原有起步题,3—5,14—16,2026年注册会计师全国统一考试辅导教材《审计》,,audit-01-02
审计,审计基础与职业道德,1,审计概述,第一节 审计的概念与保证程度,审计基本认识,AUD-00003,原有起步题,3—5,14—16,2026年注册会计师全国统一考试辅导教材《审计》,,audit-01-03
审计,审计基础与职业道德,1,审计概述,第一节 审计的概念与保证程度,审计与经营结果,AUD-00004,原有起步题,3—5,14—16,2026年注册会计师全国统一考试辅导教材《审计》,,audit-01-04
审计,审计基础与职业道德,1,审计概述,第一节 审计的概念与保证程度,合理保证,AUD-00005,逐节扩充题,3—6,14—17,2026年注册会计师全国统一考试辅导教材《审计》,,audit-full-01-01-001
审计,审计基础与职业道德,1,审计概述,第一节 审计的概念与保证程度,审计与审阅,AUD-00006,逐节扩充题,3—6,14—17,2026年注册会计师全国统一考试辅导教材《审计》,,audit-full-01-01-002
审计,审计基础与职业道德,1,审计概述,第二节 审计要素,三方关系,AUD-00007,逐节扩充题,7—10,18—21,2026年注册会计师全国统一考试辅导教材《审计》,,audit-full-01-02-001
审计,审计基础与职业道德,1,审计概述,第二节 审计要素,鉴证对象与标准,AUD-00008,逐节扩充题,7—10,18—21,2026年注册会计师全国统一考试辅导教材《审计》,,audit-full-01-02-002
审计,审计基础与职业道德,1,审计概述,第三节 审计目标,认定与目标,AUD-00009,逐节扩充题,11—14,22—25,2026年注册会计师全国统一考试辅导教材《审计》,,audit-full-01-03-001
审计,审计基础与职业道德,1,审计概述,第三节 审计目标,存在与完整性,AUD-00010,逐节扩充题,11—14,22—25,2026年注册会计师全国统一考试辅导教材《审计》,,audit-full-01-03-002
审计,审计基础与职业道德,1,审计概述,第三节 审计目标,截止认定,AUD-00011,逐节扩充题,11—14,22—25,2026年注册会计师全国统一考试辅导教材《审计》,,audit-full-01-03-003
审计,审计基础与职业道德,1,审计概述,第四节 审计基本要求,职业怀疑,AUD-00012,逐节扩充题,15—18,26—29,2026年注册会计师全国统一考试辅导教材《审计》,,audit-full-01-04-001
审计,审计基础与职业道德,1,审计概述,第四节 审计基本要求,职业判断,AUD-00013,逐节扩充题,15—18,26—29,2026年注册会计师全国统一考试辅导教材《审计》,,audit-full-01-04-002
审计,审计基础与职业道德,1,审计概述,第五节 审计风险,审计风险模型,AUD-00014,逐节扩充题,19—21,30—32,2026年注册会计师全国统一考试辅导教材《审计》,,audit-full-01-05-001
审计,审计基础与职业道德,1,审计概述,第五节 审计风险,固有风险与控制风险,AUD-00015,逐节扩充题,19—21,30—32,2026年注册会计师全国统一考试辅导教材《审计》,,audit-full-01-05-002
审计,审计基础与职业道德,1,审计概述,第五节 审计风险,检查风险,AUD-00016,逐节扩充题,19—21,30—32,2026年注册会计师全国统一考试辅导教材《审计》,,audit-full-01-05-003
审计,审计基础与职业道德,1,审计概述,第六节 审计过程,审计阶段,AUD-00017,逐节扩充题,22—23,33—34,2026年注册会计师全国统一考试辅导教材《审计》,,audit-full-01-06-001
审计,审计基础与职业道德,1,审计概述,第六节 审计过程,审计证据闭环,AUD-00018,逐节扩充题,22—23,33—34,2026年注册会计师全国统一考试辅导教材《审计》,,audit-full-01-06-002
审计,审计基础与职业道德,1,审计概述,第七节 注册会计师审计的执业责任,管理层与审计责任,AUD-00019,逐节扩充题,24—27,35—38,2026年注册会计师全国统一考试辅导教材《审计》,,audit-full-01-07-001
审计,审计基础与职业道德,1,审计概述,第七节 注册会计师审计的执业责任,未发现舞弊与过失,AUD-00020,逐节扩充题,24—27,35—38,2026年注册会计师全国统一考试辅导教材《审计》,,audit-full-01-07-002
审计,审计基础与职业道德,2,职业道德基本原则和解决职业道德问题的基本思路,第一节 职业道德基本原则,诚信,AUD-00021,原有起步题,28—30,39—41,2026年注册会计师全国统一考试辅导教材《审计》,,audit-02-01
审计,审计基础与职业道德,2,职业道德基本原则和解决职业道德问题的基本思路,第一节 职业道德基本原则,客观公正,AUD-00022,原有起步题,28—30,39—41,2026年注册会计师全国统一考试辅导教材《审计》,,audit-02-02
审计,审计基础与职业道德,2,职业道德基本原则和解决职业道德问题的基本思路,第一节 职业道德基本原则,职业道德原则,AUD-00023,原有起步题,28—30,39—41,2026年注册会计师全国统一考试辅导教材《审计》,,audit-02-03
审计,审计基础与职业道德,2,职业道德基本原则和解决职业道德问题的基本思路,第一节 职业道德基本原则,客户压力,AUD-00024,原有起步题,28—30,39—41,2026年注册会计师全国统一考试辅导教材《审计》,,audit-02-04
审计,审计基础与职业道德,2,职业道德基本原则和解决职业道德问题的基本思路,第一节 职业道德基本原则,诚信与客观公正,AUD-00025,逐节扩充题,28—30,39—41,2026年注册会计师全国统一考试辅导教材《审计》,,audit-full-02-01-001
审计,审计基础与职业道德,2,职业道德基本原则和解决职业道德问题的基本思路,第一节 职业道德基本原则,保密原则,AUD-00026,逐节扩充题,28—30,39—41,2026年注册会计师全国统一考试辅导教材《审计》,,audit-full-02-01-002
审计,审计基础与职业道德,2,职业道德基本原则和解决职业道德问题的基本思路,第一节 职业道德基本原则,专业胜任能力,AUD-00027,逐节扩充题,28—30,39—41,2026年注册会计师全国统一考试辅导教材《审计》,,audit-full-02-01-003
审计,审计基础与职业道德,2,职业道德基本原则和解决职业道德问题的基本思路,第二节 职业道德概念框架,不利影响类别,AUD-00028,逐节扩充题,31—32,42—43,2026年注册会计师全国统一考试辅导教材《审计》,,audit-full-02-02-001
审计,审计基础与职业道德,2,职业道德基本原则和解决职业道德问题的基本思路,第二节 职业道德概念框架,概念框架应对,AUD-00029,逐节扩充题,31—32,42—43,2026年注册会计师全国统一考试辅导教材《审计》,,audit-full-02-02-002
审计,审计基础与职业道德,2,职业道德基本原则和解决职业道德问题的基本思路,第三节 注册会计师对职业道德概念框架的具体运用,利益冲突,AUD-00030,逐节扩充题,33—42,44—53,2026年注册会计师全国统一考试辅导教材《审计》,,audit-full-02-03-001
审计,审计基础与职业道德,2,职业道德基本原则和解决职业道德问题的基本思路,第三节 注册会计师对职业道德概念框架的具体运用,第二次意见,AUD-00031,逐节扩充题,33—42,44—53,2026年注册会计师全国统一考试辅导教材《审计》,,audit-full-02-03-002
审计,审计基础与职业道德,2,职业道德基本原则和解决职业道德问题的基本思路,第三节 注册会计师对职业道德概念框架的具体运用,礼品与款待,AUD-00032,逐节扩充题,33—42,44—53,2026年注册会计师全国统一考试辅导教材《审计》,,audit-full-02-03-003
审计,审计基础与职业道德,2,职业道德基本原则和解决职业道德问题的基本思路,第四节 非执业会员对职业道德概念框架的具体运用,非执业会员信息编制,AUD-00033,逐节扩充题,43—49,54—60,2026年注册会计师全国统一考试辅导教材《审计》,,audit-full-02-04-001
审计,审计基础与职业道德,2,职业道德基本原则和解决职业道德问题的基本思路,第四节 非执业会员对职业道德概念框架的具体运用,面临违反原则的压力,AUD-00034,逐节扩充题,43—49,54—60,2026年注册会计师全国统一考试辅导教材《审计》,,audit-full-02-04-002
审计,审计基础与职业道德,3,审计业务的独立性要求,第一节 基本概念和要求,独立性构成,AUD-00035,原有起步题,50—52,61—63,2026年注册会计师全国统一考试辅导教材《审计》,,audit-03-01
审计,审计基础与职业道德,3,审计业务的独立性要求,第一节 基本概念和要求,形式独立性,AUD-00036,原有起步题,50—52,61—63,2026年注册会计师全国统一考试辅导教材《审计》,,audit-03-02
审计,审计基础与职业道德,3,审计业务的独立性要求,第一节 基本概念和要求,不利影响因素,AUD-00037,原有起步题,50—52,61—63,2026年注册会计师全国统一考试辅导教材《审计》,,audit-03-03
审计,审计基础与职业道德,3,审计业务的独立性要求,第一节 基本概念和要求,独立性判断,AUD-00038,原有起步题,50—52,61—63,2026年注册会计师全国统一考试辅导教材《审计》,,audit-03-04
审计,审计基础与职业道德,3,审计业务的独立性要求,第一节 基本概念和要求,实质与形式独立,AUD-00039,逐节扩充题,50—56,61—67,2026年注册会计师全国统一考试辅导教材《审计》,,audit-full-03-01-001
审计,审计基础与职业道德,3,审计业务的独立性要求,第一节 基本概念和要求,网络事务所,AUD-00040,逐节扩充题,50—56,61—67,2026年注册会计师全国统一考试辅导教材《审计》,,audit-full-03-01-002
审计,审计基础与职业道德,3,审计业务的独立性要求,第一节 基本概念和要求,公众利益实体,AUD-00041,逐节扩充题,50—56,61—67,2026年注册会计师全国统一考试辅导教材《审计》,,audit-full-03-01-003
审计,审计基础与职业道德,3,审计业务的独立性要求,第二节 收费,收费依赖,AUD-00042,逐节扩充题,57—59,68—70,2026年注册会计师全国统一考试辅导教材《审计》,,audit-full-03-02-001
审计,审计基础与职业道德,3,审计业务的独立性要求,第二节 收费,或有收费,AUD-00043,逐节扩充题,57—59,68—70,2026年注册会计师全国统一考试辅导教材《审计》,,audit-full-03-02-002
审计,审计基础与职业道德,3,审计业务的独立性要求,第三节 经济利益,直接经济利益,AUD-00044,逐节扩充题,60—63,71—74,2026年注册会计师全国统一考试辅导教材《审计》,,audit-full-03-03-001
审计,审计基础与职业道德,3,审计业务的独立性要求,第三节 经济利益,间接经济利益,AUD-00045,逐节扩充题,60—63,71—74,2026年注册会计师全国统一考试辅导教材《审计》,,audit-full-03-03-002
审计,审计基础与职业道德,3,审计业务的独立性要求,第四节 贷款和担保以及商业关系、家庭和私人关系,贷款与担保,AUD-00046,逐节扩充题,64—68,75—79,2026年注册会计师全国统一考试辅导教材《审计》,,audit-full-03-04-001
审计,审计基础与职业道德,3,审计业务的独立性要求,第四节 贷款和担保以及商业关系、家庭和私人关系,商业关系,AUD-00047,逐节扩充题,64—68,75—79,2026年注册会计师全国统一考试辅导教材《审计》,,audit-full-03-04-002
审计,审计基础与职业道德,3,审计业务的独立性要求,第四节 贷款和担保以及商业关系、家庭和私人关系,家庭关系,AUD-00048,逐节扩充题,64—68,75—79,2026年注册会计师全国统一考试辅导教材《审计》,,audit-full-03-04-003
审计,审计基础与职业道德,3,审计业务的独立性要求,第五节 与审计客户之间的人员交流,加入审计客户,AUD-00049,逐节扩充题,69—71,80—82,2026年注册会计师全国统一考试辅导教材《审计》,,audit-full-03-05-001
审计,审计基础与职业道德,3,审计业务的独立性要求,第五节 与审计客户之间的人员交流,近期任职客户,AUD-00050,逐节扩充题,69—71,80—82,2026年注册会计师全国统一考试辅导教材《审计》,,audit-full-03-05-002
审计,审计基础与职业道德,3,审计业务的独立性要求,第六节 与审计客户长期存在业务关系,长期业务关系,AUD-00051,逐节扩充题,72—75,83—86,2026年注册会计师全国统一考试辅导教材《审计》,,audit-full-03-06-001
审计,审计基础与职业道德,3,审计业务的独立性要求,第六节 与审计客户长期存在业务关系,轮换与冷却期,AUD-00052,逐节扩充题,72—75,83—86,2026年注册会计师全国统一考试辅导教材《审计》,,audit-full-03-06-002
审计,审计基础与职业道德,3,审计业务的独立性要求,第七节 为审计客户提供非鉴证服务,承担管理层职责,AUD-00053,逐节扩充题,76—84,87—95,2026年注册会计师全国统一考试辅导教材《审计》,,audit-full-03-07-001
审计,审计基础与职业道德,3,审计业务的独立性要求,第七节 为审计客户提供非鉴证服务,自我评价服务,AUD-00054,逐节扩充题,76—84,87—95,2026年注册会计师全国统一考试辅导教材《审计》,,audit-full-03-07-002
审计,审计基础与职业道德,3,审计业务的独立性要求,第七节 为审计客户提供非鉴证服务,非鉴证服务判断,AUD-00055,逐节扩充题,76—84,87—95,2026年注册会计师全国统一考试辅导教材《审计》,,audit-full-03-07-003
审计,审计基础与职业道德,3,审计业务的独立性要求,第八节 影响独立性的其他事项,诉讼与独立性,AUD-00056,逐节扩充题,85,96,2026年注册会计师全国统一考试辅导教材《审计》,,audit-full-03-08-001
审计,审计基础与职业道德,3,审计业务的独立性要求,第八节 影响独立性的其他事项,兼任董事,AUD-00057,逐节扩充题,85,96,2026年注册会计师全国统一考试辅导教材《审计》,,audit-full-03-08-002
审计,审计基础与职业道德,3,审计业务的独立性要求,第九节 违反独立性要求时会计师事务所应当采取的措施,违反独立性后的处理,AUD-00058,逐节扩充题,86—89,97—100,2026年注册会计师全国统一考试辅导教材《审计》,,audit-full-03-09-001
审计,审计基础与职业道德,3,审计业务的独立性要求,第九节 违反独立性要求时会计师事务所应当采取的措施,违规记录,AUD-00059,逐节扩充题,86—89,97—100,2026年注册会计师全国统一考试辅导教材《审计》,,audit-full-03-09-002
审计,证据与抽样,4,审计证据,第一节 审计证据的性质,审计证据,AUD-00060,原有起步题,90—92,101—103,2026年注册会计师全国统一考试辅导教材《审计》,,audit-04-01
审计,证据与抽样,4,审计证据,第一节 审计证据的性质,适当性,AUD-00061,原有起步题,90—92,101—103,2026年注册会计师全国统一考试辅导教材《审计》,,audit-04-02
审计,证据与抽样,4,审计证据,第一节 审计证据的性质,证据质量,AUD-00062,原有起步题,90—92,101—103,2026年注册会计师全国统一考试辅导教材《审计》,,audit-04-03
审计,证据与抽样,4,审计证据,第一节 审计证据的性质,证据与目标,AUD-00063,原有起步题,90—92,101—103,2026年注册会计师全国统一考试辅导教材《审计》,,audit-04-04
审计,证据与抽样,4,审计证据,第一节 审计证据的性质,充分性与适当性,AUD-00064,逐节扩充题,90—94,101—105,2026年注册会计师全国统一考试辅导教材《审计》,,audit-full-04-01-001
审计,证据与抽样,4,审计证据,第一节 审计证据的性质,证据可靠性,AUD-00065,逐节扩充题,90—94,101—105,2026年注册会计师全国统一考试辅导教材《审计》,,audit-full-04-01-002
审计,证据与抽样,4,审计证据,第一节 审计证据的性质,矛盾证据,AUD-00066,逐节扩充题,90—94,101—105,2026年注册会计师全国统一考试辅导教材《审计》,,audit-full-04-01-003
审计,证据与抽样,4,审计证据,第二节 审计程序,程序类型,AUD-00067,逐节扩充题,95—96,106—107,2026年注册会计师全国统一考试辅导教材《审计》,,audit-full-04-02-001
审计,证据与抽样,4,审计证据,第二节 审计程序,询问的局限,AUD-00068,逐节扩充题,95—96,106—107,2026年注册会计师全国统一考试辅导教材《审计》,,audit-full-04-02-002
审计,证据与抽样,4,审计证据,第二节 审计程序,观察的时点性,AUD-00069,逐节扩充题,95—96,106—107,2026年注册会计师全国统一考试辅导教材《审计》,,audit-full-04-02-003
审计,证据与抽样,4,审计证据,第三节 函证,函证控制,AUD-00070,逐节扩充题,97—107,108—118,2026年注册会计师全国统一考试辅导教材《审计》,,audit-full-04-03-001
审计,证据与抽样,4,审计证据,第三节 函证,积极与消极函证,AUD-00071,逐节扩充题,97—107,108—118,2026年注册会计师全国统一考试辅导教材《审计》,,audit-full-04-03-002
审计,证据与抽样,4,审计证据,第三节 函证,不符事项,AUD-00072,逐节扩充题,97—107,108—118,2026年注册会计师全国统一考试辅导教材《审计》,,audit-full-04-03-003
审计,证据与抽样,4,审计证据,第三节 函证,未回函替代程序,AUD-00073,逐节扩充题,97—107,108—118,2026年注册会计师全国统一考试辅导教材《审计》,,audit-full-04-03-004
审计,证据与抽样,4,审计证据,第四节 分析程序,分析程序阶段,AUD-00074,逐节扩充题,108—113,119—124,2026年注册会计师全国统一考试辅导教材《审计》,,audit-full-04-04-001
审计,证据与抽样,4,审计证据,第四节 分析程序,预期值精确度,AUD-00075,逐节扩充题,108—113,119—124,2026年注册会计师全国统一考试辅导教材《审计》,,audit-full-04-04-002
审计,证据与抽样,4,审计证据,第四节 分析程序,异常差异调查,AUD-00076,逐节扩充题,108—113,119—124,2026年注册会计师全国统一考试辅导教材《审计》,,audit-full-04-04-003
审计,证据与抽样,5,审计抽样方法,第一节 审计抽样的相关概念,总体,AUD-00077,原有起步题,114—116,125—127,2026年注册会计师全国统一考试辅导教材《审计》,,audit-05-01
审计,证据与抽样,5,审计抽样方法,第一节 审计抽样的相关概念,样本与总体,AUD-00078,原有起步题,114—116,125—127,2026年注册会计师全国统一考试辅导教材《审计》,,audit-05-02
审计,证据与抽样,5,审计抽样方法,第一节 审计抽样的相关概念,审计抽样特征,AUD-00079,原有起步题,114—116,125—127,2026年注册会计师全国统一考试辅导教材《审计》,,audit-05-03
审计,证据与抽样,5,审计抽样方法,第一节 审计抽样的相关概念,特定项目测试,AUD-00080,原有起步题,114—116,125—127,2026年注册会计师全国统一考试辅导教材《审计》,,audit-05-04
审计,证据与抽样,5,审计抽样方法,第一节 审计抽样的相关概念,抽样与全选,AUD-00081,逐节扩充题,114—117,125—128,2026年注册会计师全国统一考试辅导教材《审计》,,audit-full-05-01-001
审计,证据与抽样,5,审计抽样方法,第一节 审计抽样的相关概念,抽样与非抽样风险,AUD-00082,逐节扩充题,114—117,125—128,2026年注册会计师全国统一考试辅导教材《审计》,,audit-full-05-01-002
审计,证据与抽样,5,审计抽样方法,第一节 审计抽样的相关概念,统计与非统计抽样,AUD-00083,逐节扩充题,114—117,125—128,2026年注册会计师全国统一考试辅导教材《审计》,,audit-full-05-01-003
审计,证据与抽样,5,审计抽样方法,第二节 审计抽样在控制测试中的应用,信赖过度风险,AUD-00084,逐节扩充题,118—131,129—142,2026年注册会计师全国统一考试辅导教材《审计》,,audit-full-05-02-001
审计,证据与抽样,5,审计抽样方法,第二节 审计抽样在控制测试中的应用,信赖不足风险,AUD-00085,逐节扩充题,118—131,129—142,2026年注册会计师全国统一考试辅导教材《审计》,,audit-full-05-02-002
审计,证据与抽样,5,审计抽样方法,第二节 审计抽样在控制测试中的应用,控制样本量方向,AUD-00086,逐节扩充题,118—131,129—142,2026年注册会计师全国统一考试辅导教材《审计》,,audit-full-05-02-003
审计,证据与抽样,5,审计抽样方法,第二节 审计抽样在控制测试中的应用,控制偏差评价,AUD-00087,逐节扩充题,118—131,129—142,2026年注册会计师全国统一考试辅导教材《审计》,,audit-full-05-02-004
审计,证据与抽样,5,审计抽样方法,第三节 审计抽样在细节测试中的应用,误受与误拒,AUD-00088,逐节扩充题,132—150,143—161,2026年注册会计师全国统一考试辅导教材《审计》,,audit-full-05-03-001
审计,证据与抽样,5,审计抽样方法,第三节 审计抽样在细节测试中的应用,细节测试样本量,AUD-00089,逐节扩充题,132—150,143—161,2026年注册会计师全国统一考试辅导教材《审计》,,audit-full-05-03-002
审计,证据与抽样,5,审计抽样方法,第三节 审计抽样在细节测试中的应用,错报推断,AUD-00090,逐节扩充题,132—150,143—161,2026年注册会计师全国统一考试辅导教材《审计》,,audit-full-05-03-003
审计,证据与抽样,5,审计抽样方法,第三节 审计抽样在细节测试中的应用,分层,AUD-00091,逐节扩充题,132—150,143—161,2026年注册会计师全国统一考试辅导教材《审计》,,audit-full-05-03-004
审计,风险导向审计,6,审计计划,第一节 初步业务活动,计划的持续性,AUD-00092,原有起步题,151—153,162—164,2026年注册会计师全国统一考试辅导教材《审计》,,audit-06-01
审计,风险导向审计,6,审计计划,第一节 初步业务活动,业务约定,AUD-00093,原有起步题,151—153,162—164,2026年注册会计师全国统一考试辅导教材《审计》,,audit-06-02
审计,风险导向审计,6,审计计划,第一节 初步业务活动,初步业务活动,AUD-00094,原有起步题,151—153,162—164,2026年注册会计师全国统一考试辅导教材《审计》,,audit-06-03
审计,风险导向审计,6,审计计划,第一节 初步业务活动,计划更新,AUD-00095,原有起步题,151—153,162—164,2026年注册会计师全国统一考试辅导教材《审计》,,audit-06-04
审计,风险导向审计,6,审计计划,第一节 初步业务活动,业务接受前提,AUD-00096,逐节扩充题,151—155,162—166,2026年注册会计师全国统一考试辅导教材《审计》,,audit-full-06-01-001
审计,风险导向审计,6,审计计划,第一节 初步业务活动,审计业务约定书,AUD-00097,逐节扩充题,151—155,162—166,2026年注册会计师全国统一考试辅导教材《审计》,,audit-full-06-01-002
审计,风险导向审计,6,审计计划,第一节 初步业务活动,连续审计,AUD-00098,逐节扩充题,151—155,162—166,2026年注册会计师全国统一考试辅导教材《审计》,,audit-full-06-01-003
审计,风险导向审计,6,审计计划,第二节 总体审计策略和具体审计计划,策略与计划,AUD-00099,逐节扩充题,156—160,167—171,2026年注册会计师全国统一考试辅导教材《审计》,,audit-full-06-02-001
审计,风险导向审计,6,审计计划,第二节 总体审计策略和具体审计计划,计划变更记录,AUD-00100,逐节扩充题,156—160,167—171,2026年注册会计师全国统一考试辅导教材《审计》,,audit-full-06-02-002
审计,风险导向审计,6,审计计划,第三节 重要性,整体与实际执行重要性,AUD-00101,逐节扩充题,161—171,172—182,2026年注册会计师全国统一考试辅导教材《审计》,,audit-full-06-03-001
审计,风险导向审计,6,审计计划,第三节 重要性,特定类别重要性,AUD-00102,逐节扩充题,161—171,172—182,2026年注册会计师全国统一考试辅导教材《审计》,,audit-full-06-03-002
审计,风险导向审计,6,审计计划,第三节 重要性,明显微小错报,AUD-00103,逐节扩充题,161—171,172—182,2026年注册会计师全国统一考试辅导教材《审计》,,audit-full-06-03-003
审计,风险导向审计,6,审计计划,第三节 重要性,重要性修订,AUD-00104,逐节扩充题,161—171,172—182,2026年注册会计师全国统一考试辅导教材《审计》,,audit-full-06-03-004
审计,风险导向审计,7,风险评估,第一节 风险识别和评估概述,风险识别,AUD-00105,原有起步题,172—174,183—185,2026年注册会计师全国统一考试辅导教材《审计》,,audit-07-01
审计,风险导向审计,7,风险评估,第一节 风险识别和评估概述,风险评估用途,AUD-00106,原有起步题,172—174,183—185,2026年注册会计师全国统一考试辅导教材《审计》,,audit-07-02
审计,风险导向审计,7,风险评估,第一节 风险识别和评估概述,风险层次,AUD-00107,原有起步题,172—174,183—185,2026年注册会计师全国统一考试辅导教材《审计》,,audit-07-03
审计,风险导向审计,7,风险评估,第一节 风险识别和评估概述,相矛盾的信息,AUD-00108,原有起步题,172—174,183—185,2026年注册会计师全国统一考试辅导教材《审计》,,audit-07-04
审计,风险导向审计,7,风险评估,第一节 风险识别和评估概述,风险评估目的,AUD-00109,逐节扩充题,172,183,2026年注册会计师全国统一考试辅导教材《审计》,,audit-full-07-01-001
审计,风险导向审计,7,风险评估,第一节 风险识别和评估概述,风险评估局限,AUD-00110,逐节扩充题,172,183,2026年注册会计师全国统一考试辅导教材《审计》,,audit-full-07-01-002
审计,风险导向审计,7,风险评估,第二节 风险评估程序、信息来源以及项目组内部的讨论,风险评估程序组合,AUD-00111,逐节扩充题,173—177,184—188,2026年注册会计师全国统一考试辅导教材《审计》,,audit-full-07-02-001
审计,风险导向审计,7,风险评估,第二节 风险评估程序、信息来源以及项目组内部的讨论,项目组讨论,AUD-00112,逐节扩充题,173—177,184—188,2026年注册会计师全国统一考试辅导教材《审计》,,audit-full-07-02-002
审计,风险导向审计,7,风险评估,第三节 了解被审计单位及其环境和适用的财务报告编制基础,业务风险与错报风险,AUD-00113,逐节扩充题,178—188,189—199,2026年注册会计师全国统一考试辅导教材《审计》,,audit-full-07-03-001
审计,风险导向审计,7,风险评估,第三节 了解被审计单位及其环境和适用的财务报告编制基础,会计政策理解,AUD-00114,逐节扩充题,178—188,189—199,2026年注册会计师全国统一考试辅导教材《审计》,,audit-full-07-03-002
审计,风险导向审计,7,风险评估,第四节 了解被审计单位内部控制体系各要素,内部控制五要素,AUD-00115,逐节扩充题,189—213,200—224,2026年注册会计师全国统一考试辅导教材《审计》,,audit-full-07-04-001
审计,风险导向审计,7,风险评估,第四节 了解被审计单位内部控制体系各要素,设计与执行,AUD-00116,逐节扩充题,189—213,200—224,2026年注册会计师全国统一考试辅导教材《审计》,,audit-full-07-04-002
审计,风险导向审计,7,风险评估,第四节 了解被审计单位内部控制体系各要素,穿行测试,AUD-00117,逐节扩充题,189—213,200—224,2026年注册会计师全国统一考试辅导教材《审计》,,audit-full-07-04-003
审计,风险导向审计,7,风险评估,第五节 识别和评估重大错报风险,特别风险,AUD-00118,逐节扩充题,214—224,225—235,2026年注册会计师全国统一考试辅导教材《审计》,,audit-full-07-05-001
审计,风险导向审计,7,风险评估,第五节 识别和评估重大错报风险,财报层次风险,AUD-00119,逐节扩充题,214—224,225—235,2026年注册会计师全国统一考试辅导教材《审计》,,audit-full-07-05-002
审计,风险导向审计,7,风险评估,第五节 识别和评估重大错报风险,风险修正,AUD-00120,逐节扩充题,214—224,225—235,2026年注册会计师全国统一考试辅导教材《审计》,,audit-full-07-05-003
审计,风险导向审计,8,风险应对,第一节 针对财务报表层次重大错报风险的总体应对措施,风险与应对,AUD-00121,原有起步题,225—227,236—238,2026年注册会计师全国统一考试辅导教材《审计》,,audit-08-01
审计,风险导向审计,8,风险应对,第一节 针对财务报表层次重大错报风险的总体应对措施,人员安排,AUD-00122,原有起步题,225—227,236—238,2026年注册会计师全国统一考试辅导教材《审计》,,audit-08-02
审计,风险导向审计,8,风险应对,第一节 针对财务报表层次重大错报风险的总体应对措施,总体应对措施,AUD-00123,原有起步题,225—227,236—238,2026年注册会计师全国统一考试辅导教材《审计》,,audit-08-03
审计,风险导向审计,8,风险应对,第一节 针对财务报表层次重大错报风险的总体应对措施,不可预见性,AUD-00124,原有起步题,225—227,236—238,2026年注册会计师全国统一考试辅导教材《审计》,,audit-08-04
审计,风险导向审计,8,风险应对,第一节 针对财务报表层次重大错报风险的总体应对措施,总体应对,AUD-00125,逐节扩充题,225—227,236—238,2026年注册会计师全国统一考试辅导教材《审计》,,audit-full-08-01-001
审计,风险导向审计,8,风险应对,第一节 针对财务报表层次重大错报风险的总体应对措施,不可预见性,AUD-00126,逐节扩充题,225—227,236—238,2026年注册会计师全国统一考试辅导教材《审计》,,audit-full-08-01-002
审计,风险导向审计,8,风险应对,第二节 针对认定层次重大错报风险的进一步审计程序,程序性质时间范围,AUD-00127,逐节扩充题,228—232,239—243,2026年注册会计师全国统一考试辅导教材《审计》,,audit-full-08-02-001
审计,风险导向审计,8,风险应对,第二节 针对认定层次重大错报风险的进一步审计程序,仅实质性方案,AUD-00128,逐节扩充题,228—232,239—243,2026年注册会计师全国统一考试辅导教材《审计》,,audit-full-08-02-002
审计,风险导向审计,8,风险应对,第三节 控制测试,控制测试必要情形,AUD-00129,逐节扩充题,233—240,244—251,2026年注册会计师全国统一考试辅导教材《审计》,,audit-full-08-03-001
审计,风险导向审计,8,风险应对,第三节 控制测试,期中控制证据,AUD-00130,逐节扩充题,233—240,244—251,2026年注册会计师全国统一考试辅导教材《审计》,,audit-full-08-03-002
审计,风险导向审计,8,风险应对,第三节 控制测试,控制偏差应对,AUD-00131,逐节扩充题,233—240,244—251,2026年注册会计师全国统一考试辅导教材《审计》,,audit-full-08-03-003
审计,风险导向审计,8,风险应对,第四节 实质性程序,重大项目实质性程序,AUD-00132,逐节扩充题,241—245,252—256,2026年注册会计师全国统一考试辅导教材《审计》,,audit-full-08-04-001
审计,风险导向审计,8,风险应对,第四节 实质性程序,特别风险实质性应对,AUD-00133,逐节扩充题,241—245,252—256,2026年注册会计师全国统一考试辅导教材《审计》,,audit-full-08-04-002
审计,风险导向审计,8,风险应对,第四节 实质性程序,财务报表结账程序,AUD-00134,逐节扩充题,241—245,252—256,2026年注册会计师全国统一考试辅导教材《审计》,,audit-full-08-04-003
审计,风险导向审计,9,信息技术对审计的影响,第一节 信息技术对企业财务报告和内部控制的影响,信息系统影响,AUD-00135,原有起步题,246—248,257—259,2026年注册会计师全国统一考试辅导教材《审计》,,audit-09-01
审计,风险导向审计,9,信息技术对审计的影响,第一节 信息技术对企业财务报告和内部控制的影响,信息技术概念,AUD-00136,原有起步题,246—248,257—259,2026年注册会计师全国统一考试辅导教材《审计》,,audit-09-02
审计,风险导向审计,9,信息技术对审计的影响,第一节 信息技术对企业财务报告和内部控制的影响,集成系统,AUD-00137,原有起步题,246—248,257—259,2026年注册会计师全国统一考试辅导教材《审计》,,audit-09-03
审计,风险导向审计,9,信息技术对审计的影响,第一节 信息技术对企业财务报告和内部控制的影响,系统与报表,AUD-00138,原有起步题,246—248,257—259,2026年注册会计师全国统一考试辅导教材《审计》,,audit-09-04
审计,风险导向审计,9,信息技术对审计的影响,第一节 信息技术对企业财务报告和内部控制的影响,自动化风险,AUD-00139,逐节扩充题,246—249,257—260,2026年注册会计师全国统一考试辅导教材《审计》,,audit-full-09-01-001
审计,风险导向审计,9,信息技术对审计的影响,第一节 信息技术对企业财务报告和内部控制的影响,信息技术依赖,AUD-00140,逐节扩充题,246—249,257—260,2026年注册会计师全国统一考试辅导教材《审计》,,audit-full-09-01-002
审计,风险导向审计,9,信息技术对审计的影响,第二节 信息技术一般控制、信息处理控制和公司层面信息技术控制,一般与应用控制,AUD-00141,逐节扩充题,250—252,261—263,2026年注册会计师全国统一考试辅导教材《审计》,,audit-full-09-02-001
审计,风险导向审计,9,信息技术对审计的影响,第二节 信息技术一般控制、信息处理控制和公司层面信息技术控制,职责分离,AUD-00142,逐节扩充题,250—252,261—263,2026年注册会计师全国统一考试辅导教材《审计》,,audit-full-09-02-002
审计,风险导向审计,9,信息技术对审计的影响,第三节 信息技术对审计过程的影响,自动控制测试,AUD-00143,逐节扩充题,253—256,264—267,2026年注册会计师全国统一考试辅导教材《审计》,,audit-full-09-03-001
审计,风险导向审计,9,信息技术对审计的影响,第三节 信息技术对审计过程的影响,电子证据保存,AUD-00144,逐节扩充题,253—256,264—267,2026年注册会计师全国统一考试辅导教材《审计》,,audit-full-09-03-002
审计,风险导向审计,9,信息技术对审计的影响,第四节 计算机辅助审计技术和电子表格的运用,计算机辅助审计,AUD-00145,逐节扩充题,257—258,268—269,2026年注册会计师全国统一考试辅导教材《审计》,,audit-full-09-04-001
审计,风险导向审计,9,信息技术对审计的影响,第四节 计算机辅助审计技术和电子表格的运用,电子表格风险,AUD-00146,逐节扩充题,257—258,268—269,2026年注册会计师全国统一考试辅导教材《审计》,,audit-full-09-04-002
审计,风险导向审计,9,信息技术对审计的影响,第五节 数据分析,数据分析异常,AUD-00147,逐节扩充题,259—261,270—272,2026年注册会计师全国统一考试辅导教材《审计》,,audit-full-09-05-001
审计,风险导向审计,9,信息技术对审计的影响,第五节 数据分析,数据可视化,AUD-00148,逐节扩充题,259—261,270—272,2026年注册会计师全国统一考试辅导教材《审计》,,audit-full-09-05-002
审计,风险导向审计,9,信息技术对审计的影响,第六节 不同信息技术环境下的信息管理,云服务控制,AUD-00149,逐节扩充题,262,273,2026年注册会计师全国统一考试辅导教材《审计》,,audit-full-09-06-001
审计,风险导向审计,9,信息技术对审计的影响,第六节 不同信息技术环境下的信息管理,分布式系统,AUD-00150,逐节扩充题,262,273,2026年注册会计师全国统一考试辅导教材《审计》,,audit-full-09-06-002
审计,风险导向审计,9,信息技术对审计的影响,第七节 运用信息技术识别与应对舞弊风险,舞弊数据线索,AUD-00151,逐节扩充题,263—272,274—283,2026年注册会计师全国统一考试辅导教材《审计》,,audit-full-09-07-001
审计,风险导向审计,9,信息技术对审计的影响,第七节 运用信息技术识别与应对舞弊风险,算法输出怀疑,AUD-00152,逐节扩充题,263—272,274—283,2026年注册会计师全国统一考试辅导教材《审计》,,audit-full-09-07-002
审计,业务循环审计,10,销售与收款循环的审计,第一节 销售与收款循环的特点,循环法,AUD-00153,原有起步题,273—275,284—286,2026年注册会计师全国统一考试辅导教材《审计》,,audit-10-01
审计,业务循环审计,10,销售与收款循环的审计,第一节 销售与收款循环的特点,客户订购单,AUD-00154,原有起步题,275,286,2026年注册会计师全国统一考试辅导教材《审计》,,audit-10-02
审计,业务循环审计,10,销售与收款循环的审计,第一节 销售与收款循环的特点,循环组织审计,AUD-00155,原有起步题,273—275,284—286,2026年注册会计师全国统一考试辅导教材《审计》,,audit-10-03
审计,业务循环审计,10,销售与收款循环的审计,第一节 销售与收款循环的特点,出库凭证,AUD-00156,原有起步题,275,286,2026年注册会计师全国统一考试辅导教材《审计》,,audit-10-04
审计,业务循环审计,10,销售与收款循环的审计,第一节 销售与收款循环的特点,收入与应收账款,AUD-00157,逐节扩充题,275—276,286—287,2026年注册会计师全国统一考试辅导教材《审计》,,audit-full-10-01-001
审计,业务循环审计,10,销售与收款循环的审计,第一节 销售与收款循环的特点,销售截止,AUD-00158,逐节扩充题,275—276,286—287,2026年注册会计师全国统一考试辅导教材《审计》,,audit-full-10-01-002
审计,业务循环审计,10,销售与收款循环的审计,第二节 销售与收款循环的主要业务活动和相关内部控制,信用审批与发货,AUD-00159,逐节扩充题,277—281,288—292,2026年注册会计师全国统一考试辅导教材《审计》,,audit-full-10-02-001
审计,业务循环审计,10,销售与收款循环的审计,第二节 销售与收款循环的主要业务活动和相关内部控制,对账控制,AUD-00160,逐节扩充题,277—281,288—292,2026年注册会计师全国统一考试辅导教材《审计》,,audit-full-10-02-002
审计,业务循环审计,10,销售与收款循环的审计,第三节 销售与收款循环的重大错报风险,收入舞弊假定,AUD-00161,逐节扩充题,282—290,293—301,2026年注册会计师全国统一考试辅导教材《审计》,,audit-full-10-03-001
审计,业务循环审计,10,销售与收款循环的审计,第三节 销售与收款循环的重大错报风险,应收减值风险,AUD-00162,逐节扩充题,282—290,293—301,2026年注册会计师全国统一考试辅导教材《审计》,,audit-full-10-03-002
审计,业务循环审计,10,销售与收款循环的审计,第四节 销售与收款循环的控制测试,信用审批控制测试,AUD-00163,逐节扩充题,291—294,302—305,2026年注册会计师全国统一考试辅导教材《审计》,,audit-full-10-04-001
审计,业务循环审计,10,销售与收款循环的审计,第四节 销售与收款循环的控制测试,销售序号完整性,AUD-00164,逐节扩充题,291—294,302—305,2026年注册会计师全国统一考试辅导教材《审计》,,audit-full-10-04-002
审计,业务循环审计,10,销售与收款循环的审计,第五节 销售与收款循环的实质性程序,收入测试方向,AUD-00165,逐节扩充题,295—307,306—318,2026年注册会计师全国统一考试辅导教材《审计》,,audit-full-10-05-001
审计,业务循环审计,10,销售与收款循环的审计,第五节 销售与收款循环的实质性程序,应收替代程序,AUD-00166,逐节扩充题,295—307,306—318,2026年注册会计师全国统一考试辅导教材《审计》,,audit-full-10-05-002
审计,业务循环审计,10,销售与收款循环的审计,第五节 销售与收款循环的实质性程序,收入截止证据,AUD-00167,逐节扩充题,295—307,306—318,2026年注册会计师全国统一考试辅导教材《审计》,,audit-full-10-05-003
审计,业务循环审计,11,采购与付款循环的审计,第一节 采购与付款循环的特点,采购循环范围,AUD-00168,原有起步题,308—310,319—321,2026年注册会计师全国统一考试辅导教材《审计》,,audit-11-01
审计,业务循环审计,11,采购与付款循环的审计,第一节 采购与付款循环的特点,采购流程,AUD-00169,原有起步题,308—310,319—321,2026年注册会计师全国统一考试辅导教材《审计》,,audit-11-02
审计,业务循环审计,11,采购与付款循环的审计,第一节 采购与付款循环的特点,采购与支出,AUD-00170,原有起步题,308—310,319—321,2026年注册会计师全国统一考试辅导教材《审计》,,audit-11-03
审计,业务循环审计,11,采购与付款循环的审计,第一节 采购与付款循环的特点,行业差异,AUD-00171,原有起步题,308—310,319—321,2026年注册会计师全国统一考试辅导教材《审计》,,audit-11-04
审计,业务循环审计,11,采购与付款循环的审计,第一节 采购与付款循环的特点,采购循环账户,AUD-00172,逐节扩充题,308—309,319—320,2026年注册会计师全国统一考试辅导教材《审计》,,audit-full-11-01-001
审计,业务循环审计,11,采购与付款循环的审计,第一节 采购与付款循环的特点,采购截止,AUD-00173,逐节扩充题,308—309,319—320,2026年注册会计师全国统一考试辅导教材《审计》,,audit-full-11-01-002
审计,业务循环审计,11,采购与付款循环的审计,第二节 采购与付款循环的主要业务活动和相关内部控制,采购三单核对,AUD-00174,逐节扩充题,310—311,321—322,2026年注册会计师全国统一考试辅导教材《审计》,,audit-full-11-02-001
审计,业务循环审计,11,采购与付款循环的审计,第二节 采购与付款循环的主要业务活动和相关内部控制,供应商主数据,AUD-00175,逐节扩充题,310—311,321—322,2026年注册会计师全国统一考试辅导教材《审计》,,audit-full-11-02-002
审计,业务循环审计,11,采购与付款循环的审计,第三节 采购与付款循环的重大错报风险,未记录负债,AUD-00176,逐节扩充题,312—314,323—325,2026年注册会计师全国统一考试辅导教材《审计》,,audit-full-11-03-001
审计,业务循环审计,11,采购与付款循环的审计,第三节 采购与付款循环的重大错报风险,关联采购,AUD-00177,逐节扩充题,312—314,323—325,2026年注册会计师全国统一考试辅导教材《审计》,,audit-full-11-03-002
审计,业务循环审计,11,采购与付款循环的审计,第四节 采购与付款循环的控制测试,付款授权测试,AUD-00178,逐节扩充题,315—317,326—328,2026年注册会计师全国统一考试辅导教材《审计》,,audit-full-11-04-001
审计,业务循环审计,11,采购与付款循环的审计,第四节 采购与付款循环的控制测试,采购控制例外,AUD-00179,逐节扩充题,315—317,326—328,2026年注册会计师全国统一考试辅导教材《审计》,,audit-full-11-04-002
审计,业务循环审计,11,采购与付款循环的审计,第五节 采购与付款循环的实质性程序,查找未入账负债,AUD-00180,逐节扩充题,318—320,329—331,2026年注册会计师全国统一考试辅导教材《审计》,,audit-full-11-05-001
审计,业务循环审计,11,采购与付款循环的审计,第五节 采购与付款循环的实质性程序,应付函证选样,AUD-00181,逐节扩充题,318—320,329—331,2026年注册会计师全国统一考试辅导教材《审计》,,audit-full-11-05-002
审计,业务循环审计,12,生产与存货循环的审计,第一节 生产与存货循环的特点,存在认定,AUD-00182,原有起步题,321—323,332—334,2026年注册会计师全国统一考试辅导教材《审计》,,audit-12-01
审计,业务循环审计,12,生产与存货循环的审计,第一节 生产与存货循环的特点,权利和义务,AUD-00183,原有起步题,321—323,332—334,2026年注册会计师全国统一考试辅导教材《审计》,,audit-12-02
审计,业务循环审计,12,生产与存货循环的审计,第一节 生产与存货循环的特点,存货相关认定,AUD-00184,原有起步题,321—323,332—334,2026年注册会计师全国统一考试辅导教材《审计》,,audit-12-03
审计,业务循环审计,12,生产与存货循环的审计,第一节 生产与存货循环的特点,存在与所有权,AUD-00185,原有起步题,321—323,332—334,2026年注册会计师全国统一考试辅导教材《审计》,,audit-12-04
审计,业务循环审计,12,生产与存货循环的审计,第一节 生产与存货循环的特点,存货循环风险,AUD-00186,逐节扩充题,321—322,332—333,2026年注册会计师全国统一考试辅导教材《审计》,,audit-full-12-01-001
审计,业务循环审计,12,生产与存货循环的审计,第一节 生产与存货循环的特点,成本流转,AUD-00187,逐节扩充题,321—322,332—333,2026年注册会计师全国统一考试辅导教材《审计》,,audit-full-12-01-002
审计,业务循环审计,12,生产与存货循环的审计,第二节 生产与存货循环的主要业务活动和相关内部控制,存货保管与记录,AUD-00188,逐节扩充题,323—326,334—337,2026年注册会计师全国统一考试辅导教材《审计》,,audit-full-12-02-001
审计,业务循环审计,12,生产与存货循环的审计,第二节 生产与存货循环的主要业务活动和相关内部控制,成本分配控制,AUD-00189,逐节扩充题,323—326,334—337,2026年注册会计师全国统一考试辅导教材《审计》,,audit-full-12-02-002
审计,业务循环审计,12,生产与存货循环的审计,第三节 生产与存货循环的重大错报风险,存货减值风险,AUD-00190,逐节扩充题,327—328,338—339,2026年注册会计师全国统一考试辅导教材《审计》,,audit-full-12-03-001
审计,业务循环审计,12,生产与存货循环的审计,第三节 生产与存货循环的重大错报风险,异地存货风险,AUD-00191,逐节扩充题,327—328,338—339,2026年注册会计师全国统一考试辅导教材《审计》,,audit-full-12-03-002
审计,业务循环审计,12,生产与存货循环的审计,第四节 生产与存货循环的控制测试,盘点控制测试,AUD-00192,逐节扩充题,329—330,340—341,2026年注册会计师全国统一考试辅导教材《审计》,,audit-full-12-04-001
审计,业务循环审计,12,生产与存货循环的审计,第四节 生产与存货循环的控制测试,领料控制测试,AUD-00193,逐节扩充题,329—330,340—341,2026年注册会计师全国统一考试辅导教材《审计》,,audit-full-12-04-002
审计,业务循环审计,12,生产与存货循环的审计,第五节 生产与存货循环的实质性程序,监盘双向抽查,AUD-00194,逐节扩充题,331—342,342—353,2026年注册会计师全国统一考试辅导教材《审计》,,audit-full-12-05-001
审计,业务循环审计,12,生产与存货循环的审计,第五节 生产与存货循环的实质性程序,监盘与权属,AUD-00195,逐节扩充题,331—342,342—353,2026年注册会计师全国统一考试辅导教材《审计》,,audit-full-12-05-002
审计,业务循环审计,12,生产与存货循环的审计,第五节 生产与存货循环的实质性程序,非年末监盘,AUD-00196,逐节扩充题,331—342,342—353,2026年注册会计师全国统一考试辅导教材《审计》,,audit-full-12-05-003
审计,业务循环审计,12,生产与存货循环的审计,第五节 生产与存货循环的实质性程序,不能监盘,AUD-00197,逐节扩充题,331—342,342—353,2026年注册会计师全国统一考试辅导教材《审计》,,audit-full-12-05-004
审计,业务循环审计,13,货币资金的审计,第一节 货币资金审计概述,货币资金分类,AUD-00198,原有起步题,343—345,354—356,2026年注册会计师全国统一考试辅导教材《审计》,,audit-13-01
审计,业务循环审计,13,货币资金的审计,第一节 货币资金审计概述,业务循环联系,AUD-00199,原有起步题,343—345,354—356,2026年注册会计师全国统一考试辅导教材《审计》,,audit-13-02
审计,业务循环审计,13,货币资金的审计,第一节 货币资金审计概述,审计资料,AUD-00200,原有起步题,343—345,354—356,2026年注册会计师全国统一考试辅导教材《审计》,,audit-13-03
审计,业务循环审计,13,货币资金的审计,第一节 货币资金审计概述,资金流入流出,AUD-00201,原有起步题,343—345,354—356,2026年注册会计师全国统一考试辅导教材《审计》,,audit-13-04
审计,业务循环审计,13,货币资金的审计,第一节 货币资金审计概述,货币资金目标,AUD-00202,逐节扩充题,343—347,354—358,2026年注册会计师全国统一考试辅导教材《审计》,,audit-full-13-01-001
审计,业务循环审计,13,货币资金的审计,第一节 货币资金审计概述,银行账户完整性,AUD-00203,逐节扩充题,343—347,354—358,2026年注册会计师全国统一考试辅导教材《审计》,,audit-full-13-01-002
审计,业务循环审计,13,货币资金的审计,第二节 货币资金的重大错报风险,资金受限风险,AUD-00204,逐节扩充题,348—350,359—361,2026年注册会计师全国统一考试辅导教材《审计》,,audit-full-13-02-001
审计,业务循环审计,13,货币资金的审计,第二节 货币资金的重大错报风险,异常资金流水,AUD-00205,逐节扩充题,348—350,359—361,2026年注册会计师全国统一考试辅导教材《审计》,,audit-full-13-02-002
审计,业务循环审计,13,货币资金的审计,第三节 货币资金的控制测试,支付职责分离,AUD-00206,逐节扩充题,351,362,2026年注册会计师全国统一考试辅导教材《审计》,,audit-full-13-03-001
审计,业务循环审计,13,货币资金的审计,第三节 货币资金的控制测试,银行对账控制,AUD-00207,逐节扩充题,351,362,2026年注册会计师全国统一考试辅导教材《审计》,,audit-full-13-03-002
审计,业务循环审计,13,货币资金的审计,第四节 货币资金的实质性程序,现金盘点,AUD-00208,逐节扩充题,352—366,363—377,2026年注册会计师全国统一考试辅导教材《审计》,,audit-full-13-04-001
审计,业务循环审计,13,货币资金的审计,第四节 货币资金的实质性程序,银行函证范围,AUD-00209,逐节扩充题,352—366,363—377,2026年注册会计师全国统一考试辅导教材《审计》,,audit-full-13-04-002
审计,业务循环审计,13,货币资金的审计,第四节 货币资金的实质性程序,未达账项测试,AUD-00210,逐节扩充题,352—366,363—377,2026年注册会计师全国统一考试辅导教材《审计》,,audit-full-13-04-003
审计,特殊事项,14,对舞弊和法律法规的考虑,第一节 财务报表审计中与舞弊相关的责任,舞弊特征,AUD-00211,原有起步题,367—369,378—380,2026年注册会计师全国统一考试辅导教材《审计》,,audit-14-01
审计,特殊事项,14,对舞弊和法律法规的考虑,第一节 财务报表审计中与舞弊相关的责任,虚假报告,AUD-00212,原有起步题,367—369,378—380,2026年注册会计师全国统一考试辅导教材《审计》,,audit-14-02
审计,特殊事项,14,对舞弊和法律法规的考虑,第一节 财务报表审计中与舞弊相关的责任,舞弊导致错报,AUD-00213,原有起步题,367—369,378—380,2026年注册会计师全国统一考试辅导教材《审计》,,audit-14-03
审计,特殊事项,14,对舞弊和法律法规的考虑,第一节 财务报表审计中与舞弊相关的责任,动机与错误,AUD-00214,原有起步题,367—369,378—380,2026年注册会计师全国统一考试辅导教材《审计》,,audit-14-04
审计,特殊事项,14,对舞弊和法律法规的考虑,第一节 财务报表审计中与舞弊相关的责任,舞弊与错误,AUD-00215,逐节扩充题,367—392,378—403,2026年注册会计师全国统一考试辅导教材《审计》,,audit-full-14-01-001
审计,特殊事项,14,对舞弊和法律法规的考虑,第一节 财务报表审计中与舞弊相关的责任,舞弊风险因素,AUD-00216,逐节扩充题,367—392,378—403,2026年注册会计师全国统一考试辅导教材《审计》,,audit-full-14-01-002
审计,特殊事项,14,对舞弊和法律法规的考虑,第一节 财务报表审计中与舞弊相关的责任,管理层凌驾控制,AUD-00217,逐节扩充题,367—392,378—403,2026年注册会计师全国统一考试辅导教材《审计》,,audit-full-14-01-003
审计,特殊事项,14,对舞弊和法律法规的考虑,第一节 财务报表审计中与舞弊相关的责任,分录测试,AUD-00218,逐节扩充题,367—392,378—403,2026年注册会计师全国统一考试辅导教材《审计》,,audit-full-14-01-004
审计,特殊事项,14,对舞弊和法律法规的考虑,第一节 财务报表审计中与舞弊相关的责任,估计偏向,AUD-00219,逐节扩充题,367—392,378—403,2026年注册会计师全国统一考试辅导教材《审计》,,audit-full-14-01-005
审计,特殊事项,14,对舞弊和法律法规的考虑,第一节 财务报表审计中与舞弊相关的责任,异常重大交易,AUD-00220,逐节扩充题,367—392,378—403,2026年注册会计师全国统一考试辅导教材《审计》,,audit-full-14-01-006
审计,特殊事项,14,对舞弊和法律法规的考虑,第二节 财务报表审计中对法律法规的考虑,法律法规分类,AUD-00221,逐节扩充题,393—398,404—409,2026年注册会计师全国统一考试辅导教材《审计》,,audit-full-14-02-001
审计,特殊事项,14,对舞弊和法律法规的考虑,第二节 财务报表审计中对法律法规的考虑,涉嫌违法应对,AUD-00222,逐节扩充题,393—398,404—409,2026年注册会计师全国统一考试辅导教材《审计》,,audit-full-14-02-002
审计,特殊事项,14,对舞弊和法律法规的考虑,第二节 财务报表审计中对法律法规的考虑,对外报告义务,AUD-00223,逐节扩充题,393—398,404—409,2026年注册会计师全国统一考试辅导教材《审计》,,audit-full-14-02-003
审计,特殊事项,15,审计沟通,第一节 注册会计师与治理层的沟通,管理与治理,AUD-00224,原有起步题,399—401,410—412,2026年注册会计师全国统一考试辅导教材《审计》,,audit-15-01
审计,特殊事项,15,审计沟通,第一节 注册会计师与治理层的沟通,治理监督,AUD-00225,原有起步题,399—401,410—412,2026年注册会计师全国统一考试辅导教材《审计》,,audit-15-02
审计,特殊事项,15,审计沟通,第一节 注册会计师与治理层的沟通,治理层职责,AUD-00226,原有起步题,399—401,410—412,2026年注册会计师全国统一考试辅导教材《审计》,,audit-15-03
审计,特殊事项,15,审计沟通,第一节 注册会计师与治理层的沟通,沟通对象,AUD-00227,原有起步题,399—401,410—412,2026年注册会计师全国统一考试辅导教材《审计》,,audit-15-04
审计,特殊事项,15,审计沟通,第一节 注册会计师与治理层的沟通,治理层沟通对象,AUD-00228,逐节扩充题,399—411,410—422,2026年注册会计师全国统一考试辅导教材《审计》,,audit-full-15-01-001
审计,特殊事项,15,审计沟通,第一节 注册会计师与治理层的沟通,沟通内容,AUD-00229,逐节扩充题,399—411,410—422,2026年注册会计师全国统一考试辅导教材《审计》,,audit-full-15-01-002
审计,特殊事项,15,审计沟通,第一节 注册会计师与治理层的沟通,沟通与责任,AUD-00230,逐节扩充题,399—411,410—422,2026年注册会计师全国统一考试辅导教材《审计》,,audit-full-15-01-003
审计,特殊事项,15,审计沟通,第二节 前任注册会计师和后任注册会计师的沟通,接受前沟通,AUD-00231,逐节扩充题,412—416,423—427,2026年注册会计师全国统一考试辅导教材《审计》,,audit-full-15-02-001
审计,特殊事项,15,审计沟通,第二节 前任注册会计师和后任注册会计师的沟通,客户拒绝沟通,AUD-00232,逐节扩充题,412—416,423—427,2026年注册会计师全国统一考试辅导教材《审计》,,audit-full-15-02-002
审计,特殊事项,15,审计沟通,第二节 前任注册会计师和后任注册会计师的沟通,查阅前任底稿,AUD-00233,逐节扩充题,412—416,423—427,2026年注册会计师全国统一考试辅导教材《审计》,,audit-full-15-02-003
审计,特殊事项,16,注册会计师利用他人的工作,第一节 利用内部审计人员的工作,意见责任,AUD-00234,原有起步题,417—419,428—430,2026年注册会计师全国统一考试辅导教材《审计》,,audit-16-01
审计,特殊事项,16,注册会计师利用他人的工作,第一节 利用内部审计人员的工作,利用工作的意义,AUD-00235,原有起步题,417—419,428—430,2026年注册会计师全国统一考试辅导教材《审计》,,audit-16-02
审计,特殊事项,16,注册会计师利用他人的工作,第一节 利用内部审计人员的工作,内部审计关注,AUD-00236,原有起步题,417—419,428—430,2026年注册会计师全国统一考试辅导教材《审计》,,audit-16-03
审计,特殊事项,16,注册会计师利用他人的工作,第一节 利用内部审计人员的工作,避免责任转移,AUD-00237,原有起步题,417—419,428—430,2026年注册会计师全国统一考试辅导教材《审计》,,audit-16-04
审计,特殊事项,16,注册会计师利用他人的工作,第一节 利用内部审计人员的工作,内部审计评价,AUD-00238,逐节扩充题,417—421,428—432,2026年注册会计师全国统一考试辅导教材《审计》,,audit-full-16-01-001
审计,特殊事项,16,注册会计师利用他人的工作,第一节 利用内部审计人员的工作,内部审计责任界限,AUD-00239,逐节扩充题,417—421,428—432,2026年注册会计师全国统一考试辅导教材《审计》,,audit-full-16-01-002
审计,特殊事项,16,注册会计师利用他人的工作,第一节 利用内部审计人员的工作,重大判断,AUD-00240,逐节扩充题,417—421,428—432,2026年注册会计师全国统一考试辅导教材《审计》,,audit-full-16-01-003
审计,特殊事项,16,注册会计师利用他人的工作,第二节 利用专家的工作,专家评价,AUD-00241,逐节扩充题,422—428,433—439,2026年注册会计师全国统一考试辅导教材《审计》,,audit-full-16-02-001
审计,特殊事项,16,注册会计师利用他人的工作,第二节 利用专家的工作,专家工作适当性,AUD-00242,逐节扩充题,422—428,433—439,2026年注册会计师全国统一考试辅导教材《审计》,,audit-full-16-02-002
审计,特殊事项,16,注册会计师利用他人的工作,第二节 利用专家的工作,专家与意见责任,AUD-00243,逐节扩充题,422—428,433—439,2026年注册会计师全国统一考试辅导教材《审计》,,audit-full-16-02-003
审计,特殊事项,17,对集团财务报表审计的特殊考虑,第一节 与集团财务报表审计相关的概念,组成部分,AUD-00244,原有起步题,429—431,440—442,2026年注册会计师全国统一考试辅导教材《审计》,,audit-17-01
审计,特殊事项,17,对集团财务报表审计的特殊考虑,第一节 与集团财务报表审计相关的概念,集团财务信息,AUD-00245,原有起步题,429—431,440—442,2026年注册会计师全国统一考试辅导教材《审计》,,audit-17-02
审计,特殊事项,17,对集团财务报表审计的特殊考虑,第一节 与集团财务报表审计相关的概念,集团审计关注,AUD-00246,原有起步题,429—431,440—442,2026年注册会计师全国统一考试辅导教材《审计》,,audit-17-03
审计,特殊事项,17,对集团财务报表审计的特殊考虑,第一节 与集团财务报表审计相关的概念,组成部分识别,AUD-00247,原有起步题,429—431,440—442,2026年注册会计师全国统一考试辅导教材《审计》,,audit-17-04
审计,特殊事项,17,对集团财务报表审计的特殊考虑,第一节 与集团财务报表审计相关的概念,集团与组成部分,AUD-00248,逐节扩充题,429—430,440—441,2026年注册会计师全国统一考试辅导教材《审计》,,audit-full-17-01-001
审计,特殊事项,17,对集团财务报表审计的特殊考虑,第一节 与集团财务报表审计相关的概念,组成部分注册会计师,AUD-00249,逐节扩充题,429—430,440—441,2026年注册会计师全国统一考试辅导教材《审计》,,audit-full-17-01-002
审计,特殊事项,17,对集团财务报表审计的特殊考虑,第二节 集团审计中的责任设定和注册会计师的目标,集团意见责任,AUD-00250,逐节扩充题,431,442,2026年注册会计师全国统一考试辅导教材《审计》,,audit-full-17-02-001
审计,特殊事项,17,对集团财务报表审计的特殊考虑,第二节 集团审计中的责任设定和注册会计师的目标,集团审计目标,AUD-00251,逐节扩充题,431,442,2026年注册会计师全国统一考试辅导教材《审计》,,audit-full-17-02-002
审计,特殊事项,17,对集团财务报表审计的特殊考虑,第三节 集团审计业务的接受与保持,接受集团业务,AUD-00252,逐节扩充题,432—433,443—444,2026年注册会计师全国统一考试辅导教材《审计》,,audit-full-17-03-001
审计,特殊事项,17,对集团财务报表审计的特殊考虑,第三节 集团审计业务的接受与保持,接触限制变化,AUD-00253,逐节扩充题,432—433,443—444,2026年注册会计师全国统一考试辅导教材《审计》,,audit-full-17-03-002
审计,特殊事项,17,对集团财务报表审计的特殊考虑,第四节 了解集团及其环境、集团组成部分及其环境,集团层面了解,AUD-00254,逐节扩充题,434—435,445—446,2026年注册会计师全国统一考试辅导教材《审计》,,audit-full-17-04-001
审计,特殊事项,17,对集团财务报表审计的特殊考虑,第四节 了解集团及其环境、集团组成部分及其环境,组成部分风险,AUD-00255,逐节扩充题,434—435,445—446,2026年注册会计师全国统一考试辅导教材《审计》,,audit-full-17-04-002
审计,特殊事项,17,对集团财务报表审计的特殊考虑,第五节 了解组成部分注册会计师,组成部分审计师评价,AUD-00256,逐节扩充题,436,447,2026年注册会计师全国统一考试辅导教材《审计》,,audit-full-17-05-001
审计,特殊事项,17,对集团财务报表审计的特殊考虑,第五节 了解组成部分注册会计师,独立性不足,AUD-00257,逐节扩充题,436,447,2026年注册会计师全国统一考试辅导教材《审计》,,audit-full-17-05-002
审计,特殊事项,17,对集团财务报表审计的特殊考虑,第六节 重要性,组成部分重要性,AUD-00258,逐节扩充题,437,448,2026年注册会计师全国统一考试辅导教材《审计》,,audit-full-17-06-001
审计,特殊事项,17,对集团财务报表审计的特殊考虑,第六节 重要性,错报通报门槛,AUD-00259,逐节扩充题,437,448,2026年注册会计师全国统一考试辅导教材《审计》,,audit-full-17-06-002
审计,特殊事项,17,对集团财务报表审计的特殊考虑,第七节 针对评估的风险采取的应对措施,集团风险应对,AUD-00260,逐节扩充题,438—441,449—452,2026年注册会计师全国统一考试辅导教材《审计》,,audit-full-17-07-001
审计,特殊事项,17,对集团财务报表审计的特殊考虑,第七节 针对评估的风险采取的应对措施,参与组成部分工作,AUD-00261,逐节扩充题,438—441,449—452,2026年注册会计师全国统一考试辅导教材《审计》,,audit-full-17-07-002
审计,特殊事项,17,对集团财务报表审计的特殊考虑,第八节 合并过程及期后事项,合并抵销,AUD-00262,逐节扩充题,442,453,2026年注册会计师全国统一考试辅导教材《审计》,,audit-full-17-08-001
审计,特殊事项,17,对集团财务报表审计的特殊考虑,第八节 合并过程及期后事项,集团期后事项,AUD-00263,逐节扩充题,442,453,2026年注册会计师全国统一考试辅导教材《审计》,,audit-full-17-08-002
审计,特殊事项,17,对集团财务报表审计的特殊考虑,第九节 与组成部分注册会计师的沟通,双向沟通,AUD-00264,逐节扩充题,443—444,454—455,2026年注册会计师全国统一考试辅导教材《审计》,,audit-full-17-09-001
审计,特殊事项,17,对集团财务报表审计的特殊考虑,第九节 与组成部分注册会计师的沟通,沟通内容,AUD-00265,逐节扩充题,443—444,454—455,2026年注册会计师全国统一考试辅导教材《审计》,,audit-full-17-09-002
审计,特殊事项,17,对集团财务报表审计的特殊考虑,第十节 评价审计证据的充分性和适当性,集团证据不足,AUD-00266,逐节扩充题,445,456,2026年注册会计师全国统一考试辅导教材《审计》,,audit-full-17-10-001
审计,特殊事项,17,对集团财务报表审计的特殊考虑,第十节 评价审计证据的充分性和适当性,集团错报汇总,AUD-00267,逐节扩充题,445,456,2026年注册会计师全国统一考试辅导教材《审计》,,audit-full-17-10-002
审计,特殊事项,17,对集团财务报表审计的特殊考虑,第十一节 与集团管理层和集团治理层的沟通,集团治理层沟通,AUD-00268,逐节扩充题,445—446,456—457,2026年注册会计师全国统一考试辅导教材《审计》,,audit-full-17-11-001
审计,特殊事项,17,对集团财务报表审计的特殊考虑,第十一节 与集团管理层和集团治理层的沟通,组成部分管理层舞弊,AUD-00269,逐节扩充题,445—446,456—457,2026年注册会计师全国统一考试辅导教材《审计》,,audit-full-17-11-002
审计,特殊事项,18,其他特殊项目的审计,第一节 审计会计估计和相关披露,会计估计,AUD-00270,原有起步题,447—449,458—460,2026年注册会计师全国统一考试辅导教材《审计》,,audit-18-01
审计,特殊事项,18,其他特殊项目的审计,第一节 审计会计估计和相关披露,估计责任,AUD-00271,原有起步题,447—449,458—460,2026年注册会计师全国统一考试辅导教材《审计》,,audit-18-02
审计,特殊事项,18,其他特殊项目的审计,第一节 审计会计估计和相关披露,估计例子,AUD-00272,原有起步题,447—449,458—460,2026年注册会计师全国统一考试辅导教材《审计》,,audit-18-03
审计,特殊事项,18,其他特殊项目的审计,第一节 审计会计估计和相关披露,估计不确定性,AUD-00273,原有起步题,447—449,458—460,2026年注册会计师全国统一考试辅导教材《审计》,,audit-18-04
审计,特殊事项,18,其他特殊项目的审计,第一节 审计会计估计和相关披露,估计不确定性,AUD-00274,逐节扩充题,447—461,458—472,2026年注册会计师全国统一考试辅导教材《审计》,,audit-full-18-01-001
审计,特殊事项,18,其他特殊项目的审计,第一节 审计会计估计和相关披露,会计估计应对途径,AUD-00275,逐节扩充题,447—461,458—472,2026年注册会计师全国统一考试辅导教材《审计》,,audit-full-18-01-002
审计,特殊事项,18,其他特殊项目的审计,第一节 审计会计估计和相关披露,区间估计,AUD-00276,逐节扩充题,447—461,458—472,2026年注册会计师全国统一考试辅导教材《审计》,,audit-full-18-01-003
审计,特殊事项,18,其他特殊项目的审计,第一节 审计会计估计和相关披露,估计披露,AUD-00277,逐节扩充题,447—461,458—472,2026年注册会计师全国统一考试辅导教材《审计》,,audit-full-18-01-004
审计,特殊事项,18,其他特殊项目的审计,第二节 关联方的审计,关联方识别,AUD-00278,逐节扩充题,462—469,473—480,2026年注册会计师全国统一考试辅导教材《审计》,,audit-full-18-02-001
审计,特殊事项,18,其他特殊项目的审计,第二节 关联方的审计,非正常关联交易,AUD-00279,逐节扩充题,462—469,473—480,2026年注册会计师全国统一考试辅导教材《审计》,,audit-full-18-02-002
审计,特殊事项,18,其他特殊项目的审计,第二节 关联方的审计,公平交易声明,AUD-00280,逐节扩充题,462—469,473—480,2026年注册会计师全国统一考试辅导教材《审计》,,audit-full-18-02-003
审计,特殊事项,18,其他特殊项目的审计,第三节 考虑持续经营假设,持续经营评估,AUD-00281,逐节扩充题,470—477,481—488,2026年注册会计师全国统一考试辅导教材《审计》,,audit-full-18-03-001
审计,特殊事项,18,其他特殊项目的审计,第三节 考虑持续经营假设,重大不确定性披露充分,AUD-00282,逐节扩充题,470—477,481—488,2026年注册会计师全国统一考试辅导教材《审计》,,audit-full-18-03-002
审计,特殊事项,18,其他特殊项目的审计,第三节 考虑持续经营假设,持续经营基础不适当,AUD-00283,逐节扩充题,470—477,481—488,2026年注册会计师全国统一考试辅导教材《审计》,,audit-full-18-03-003
审计,特殊事项,18,其他特殊项目的审计,第四节 首次接受委托时对期初余额的审计,期初余额目标,AUD-00284,逐节扩充题,478—484,489—495,2026年注册会计师全国统一考试辅导教材《审计》,,audit-full-18-04-001
审计,特殊事项,18,其他特殊项目的审计,第四节 首次接受委托时对期初余额的审计,期初余额证据,AUD-00285,逐节扩充题,478—484,489—495,2026年注册会计师全国统一考试辅导教材《审计》,,audit-full-18-04-002
审计,特殊事项,18,其他特殊项目的审计,第四节 首次接受委托时对期初余额的审计,期初范围限制,AUD-00286,逐节扩充题,478—484,489—495,2026年注册会计师全国统一考试辅导教材《审计》,,audit-full-18-04-003
审计,完成审计与报告,19,完成审计工作,第一节 完成审计工作概述,完成审计工作,AUD-00287,原有起步题,485—487,496—498,2026年注册会计师全国统一考试辅导教材《审计》,,audit-19-01
审计,完成审计与报告,19,完成审计工作,第一节 完成审计工作概述,矛盾信息,AUD-00288,原有起步题,485—487,496—498,2026年注册会计师全国统一考试辅导教材《审计》,,audit-19-02
审计,完成审计与报告,19,完成审计工作,第一节 完成审计工作概述,完成阶段工作,AUD-00289,原有起步题,485—487,496—498,2026年注册会计师全国统一考试辅导教材《审计》,,audit-19-03
审计,完成审计与报告,19,完成审计工作,第一节 完成审计工作概述,整体评价,AUD-00290,原有起步题,485—487,496—498,2026年注册会计师全国统一考试辅导教材《审计》,,audit-19-04
审计,完成审计与报告,19,完成审计工作,第一节 完成审计工作概述,错报累计,AUD-00291,逐节扩充题,485—490,496—501,2026年注册会计师全国统一考试辅导教材《审计》,,audit-full-19-01-001
审计,完成审计与报告,19,完成审计工作,第一节 完成审计工作概述,未更正错报,AUD-00292,逐节扩充题,485—490,496—501,2026年注册会计师全国统一考试辅导教材《审计》,,audit-full-19-01-002
审计,完成审计与报告,19,完成审计工作,第一节 完成审计工作概述,最终分析程序,AUD-00293,逐节扩充题,485—490,496—501,2026年注册会计师全国统一考试辅导教材《审计》,,audit-full-19-01-003
审计,完成审计与报告,19,完成审计工作,第二节 期后事项,期后事项期间,AUD-00294,逐节扩充题,491—496,502—507,2026年注册会计师全国统一考试辅导教材《审计》,,audit-full-19-02-001
审计,完成审计与报告,19,完成审计工作,第二节 期后事项,报告日后知悉事实,AUD-00295,逐节扩充题,491—496,502—507,2026年注册会计师全国统一考试辅导教材《审计》,,audit-full-19-02-002
审计,完成审计与报告,19,完成审计工作,第二节 期后事项,调整与非调整事项,AUD-00296,逐节扩充题,491—496,502—507,2026年注册会计师全国统一考试辅导教材《审计》,,audit-full-19-02-003
审计,完成审计与报告,19,完成审计工作,第三节 书面声明,书面声明作用,AUD-00297,逐节扩充题,497—501,508—512,2026年注册会计师全国统一考试辅导教材《审计》,,audit-full-19-03-001
审计,完成审计与报告,19,完成审计工作,第三节 书面声明,声明日期,AUD-00298,逐节扩充题,497—501,508—512,2026年注册会计师全国统一考试辅导教材《审计》,,audit-full-19-03-002
审计,完成审计与报告,19,完成审计工作,第三节 书面声明,拒绝核心声明,AUD-00299,逐节扩充题,497—501,508—512,2026年注册会计师全国统一考试辅导教材《审计》,,audit-full-19-03-003
审计,完成审计与报告,20,审计报告,第一节 审计报告概述,报告形式,AUD-00300,原有起步题,502—504,513—515,2026年注册会计师全国统一考试辅导教材《审计》,,audit-20-01
审计,完成审计与报告,20,审计报告,第一节 审计报告概述,出具基础,AUD-00301,原有起步题,502—504,513—515,2026年注册会计师全国统一考试辅导教材《审计》,,audit-20-02
审计,完成审计与报告,20,审计报告,第一节 审计报告概述,报告基本认识,AUD-00302,原有起步题,502—504,513—515,2026年注册会计师全国统一考试辅导教材《审计》,,audit-20-03
审计,完成审计与报告,20,审计报告,第一节 审计报告概述,报告与报表,AUD-00303,原有起步题,502—504,513—515,2026年注册会计师全国统一考试辅导教材《审计》,,audit-20-04
审计,完成审计与报告,20,审计报告,第一节 审计报告概述,审计报告作用,AUD-00304,逐节扩充题,502,513,2026年注册会计师全国统一考试辅导教材《审计》,,audit-full-20-01-001
审计,完成审计与报告,20,审计报告,第一节 审计报告概述,报告使用者,AUD-00305,逐节扩充题,502,513,2026年注册会计师全国统一考试辅导教材《审计》,,audit-full-20-01-002
审计,完成审计与报告,20,审计报告,第二节 审计意见的形成,意见形成,AUD-00306,逐节扩充题,503—505,514—516,2026年注册会计师全国统一考试辅导教材《审计》,,audit-full-20-02-001
审计,完成审计与报告,20,审计报告,第二节 审计意见的形成,公允列报,AUD-00307,逐节扩充题,503—505,514—516,2026年注册会计师全国统一考试辅导教材《审计》,,audit-full-20-02-002
审计,完成审计与报告,20,审计报告,第三节 审计报告的基本内容,报告基本结构,AUD-00308,逐节扩充题,506—512,517—523,2026年注册会计师全国统一考试辅导教材《审计》,,audit-full-20-03-001
审计,完成审计与报告,20,审计报告,第三节 审计报告的基本内容,审计报告日,AUD-00309,逐节扩充题,506—512,517—523,2026年注册会计师全国统一考试辅导教材《审计》,,audit-full-20-03-002
审计,完成审计与报告,20,审计报告,第四节 在审计报告中沟通关键审计事项,关键审计事项选择,AUD-00310,逐节扩充题,513—520,524—531,2026年注册会计师全国统一考试辅导教材《审计》,,audit-full-20-04-001
审计,完成审计与报告,20,审计报告,第四节 在审计报告中沟通关键审计事项,关键审计事项替代限制,AUD-00311,逐节扩充题,513—520,524—531,2026年注册会计师全国统一考试辅导教材《审计》,,audit-full-20-04-002
审计,完成审计与报告,20,审计报告,第四节 在审计报告中沟通关键审计事项,关键审计事项内容,AUD-00312,逐节扩充题,513—520,524—531,2026年注册会计师全国统一考试辅导教材《审计》,,audit-full-20-04-003
审计,完成审计与报告,20,审计报告,第五节 非无保留意见审计报告,错报意见矩阵,AUD-00313,逐节扩充题,521—534,532—545,2026年注册会计师全国统一考试辅导教材《审计》,,audit-full-20-05-001
审计,完成审计与报告,20,审计报告,第五节 非无保留意见审计报告,范围限制意见矩阵,AUD-00314,逐节扩充题,521—534,532—545,2026年注册会计师全国统一考试辅导教材《审计》,,audit-full-20-05-002
审计,完成审计与报告,20,审计报告,第五节 非无保留意见审计报告,广泛性,AUD-00315,逐节扩充题,521—534,532—545,2026年注册会计师全国统一考试辅导教材《审计》,,audit-full-20-05-003
审计,完成审计与报告,20,审计报告,第六节 在审计报告中增加强调事项段和其他事项段,强调事项段,AUD-00316,逐节扩充题,535—539,546—550,2026年注册会计师全国统一考试辅导教材《审计》,,audit-full-20-06-001
审计,完成审计与报告,20,审计报告,第六节 在审计报告中增加强调事项段和其他事项段,其他事项段,AUD-00317,逐节扩充题,535—539,546—550,2026年注册会计师全国统一考试辅导教材《审计》,,audit-full-20-06-002
审计,完成审计与报告,20,审计报告,第七节 比较信息,对应数据与比较报表,AUD-00318,逐节扩充题,540—552,551—563,2026年注册会计师全国统一考试辅导教材《审计》,,audit-full-20-07-001
审计,完成审计与报告,20,审计报告,第七节 比较信息,前期非无保留意见,AUD-00319,逐节扩充题,540—552,551—563,2026年注册会计师全国统一考试辅导教材《审计》,,audit-full-20-07-002
审计,完成审计与报告,20,审计报告,第七节 比较信息,前任审计报告,AUD-00320,逐节扩充题,540—552,551—563,2026年注册会计师全国统一考试辅导教材《审计》,,audit-full-20-07-003
审计,完成审计与报告,20,审计报告,第八节 注册会计师对其他信息的责任,其他信息责任,AUD-00321,逐节扩充题,553—558,564—569,2026年注册会计师全国统一考试辅导教材《审计》,,audit-full-20-08-001
审计,完成审计与报告,20,审计报告,第八节 注册会计师对其他信息的责任,其他信息矛盾,AUD-00322,逐节扩充题,553—558,564—569,2026年注册会计师全国统一考试辅导教材《审计》,,audit-full-20-08-002
审计,完成审计与报告,21,审计工作底稿,第一节 审计工作底稿概述,工作底稿,AUD-00323,原有起步题,559—561,570—572,2026年注册会计师全国统一考试辅导教材《审计》,,audit-21-01
审计,完成审计与报告,21,审计工作底稿,第一节 审计工作底稿概述,编制时点,AUD-00324,原有起步题,559—561,570—572,2026年注册会计师全国统一考试辅导教材《审计》,,audit-21-02
审计,完成审计与报告,21,审计工作底稿,第一节 审计工作底稿概述,底稿作用,AUD-00325,原有起步题,559—561,570—572,2026年注册会计师全国统一考试辅导教材《审计》,,audit-21-03
审计,完成审计与报告,21,审计工作底稿,第一节 审计工作底稿概述,记录价值,AUD-00326,原有起步题,559—561,570—572,2026年注册会计师全国统一考试辅导教材《审计》,,audit-21-04
审计,完成审计与报告,21,审计工作底稿,第一节 审计工作底稿概述,底稿目的,AUD-00327,逐节扩充题,559—560,570—571,2026年注册会计师全国统一考试辅导教材《审计》,,audit-full-21-01-001
审计,完成审计与报告,21,审计工作底稿,第一节 审计工作底稿概述,经验丰富审计人员标准,AUD-00328,逐节扩充题,559—560,570—571,2026年注册会计师全国统一考试辅导教材《审计》,,audit-full-21-01-002
审计,完成审计与报告,21,审计工作底稿,第二节 审计工作底稿的格式、要素和范围,底稿识别要素,AUD-00329,逐节扩充题,561—566,572—577,2026年注册会计师全国统一考试辅导教材《审计》,,audit-full-21-02-001
审计,完成审计与报告,21,审计工作底稿,第二节 审计工作底稿的格式、要素和范围,重大判断记录,AUD-00330,逐节扩充题,561—566,572—577,2026年注册会计师全国统一考试辅导教材《审计》,,audit-full-21-02-002
审计,完成审计与报告,21,审计工作底稿,第三节 审计工作底稿的归档,归档期限,AUD-00331,逐节扩充题,567—572,578—583,2026年注册会计师全国统一考试辅导教材《审计》,,audit-full-21-03-001
审计,完成审计与报告,21,审计工作底稿,第三节 审计工作底稿的归档,保存期限,AUD-00332,逐节扩充题,567—572,578—583,2026年注册会计师全国统一考试辅导教材《审计》,,audit-full-21-03-002
审计,完成审计与报告,21,审计工作底稿,第三节 审计工作底稿的归档,归档后修改,AUD-00333,逐节扩充题,567—572,578—583,2026年注册会计师全国统一考试辅导教材《审计》,,audit-full-21-03-003
审计,内控与可持续信息鉴证,22,企业内部控制审计,第一节 内部控制审计的概念,内部控制参与者,AUD-00334,原有起步题,573—575,584—586,2026年注册会计师全国统一考试辅导教材《审计》,,audit-22-01
审计,内控与可持续信息鉴证,22,企业内部控制审计,第一节 内部控制审计的概念,控制目标,AUD-00335,原有起步题,573—575,584—586,2026年注册会计师全国统一考试辅导教材《审计》,,audit-22-02
审计,内控与可持续信息鉴证,22,企业内部控制审计,第一节 内部控制审计的概念,内部控制目标,AUD-00336,原有起步题,573—575,584—586,2026年注册会计师全国统一考试辅导教材《审计》,,audit-22-03
审计,内控与可持续信息鉴证,22,企业内部控制审计,第一节 内部控制审计的概念,授权控制,AUD-00337,原有起步题,573—575,584—586,2026年注册会计师全国统一考试辅导教材《审计》,,audit-22-04
审计,内控与可持续信息鉴证,22,企业内部控制审计,第一节 内部控制审计的概念,内部控制审计对象,AUD-00338,逐节扩充题,573—575,584—586,2026年注册会计师全国统一考试辅导教材《审计》,,audit-full-22-01-001
审计,内控与可持续信息鉴证,22,企业内部控制审计,第一节 内部控制审计的概念,整合审计,AUD-00339,逐节扩充题,573—575,584—586,2026年注册会计师全国统一考试辅导教材《审计》,,audit-full-22-01-002
审计,内控与可持续信息鉴证,22,企业内部控制审计,第二节 计划内部控制审计工作,内控审计计划,AUD-00340,逐节扩充题,576—578,587—589,2026年注册会计师全国统一考试辅导教材《审计》,,audit-full-22-02-001
审计,内控与可持续信息鉴证,22,企业内部控制审计,第二节 计划内部控制审计工作,舞弊风险与计划,AUD-00341,逐节扩充题,576—578,587—589,2026年注册会计师全国统一考试辅导教材《审计》,,audit-full-22-02-002
审计,内控与可持续信息鉴证,22,企业内部控制审计,第三节 自上而下的方法,自上而下方法,AUD-00342,逐节扩充题,579—583,590—594,2026年注册会计师全国统一考试辅导教材《审计》,,audit-full-22-03-001
审计,内控与可持续信息鉴证,22,企业内部控制审计,第三节 自上而下的方法,控制选择,AUD-00343,逐节扩充题,579—583,590—594,2026年注册会计师全国统一考试辅导教材《审计》,,audit-full-22-03-002
审计,内控与可持续信息鉴证,22,企业内部控制审计,第四节 测试控制的有效性,设计与运行有效,AUD-00344,逐节扩充题,584—591,595—602,2026年注册会计师全国统一考试辅导教材《审计》,,audit-full-22-04-001
审计,内控与可持续信息鉴证,22,企业内部控制审计,第四节 测试控制的有效性,控制测试性质,AUD-00345,逐节扩充题,584—591,595—602,2026年注册会计师全国统一考试辅导教材《审计》,,audit-full-22-04-002
审计,内控与可持续信息鉴证,22,企业内部控制审计,第四节 测试控制的有效性,整改后测试,AUD-00346,逐节扩充题,584—591,595—602,2026年注册会计师全国统一考试辅导教材《审计》,,audit-full-22-04-003
审计,内控与可持续信息鉴证,22,企业内部控制审计,第五节 企业层面控制的测试,企业层面控制,AUD-00347,逐节扩充题,592—601,603—612,2026年注册会计师全国统一考试辅导教材《审计》,,audit-full-22-05-001
审计,内控与可持续信息鉴证,22,企业内部控制审计,第五节 企业层面控制的测试,管理层监督控制,AUD-00348,逐节扩充题,592—601,603—612,2026年注册会计师全国统一考试辅导教材《审计》,,audit-full-22-05-002
审计,内控与可持续信息鉴证,22,企业内部控制审计,第六节 业务流程、应用系统或交易层面的控制的测试,业务流程控制,AUD-00349,逐节扩充题,602—612,613—623,2026年注册会计师全国统一考试辅导教材《审计》,,audit-full-22-06-001
审计,内控与可持续信息鉴证,22,企业内部控制审计,第六节 业务流程、应用系统或交易层面的控制的测试,自动与人工依赖,AUD-00350,逐节扩充题,602—612,613—623,2026年注册会计师全国统一考试辅导教材《审计》,,audit-full-22-06-002
审计,内控与可持续信息鉴证,22,企业内部控制审计,第七节 信息技术控制的测试,信息技术内控测试,AUD-00351,逐节扩充题,613—615,624—626,2026年注册会计师全国统一考试辅导教材《审计》,,audit-full-22-07-001
审计,内控与可持续信息鉴证,22,企业内部控制审计,第七节 信息技术控制的测试,权限定期复核,AUD-00352,逐节扩充题,613—615,624—626,2026年注册会计师全国统一考试辅导教材《审计》,,audit-full-22-07-002
审计,内控与可持续信息鉴证,22,企业内部控制审计,第八节 内部控制缺陷评价,缺陷严重程度,AUD-00353,逐节扩充题,616—620,627—631,2026年注册会计师全国统一考试辅导教材《审计》,,audit-full-22-08-001
审计,内控与可持续信息鉴证,22,企业内部控制审计,第八节 内部控制缺陷评价,重大缺陷,AUD-00354,逐节扩充题,616—620,627—631,2026年注册会计师全国统一考试辅导教材《审计》,,audit-full-22-08-002
审计,内控与可持续信息鉴证,22,企业内部控制审计,第八节 内部控制缺陷评价,补偿性控制,AUD-00355,逐节扩充题,616—620,627—631,2026年注册会计师全国统一考试辅导教材《审计》,,audit-full-22-08-003
审计,内控与可持续信息鉴证,22,企业内部控制审计,第九节 完成内部控制审计工作,缺陷沟通,AUD-00356,逐节扩充题,621—622,632—633,2026年注册会计师全国统一考试辅导教材《审计》,,audit-full-22-09-001
审计,内控与可持续信息鉴证,22,企业内部控制审计,第九节 完成内部控制审计工作,内控书面声明,AUD-00357,逐节扩充题,621—622,632—633,2026年注册会计师全国统一考试辅导教材《审计》,,audit-full-22-09-002
审计,内控与可持续信息鉴证,22,企业内部控制审计,第十节 出具内部控制审计报告,重大缺陷意见,AUD-00358,逐节扩充题,623—632,634—643,2026年注册会计师全国统一考试辅导教材《审计》,,audit-full-22-10-001
审计,内控与可持续信息鉴证,22,企业内部控制审计,第十节 出具内部控制审计报告,内控范围限制,AUD-00359,逐节扩充题,623—632,634—643,2026年注册会计师全国统一考试辅导教材《审计》,,audit-full-22-10-002
审计,内控与可持续信息鉴证,22,企业内部控制审计,第十节 出具内部控制审计报告,非财报重大缺陷,AUD-00360,逐节扩充题,623—632,634—643,2026年注册会计师全国统一考试辅导教材《审计》,,audit-full-22-10-003
审计,内控与可持续信息鉴证,23,企业可持续信息鉴证,第一节 可持续信息鉴证业务概述,可持续信息,AUD-00361,原有起步题,633—635,644—646,2026年注册会计师全国统一考试辅导教材《审计》,,audit-23-01
审计,内控与可持续信息鉴证,23,企业可持续信息鉴证,第一节 可持续信息鉴证业务概述,鉴证目的,AUD-00362,原有起步题,633—635,644—646,2026年注册会计师全国统一考试辅导教材《审计》,,audit-23-02
审计,内控与可持续信息鉴证,23,企业可持续信息鉴证,第一节 可持续信息鉴证业务概述,鉴证基本要求,AUD-00363,原有起步题,633—635,644—646,2026年注册会计师全国统一考试辅导教材《审计》,,audit-23-03
审计,内控与可持续信息鉴证,23,企业可持续信息鉴证,第一节 可持续信息鉴证业务概述,部分信息鉴证,AUD-00364,原有起步题,633—635,644—646,2026年注册会计师全国统一考试辅导教材《审计》,,audit-23-04
审计,内控与可持续信息鉴证,23,企业可持续信息鉴证,第一节 可持续信息鉴证业务概述,可持续信息对象,AUD-00365,逐节扩充题,633—635,644—646,2026年注册会计师全国统一考试辅导教材《审计》,,audit-full-23-01-001
审计,内控与可持续信息鉴证,23,企业可持续信息鉴证,第一节 可持续信息鉴证业务概述,保证程度选择,AUD-00366,逐节扩充题,633—635,644—646,2026年注册会计师全国统一考试辅导教材《审计》,,audit-full-23-01-002
审计,内控与可持续信息鉴证,23,企业可持续信息鉴证,第二节 可持续信息鉴证业务的承接与保持,承接前提,AUD-00367,逐节扩充题,636—638,647—649,2026年注册会计师全国统一考试辅导教材《审计》,,audit-full-23-02-001
审计,内控与可持续信息鉴证,23,企业可持续信息鉴证,第二节 可持续信息鉴证业务的承接与保持,胜任能力与资源,AUD-00368,逐节扩充题,636—638,647—649,2026年注册会计师全国统一考试辅导教材《审计》,,audit-full-23-02-002
审计,内控与可持续信息鉴证,23,企业可持续信息鉴证,第三节 计划鉴证工作,鉴证范围与边界,AUD-00369,逐节扩充题,639—641,650—652,2026年注册会计师全国统一考试辅导教材《审计》,,audit-full-23-03-001
审计,内控与可持续信息鉴证,23,企业可持续信息鉴证,第三节 计划鉴证工作,定量与定性重要性,AUD-00370,逐节扩充题,639—641,650—652,2026年注册会计师全国统一考试辅导教材《审计》,,audit-full-23-03-002
审计,内控与可持续信息鉴证,23,企业可持续信息鉴证,第四节 风险评估,可持续错报风险,AUD-00371,逐节扩充题,642—645,653—656,2026年注册会计师全国统一考试辅导教材《审计》,,audit-full-23-04-001
审计,内控与可持续信息鉴证,23,企业可持续信息鉴证,第四节 风险评估,漂绿与偏向,AUD-00372,逐节扩充题,642—645,653—656,2026年注册会计师全国统一考试辅导教材《审计》,,audit-full-23-04-002
审计,内控与可持续信息鉴证,23,企业可持续信息鉴证,第五节 应对重大错报风险,应对鉴证风险,AUD-00373,逐节扩充题,646—650,657—661,2026年注册会计师全国统一考试辅导教材《审计》,,audit-full-23-05-001
审计,内控与可持续信息鉴证,23,企业可持续信息鉴证,第五节 应对重大错报风险,价值链信息,AUD-00374,逐节扩充题,646—650,657—661,2026年注册会计师全国统一考试辅导教材《审计》,,audit-full-23-05-002
审计,内控与可持续信息鉴证,23,企业可持续信息鉴证,第五节 应对重大错报风险,有限保证程序,AUD-00375,逐节扩充题,646—650,657—661,2026年注册会计师全国统一考试辅导教材《审计》,,audit-full-23-05-003
审计,内控与可持续信息鉴证,23,企业可持续信息鉴证,第六节 完成鉴证工作和出具鉴证报告,鉴证结论形成,AUD-00376,逐节扩充题,651—660,662—671,2026年注册会计师全国统一考试辅导教材《审计》,,audit-full-23-06-001
审计,内控与可持续信息鉴证,23,企业可持续信息鉴证,第六节 完成鉴证工作和出具鉴证报告,鉴证报告清晰性,AUD-00377,逐节扩充题,651—660,662—671,2026年注册会计师全国统一考试辅导教材《审计》,,audit-full-23-06-002
审计,内控与可持续信息鉴证,23,企业可持续信息鉴证,第六节 完成鉴证工作和出具鉴证报告,报告日前程序,AUD-00378,逐节扩充题,651—660,662—671,2026年注册会计师全国统一考试辅导教材《审计》,,audit-full-23-06-003
审计,内控与可持续信息鉴证,23,企业可持续信息鉴证,第七节 可持续信息鉴证业务的质量管理,鉴证质量管理,AUD-00379,逐节扩充题,661—666,672—677,2026年注册会计师全国统一考试辅导教材《审计》,,audit-full-23-07-001
审计,内控与可持续信息鉴证,23,企业可持续信息鉴证,第七节 可持续信息鉴证业务的质量管理,专家参与质量,AUD-00380,逐节扩充题,661—666,672—677,2026年注册会计师全国统一考试辅导教材《审计》,,audit-full-23-07-002
审计,质量管理,24,会计师事务所业务质量管理,第一节 会计师事务所质量管理体系,质量管理体系,AUD-00381,原有起步题,667—669,678—680,2026年注册会计师全国统一考试辅导教材《审计》,,audit-24-01
审计,质量管理,24,会计师事务所业务质量管理,第一节 会计师事务所质量管理体系,质量管理目标,AUD-00382,原有起步题,667—669,678—680,2026年注册会计师全国统一考试辅导教材《审计》,,audit-24-02
审计,质量管理,24,会计师事务所业务质量管理,第一节 会计师事务所质量管理体系,质量管理工作,AUD-00383,原有起步题,667—669,678—680,2026年注册会计师全国统一考试辅导教材《审计》,,audit-24-03
审计,质量管理,24,会计师事务所业务质量管理,第一节 会计师事务所质量管理体系,复核与体系,AUD-00384,原有起步题,667—669,678—680,2026年注册会计师全国统一考试辅导教材《审计》,,audit-24-04
审计,质量管理,24,会计师事务所业务质量管理,第一节 会计师事务所质量管理体系,质量管理方法,AUD-00385,逐节扩充题,667—681,678—692,2026年注册会计师全国统一考试辅导教材《审计》,,audit-full-24-01-001
审计,质量管理,24,会计师事务所业务质量管理,第一节 会计师事务所质量管理体系,质量管理组成,AUD-00386,逐节扩充题,667—681,678—692,2026年注册会计师全国统一考试辅导教材《审计》,,audit-full-24-01-002
审计,质量管理,24,会计师事务所业务质量管理,第一节 会计师事务所质量管理体系,监控与整改,AUD-00387,逐节扩充题,667—681,678—692,2026年注册会计师全国统一考试辅导教材《审计》,,audit-full-24-01-003
审计,质量管理,24,会计师事务所业务质量管理,第一节 会计师事务所质量管理体系,质量责任,AUD-00388,逐节扩充题,667—681,678—692,2026年注册会计师全国统一考试辅导教材《审计》,,audit-full-24-01-004
审计,质量管理,24,会计师事务所业务质量管理,第二节 项目质量复核,项目质量复核目的,AUD-00389,逐节扩充题,682—684,693—695,2026年注册会计师全国统一考试辅导教材《审计》,,audit-full-24-02-001
审计,质量管理,24,会计师事务所业务质量管理,第二节 项目质量复核,复核人员客观性,AUD-00390,逐节扩充题,682—684,693—695,2026年注册会计师全国统一考试辅导教材《审计》,,audit-full-24-02-002
审计,质量管理,24,会计师事务所业务质量管理,第二节 项目质量复核,复核完成时点,AUD-00391,逐节扩充题,682—684,693—695,2026年注册会计师全国统一考试辅导教材《审计》,,audit-full-24-02-003
审计,质量管理,24,会计师事务所业务质量管理,第三节 对财务报表审计实施的质量管理,项目合伙人责任,AUD-00392,逐节扩充题,685—693,696—704,2026年注册会计师全国统一考试辅导教材《审计》,,audit-full-24-03-001
审计,质量管理,24,会计师事务所业务质量管理,第三节 对财务报表审计实施的质量管理,指导监督复核,AUD-00393,逐节扩充题,685—693,696—704,2026年注册会计师全国统一考试辅导教材《审计》,,audit-full-24-03-002
审计,质量管理,24,会计师事务所业务质量管理,第三节 对财务报表审计实施的质量管理,意见分歧,AUD-00394,逐节扩充题,685—693,696—704,2026年注册会计师全国统一考试辅导教材《审计》,,audit-full-24-03-003
